priority_rank,lane,outlet_id,outlet_name,outlet_type,region,city,rep_id,rep_name,churn_probability,risk_tier,revenue_at_stake_m,expected_loss_m,recency_days,reason_1,reason_2,reason_3,action
1.0000,Revenue lane,OUT-10696,Swalayan Barokah Pekalongan 1,Supermarket,Jawa Tengah,Pekalongan,SR-JTG-05,Budi,0.7302,High,528.0440,385.5734,40,No order for 40 days,Pays 12 days late on average,No rep visit for 57 days,Call this week to confirm next order; check shelf stock
2.0000,Revenue lane,OUT-12299,Supermarket Barokah Depok,Supermarket,Jabodetabek,Depok,SR-JKT-04,Dewi,0.1767,Medium,992.7240,175.3990,7,No rep visit on record,Pays 8 days late on average,0 rep visits in 60 days,Book a rep visit within 7 days
3.0000,Revenue lane,OUT-11308,Swalayan Bahagia Sidoarjo,Supermarket,Jawa Timur,Sidoarjo,SR-JTM-06,Lukman,0.2204,Medium,777.5120,171.3445,14,No order for 14 days,Pays 12 days late on average,4 complaint(s) in 90 days,Call this week to confirm next order; check shelf stock
4.0000,Revenue lane,OUT-12380,Swalayan Tunas Baru Sidoarjo,Supermarket,Jawa Timur,Sidoarjo,SR-JTM-01,Gita,0.5621,High,286.5120,161.0447,33,No order for 33 days,Pays 9 days late on average,Only 7 orders in 90 days (typical healthy: 10),Call this week to confirm next order; check shelf stock
5.0000,Revenue lane,OUT-11425,UD Segar Jaya Cirebon,Grosir,Jawa Barat,Cirebon,SR-JBR-07,Dimas,0.6598,High,232.1680,153.1907,47,No order for 47 days,Pays 14 days late on average,Only 6 orders in 90 days (typical healthy: 10),Call this week to confirm next order; check shelf stock
6.0000,Revenue lane,OUT-10697,Toko Grosir Setia Kawan,Grosir,Jawa Timur,Kediri,SR-JTM-07,Maya,0.5094,High,266.6640,135.8458,42,No order for 42 days,Pays 9 days late on average,No rep visit for 107 days,Call this week to confirm next order; check shelf stock
7.0000,Revenue lane,OUT-10998,Supermarket Damai 5,Supermarket,Jabodetabek,Bogor,SR-JKT-13,Maya,0.1857,Medium,731.1000,135.7579,22,No order for 22 days,Pays 8 days late on average,1 rep visits in 60 days,Call this week to confirm next order; check shelf stock
8.0000,Revenue lane,OUT-11005,Swalayan Maju Jaya Gresik,Supermarket,Jawa Timur,Gresik,SR-JTM-05,Kartika,0.9671,High,112.3480,108.6569,69,No order for 69 days,Only 2 orders in 90 days (typical healthy: 10),Pays 22 days late on average,Call this week to confirm next order; check shelf stock
9.0000,Revenue lane,OUT-10979,Toko Grosir Makmur Semarang,Grosir,Jawa Tengah,Semarang,SR-JTG-03,Lestari,0.5358,High,196.9320,105.5181,42,No order for 42 days,No rep visit for 140 days,Pays 8 days late on average,Call this week to confirm next order; check shelf stock
10.0000,Revenue lane,OUT-10061,Grosir Bintang Timur Gresik,Grosir,Jawa Timur,Gresik,SR-JTM-07,Maya,0.4969,High,200.6840,99.7150,51,No order for 51 days,3 complaint(s) in 90 days,Only 7 orders in 90 days (typical healthy: 10),Call this week to confirm next order; check shelf stock
11.0000,Revenue lane,OUT-10749,Toko Grosir Karya Mandiri Gresik 1,Grosir,Jawa Timur,Gresik,SR-JTM-09,Putri,0.3021,Medium,298.0720,90.0439,46,No order for 46 days,Only 6 orders in 90 days (typical healthy: 10),No rep visit for 187 days,Call this week to confirm next order; check shelf stock
12.0000,Revenue lane,OUT-10391,UD Damai Kediri,Grosir,Jawa Timur,Kediri,SR-JTM-03,Indra,0.3382,Medium,242.6480,82.0629,8,Pays 23 days late on average,Only 7 orders in 90 days (typical healthy: 10),No order for 8 days,Agree a payment plan with Finance before pushing new stock
13.0000,Revenue lane,OUT-12530,Swalayan Segar Jaya Malang,Supermarket,Jawa Timur,Malang,SR-JTM-03,Indra,0.1490,Low,542.8240,80.8697,12,No order for 12 days,Pays 8 days late on average,Jawa Timur: regional churn running high,Call this week to confirm next order; check shelf stock
14.0000,Revenue lane,OUT-11792,Grosir Cahaya,Grosir,Jawa Barat,Cimahi,SR-JBR-09,Hadi,0.3757,High,208.1320,78.1999,31,No order for 31 days,Only 4 orders in 90 days (typical healthy: 10),Pays 10 days late on average,Call this week to confirm next order; check shelf stock
15.0000,Revenue lane,OUT-11486,Supermarket Lancar Barat,Supermarket,Jabodetabek,Jakarta Barat,SR-JKT-16,Rizky,0.1060,Low,674.0000,71.4568,15,No order for 15 days,Pays 11 days late on average,Revenue -69% vs prior 90 days,Call this week to confirm next order; check shelf stock
16.0000,Revenue lane,OUT-11451,Supermarket Makmur Malang,Supermarket,Jawa Timur,Malang,SR-JTM-10,Rizky,0.0840,Low,824.4160,69.2610,8,Pays 11 days late on average,No order for 8 days,Jawa Timur: regional churn running high,Agree a payment plan with Finance before pushing new stock
17.0000,Revenue lane,OUT-10054,Toko Grosir Mekar Sari Surabaya 4,Grosir,Jawa Timur,Surabaya,SR-JTM-04,Joko,0.6734,High,102.0520,68.7254,64,No order for 64 days,Only 3 orders in 90 days (typical healthy: 10),No rep visit for 75 days,Call this week to confirm next order; check shelf stock
18.0000,Revenue lane,OUT-11650,Toko Grosir Berkah,Grosir,Jawa Timur,Gresik,SR-JTM-04,Joko,0.8739,High,78.0680,68.2230,54,No order for 54 days,Pays 27 days late on average,Only 4 orders in 90 days (typical healthy: 10),Call this week to confirm next order; check shelf stock
19.0000,Revenue lane,OUT-10078,UD Pelita,Grosir,Jawa Timur,Malang,SR-JTM-02,Hendra,0.2560,Medium,265.9080,68.0751,27,No order for 27 days,Pays 16 days late on average,Only 7 orders in 90 days (typical healthy: 10),Call this week to confirm next order; check shelf stock
20.0000,Revenue lane,OUT-10566,Grosir Karya Mandiri,Grosir,Jawa Timur,Sidoarjo,SR-JTM-09,Putri,0.1466,Low,463.0600,67.8650,8,Pays 7 days late on average,No order for 8 days,Jawa Timur: regional churn running high,Agree a payment plan with Finance before pushing new stock
21.0000,Revenue lane,OUT-11159,Swalayan Mekar Sari Karawang,Supermarket,Jawa Barat,Karawang,SR-JBR-08,Fitri,0.0943,Low,646.2200,60.9603,18,No order for 18 days,Pays 9 days late on average,No rep visit for 29 days,Call this week to confirm next order; check shelf stock
22.0000,Revenue lane,OUT-10050,Toko Grosir Barokah,Grosir,Jabodetabek,Bekasi,SR-JKT-09,Indra,0.7833,High,74.1520,58.0864,59,No order for 59 days,Only 3 orders in 90 days (typical healthy: 10),Pays 18 days late on average,Call this week to confirm next order; check shelf stock
23.0000,Revenue lane,OUT-11777,UD Cahaya Gresik,Grosir,Jawa Timur,Gresik,SR-JTM-04,Joko,0.2304,Medium,249.9960,57.5893,14,No order for 14 days,Pays 9 days late on average,2 complaint(s) in 90 days,Call this week to confirm next order; check shelf stock
24.0000,Revenue lane,OUT-10799,UD Murah Meriah Malang,Grosir,Jawa Timur,Malang,SR-JTM-06,Lukman,0.2138,Medium,266.6280,56.9989,10,Pays 15 days late on average,No order for 10 days,3 complaint(s) in 90 days,Agree a payment plan with Finance before pushing new stock
25.0000,Revenue lane,OUT-11718,UD Indah Purwokerto,Grosir,Jawa Tengah,Purwokerto,SR-JTG-02,Yudi,0.2622,Medium,215.5160,56.4986,40,No order for 40 days,Pays 8 days late on average,Only 7 orders in 90 days (typical healthy: 10),Call this week to confirm next order; check shelf stock
26.0000,Revenue lane,OUT-12409,UD Harapan Baru Bandung 5,Grosir,Jawa Barat,Bandung,SR-JBR-05,Agus,0.7884,High,70.7680,55.7947,61,No order for 61 days,Only 4 orders in 90 days (typical healthy: 10),Only 6 SKUs per order (typical healthy: 10),Call this week to confirm next order; check shelf stock
27.0000,Revenue lane,OUT-11278,Supermarket Damai Bekasi,Supermarket,Jabodetabek,Bekasi,SR-JKT-14,Nanda,0.1067,Low,496.1560,52.9509,33,No order for 33 days,Only 6 orders in 90 days (typical healthy: 10),Revenue -61% vs prior 90 days,Call this week to confirm next order; check shelf stock
28.0000,Revenue lane,OUT-10122,Toko Grosir Mekar Sari Kediri,Grosir,Jawa Timur,Kediri,SR-JTM-04,Joko,0.1784,Medium,296.2280,52.8367,6,Pays 10 days late on average,No rep visit for 169 days,Jawa Timur: regional churn running high,Agree a payment plan with Finance before pushing new stock
29.0000,Revenue lane,OUT-10191,Toko Grosir Damai Parepare,Grosir,Sulawesi Selatan,Parepare,SR-SLS-02,Fitri,0.3037,Medium,169.4200,51.4543,14,No order for 14 days,Only 6 orders in 90 days (typical healthy: 10),Pays 10 days late on average,Call this week to confirm next order; check shelf stock
30.0000,Revenue lane,OUT-10532,Swalayan Setia Kawan,Supermarket,Jawa Timur,Gresik,SR-JTM-04,Joko,0.1208,Low,416.6480,50.3263,1,No rep visit on record,Pays 10 days late on average,Jawa Timur: regional churn running high,Book a rep visit within 7 days
31.0000,Revenue lane,OUT-10091,Swalayan Makmur Bogor,Supermarket,Jabodetabek,Bogor,SR-JKT-14,Nanda,0.0534,Low,930.5240,49.6670,11,No order for 11 days,2 complaint(s) in 90 days,No rep visit for 44 days,Call this week to confirm next order; check shelf stock
32.0000,Revenue lane,OUT-11869,Swalayan Karya Mandiri Solo,Supermarket,Jawa Tengah,Solo,SR-JTG-02,Yudi,0.1237,Low,399.2880,49.3999,28,No order for 28 days,Pays 8 days late on average,Only 7 orders in 90 days (typical healthy: 10),Call this week to confirm next order; check shelf stock
33.0000,Revenue lane,OUT-10920,UD Subur Pekalongan,Grosir,Jawa Tengah,Pekalongan,SR-JTG-01,Teguh,0.7626,High,64.2120,48.9669,78,No order for 78 days,Only 2 orders in 90 days (typical healthy: 10),No rep visit for 110 days,Call this week to confirm next order; check shelf stock
34.0000,Revenue lane,OUT-10780,Swalayan Cahaya Pematangsiantar,Supermarket,Sumatera Utara,Pematangsiantar,SR-SMU-06,Bayu,0.0686,Low,709.7440,48.6944,10,No order for 10 days,Pays 7 days late on average,No rep visit for 52 days,Call this week to confirm next order; check shelf stock
35.0000,Revenue lane,OUT-11265,Supermarket Mekar Sari Purwokerto 6,Supermarket,Jawa Tengah,Purwokerto,SR-JTG-01,Teguh,0.0880,Low,552.1920,48.5928,18,No order for 18 days,Pays 6 days late on average,Revenue -56% vs prior 90 days,Call this week to confirm next order; check shelf stock
36.0000,Revenue lane,OUT-12062,Supermarket Lancar Bogor,Supermarket,Jabodetabek,Bogor,SR-JKT-09,Indra,0.0755,Low,635.7520,48.0231,29,No order for 29 days,Pays 7 days late on average,New partner (6 months),Call this week to confirm next order; check shelf stock
37.0000,Revenue lane,OUT-12432,Toko Grosir Bahagia 6,Grosir,Jawa Timur,Surabaya,SR-JTM-04,Joko,0.4426,High,105.6640,46.7675,29,No order for 29 days,Pays 14 days late on average,Only 6 orders in 90 days (typical healthy: 10),Call this week to confirm next order; check shelf stock
38.0000,Revenue lane,OUT-11257,Toko Grosir Subur,Grosir,Jawa Timur,Sidoarjo,SR-JTM-01,Gita,0.1486,Low,307.8920,45.7519,10,No order for 10 days,2 complaint(s) in 90 days,Jawa Timur: regional churn running high,Call this week to confirm next order; check shelf stock
39.0000,Revenue lane,OUT-11892,Grosir Damai Kediri,Grosir,Jawa Timur,Kediri,SR-JTM-01,Gita,0.3541,High,125.7440,44.5224,36,No order for 36 days,Only 5 orders in 90 days (typical healthy: 10),Pays 11 days late on average,Call this week to confirm next order; check shelf stock
40.0000,Revenue lane,OUT-10318,Grosir Sinar Abadi,Grosir,Jawa Timur,Sidoarjo,SR-JTM-08,Nanda,0.0957,Low,454.7000,43.5145,16,No order for 16 days,Jawa Timur: regional churn running high,1 complaint(s) in 90 days,Call this week to confirm next order; check shelf stock
41.0000,Revenue lane,OUT-10118,Swalayan Setia Kawan Malang,Supermarket,Jawa Timur,Malang,SR-JTM-05,Kartika,0.0573,Low,759.3200,43.4906,4,Pays 15 days late on average,Jawa Timur: regional churn running high,1 complaint(s) in 90 days,Agree a payment plan with Finance before pushing new stock
42.0000,Revenue lane,OUT-11583,Grosir Sumber Rezeki Cirebon 1,Grosir,Jawa Barat,Cirebon,SR-JBR-02,Taufik,0.5135,High,84.2400,43.2552,31,No order for 31 days,Only 3 orders in 90 days (typical healthy: 10),2 complaint(s) in 90 days,Call this week to confirm next order; check shelf stock
43.0000,Revenue lane,OUT-12019,Mini Market Damai Semarang 8,Minimarket,Jawa Tengah,Semarang,SR-JTG-01,Teguh,0.8860,High,47.9320,42.4674,67,No order for 67 days,Only 3 orders in 90 days (typical healthy: 10),Only 5 SKUs per order (typical healthy: 10),Call this week to confirm next order; check shelf stock
44.0000,Revenue lane,OUT-11126,UD Indah Pekalongan,Grosir,Jawa Tengah,Pekalongan,SR-JTG-02,Yudi,0.8477,High,48.8680,41.4239,76,Only 1 orders in 90 days (typical healthy: 10),No order for 76 days,Pays 7 days late on average,Call this week to confirm next order; check shelf stock
45.0000,Revenue lane,OUT-12262,Swalayan Sejahtera Gowa,Supermarket,Sulawesi Selatan,Gowa,SR-SLS-05,Rina,0.1240,Low,329.9360,40.9025,5,Pays 16 days late on average,Only 8 orders in 90 days (typical healthy: 10),Revenue -75% vs prior 90 days,Agree a payment plan with Finance before pushing new stock
46.0000,Revenue lane,OUT-12100,UD Karya Mandiri Bekasi 7,Grosir,Jabodetabek,Bekasi,SR-JKT-02,Budi,0.4694,High,85.5640,40.1674,67,No order for 67 days,Only 3 orders in 90 days (typical healthy: 10),Revenue -75% vs prior 90 days,Call this week to confirm next order; check shelf stock
47.0000,Revenue lane,OUT-10941,Swalayan Bintang Timur 4,Supermarket,Jabodetabek,Bogor,SR-JKT-15,Putri,0.0929,Low,431.3680,40.0841,5,Pays 12 days late on average,1 complaint(s) in 90 days,Revenue -48% vs prior 90 days,Agree a payment plan with Finance before pushing new stock
48.0000,Revenue lane,OUT-11673,Toko Grosir Indah Malang 5,Grosir,Jawa Timur,Malang,SR-JTM-05,Kartika,0.3332,Medium,118.0240,39.3298,13,Pays 19 days late on average,Only 5 orders in 90 days (typical healthy: 10),No order for 13 days,Agree a payment plan with Finance before pushing new stock
49.0000,Revenue lane,OUT-10175,Toko Grosir Karya Mandiri 7,Grosir,Jabodetabek,Tangerang,SR-JKT-04,Dewi,0.2104,Medium,185.5120,39.0374,19,No order for 19 days,Only 7 orders in 90 days (typical healthy: 10),Pays 7 days late on average,Call this week to confirm next order; check shelf stock
50.0000,Revenue lane,OUT-11259,UD Makmur Magelang,Grosir,Jawa Tengah,Magelang,SR-JTG-09,Fajar,0.1520,Medium,248.3760,37.7640,43,No order for 43 days,No rep visit for 68 days,0 rep visits in 60 days,Call this week to confirm next order; check shelf stock
51.0000,Revenue lane,OUT-11426,Supermarket Pelita 7,Supermarket,Jawa Barat,Cirebon,SR-JBR-07,Dimas,0.0564,Low,666.2600,37.6057,12,No order for 12 days,Pays 11 days late on average,Revenue -55% vs prior 90 days,Call this week to confirm next order; check shelf stock
52.0000,Revenue lane,OUT-11987,Toko Harapan Baru Tangerang 2,Minimarket,Jabodetabek,Tangerang,SR-JKT-11,Kartika,0.8030,High,46.7760,37.5606,63,No order for 63 days,Only 3 orders in 90 days (typical healthy: 10),Pays 23 days late on average,Call this week to confirm next order; check shelf stock
53.0000,Revenue lane,OUT-12510,UD Makmur Kediri,Grosir,Jawa Timur,Kediri,SR-JTM-09,Putri,0.1759,Medium,212.2400,37.3425,23,No order for 23 days,Jawa Timur: regional churn running high,Only 8 orders in 90 days (typical healthy: 10),Call this week to confirm next order; check shelf stock
54.0000,Revenue lane,OUT-12450,Supermarket Makmur Semarang,Supermarket,Jawa Tengah,Semarang,SR-JTG-07,Dewi,0.0543,Low,687.3240,37.3254,4,Pays 11 days late on average,SKU range -30% vs prior 90 days,Revenue -23% vs prior 90 days,Agree a payment plan with Finance before pushing new stock
55.0000,Revenue lane,OUT-12083,Grosir Cahaya Surabaya 2,Grosir,Jawa Timur,Surabaya,SR-JTM-06,Lukman,0.0655,Low,550.5280,36.0869,8,Pays 8 days late on average,2 complaint(s) in 90 days,No order for 8 days,Agree a payment plan with Finance before pushing new stock
56.0000,Revenue lane,OUT-10127,UD Sentosa,Grosir,Jawa Barat,Karawang,SR-JBR-03,Wulan,0.1071,Low,291.3760,31.2017,23,No order for 23 days,Pays 8 days late on average,Only 9 orders in 90 days (typical healthy: 10),Call this week to confirm next order; check shelf stock
57.0000,Revenue lane,OUT-12264,Grosir Makmur Bogor 2,Grosir,Jabodetabek,Bogor,SR-JKT-12,Lukman,0.9454,High,32.8280,31.0358,79,No order for 79 days,Only 2 orders in 90 days (typical healthy: 10),Only 4 SKUs per order (typical healthy: 10),Call this week to confirm next order; check shelf stock
58.0000,Revenue lane,OUT-10935,UD Tunas Baru Malang,Grosir,Jawa Timur,Malang,SR-JTM-09,Putri,0.9359,High,32.7280,30.6294,63,Only 1 orders in 90 days (typical healthy: 10),No order for 63 days,Pays 27 days late on average,Call this week to confirm next order; check shelf stock
59.0000,Revenue lane,OUT-10193,Grosir Barokah,Grosir,Jabodetabek,Jakarta Timur,SR-JKT-12,Lukman,0.1431,Low,211.2840,30.2331,10,No order for 10 days,Pays 8 days late on average,Only 7 orders in 90 days (typical healthy: 10),Call this week to confirm next order; check shelf stock
60.0000,Revenue lane,OUT-12164,Toko Karya Mandiri Cimahi 6,Minimarket,Jawa Barat,Cimahi,SR-JBR-06,Bayu,0.5047,High,59.2600,29.9106,31,No order for 31 days,Only 4 orders in 90 days (typical healthy: 10),Only 6 SKUs per order (typical healthy: 10),Call this week to confirm next order; check shelf stock
61.0000,Revenue lane,OUT-11716,Mini Market Berkah Malang,Minimarket,Jawa Timur,Malang,SR-JTM-08,Nanda,0.8209,High,35.4280,29.0840,39,No order for 39 days,Only 3 orders in 90 days (typical healthy: 10),Pays 26 days late on average,Call this week to confirm next order; check shelf stock
62.0000,Revenue lane,OUT-12003,Supermarket Segar Jaya Gowa,Supermarket,Sulawesi Selatan,Gowa,SR-SLS-01,Dimas,0.0572,Low,499.6160,28.6009,3,Pays 9 days late on average,2 complaint(s) in 90 days,2 rep visits in 60 days,Agree a payment plan with Finance before pushing new stock
63.0000,Revenue lane,OUT-12346,UD Pelita Bogor,Grosir,Jabodetabek,Bogor,SR-JKT-06,Fajar,0.1220,Low,232.8720,28.4072,7,Pays 16 days late on average,Only 6 orders in 90 days (typical healthy: 10),No order for 7 days,Agree a payment plan with Finance before pushing new stock
64.0000,Revenue lane,OUT-10241,Grosir Barokah 6,Grosir,Sumatera Utara,Binjai,SR-SMU-02,Taufik,0.0660,Low,412.6280,27.2210,12,No order for 12 days,No rep visit for 153 days,Pays 6 days late on average,Call this week to confirm next order; check shelf stock
65.0000,Revenue lane,OUT-12027,Toko Grosir Sentosa Kediri,Grosir,Jawa Timur,Kediri,SR-JTM-05,Kartika,0.0614,Low,441.6640,27.1212,25,No order for 25 days,Jawa Timur: regional churn running high,1 complaint(s) in 90 days,Call this week to confirm next order; check shelf stock
66.0000,Revenue lane,OUT-10201,Swalayan Sumber Rezeki,Supermarket,Jawa Timur,Unknown,SR-JTM-02,Hendra,0.0606,Low,445.8360,27.0399,4,Only 7 orders in 90 days (typical healthy: 10),Pays 7 days late on average,2 complaint(s) in 90 days,Call this week to confirm next order; check shelf stock
67.0000,Revenue lane,OUT-11024,Toko Grosir Tunas Baru Magelang,Grosir,Jawa Tengah,Magelang,SR-JTG-02,Yudi,0.0682,Low,388.3000,26.4653,13,No order for 13 days,Pays 10 days late on average,,Call this week to confirm next order; check shelf stock
68.0000,Revenue lane,OUT-12316,Toko Grosir Sentosa Karawang,Grosir,Jawa Barat,Karawang,SR-JBR-09,Hadi,0.1236,Low,212.8040,26.3014,15,No order for 15 days,Only 7 orders in 90 days (typical healthy: 10),Pays 6 days late on average,Call this week to confirm next order; check shelf stock
69.0000,Revenue lane,OUT-11805,Mini Market Mekar Sari 5,Minimarket,Jawa Timur,Malang,SR-JTM-09,Putri,0.7658,High,34.1240,26.1326,34,No order for 34 days,Only 3 orders in 90 days (typical healthy: 10),Pays 19 days late on average,Call this week to confirm next order; check shelf stock
70.0000,Revenue lane,OUT-12448,Grosir Mulia Tasikmalaya 8,Grosir,Jawa Barat,Tasikmalaya,SR-JBR-10,Irma,0.1556,Medium,167.7520,26.1074,16,No order for 16 days,Only 6 orders in 90 days (typical healthy: 10),Pays 7 days late on average,Call this week to confirm next order; check shelf stock
71.0000,Revenue lane,OUT-10787,Mini Market Makmur Malang,Minimarket,Jawa Timur,Malang,SR-JTM-04,Joko,0.5358,High,45.6280,24.4481,42,No order for 42 days,Only 4 orders in 90 days (typical healthy: 10),Jawa Timur: regional churn running high,Call this week to confirm next order; check shelf stock
72.0000,Revenue lane,OUT-11442,UD Harapan Baru Bekasi,Grosir,Jabodetabek,Bekasi,SR-JKT-12,Lukman,0.0954,Low,253.9480,24.2206,13,No order for 13 days,No rep visit for 74 days,0 rep visits in 60 days,Call this week to confirm next order; check shelf stock
73.0000,Revenue lane,OUT-10989,Grosir Damai Bandung,Grosir,Jawa Barat,Bandung,SR-JBR-02,Taufik,0.0882,Low,269.1800,23.7414,17,No order for 17 days,Pays 11 days late on average,1 complaint(s) in 90 days,Call this week to confirm next order; check shelf stock
74.0000,Revenue lane,OUT-10361,Grosir Bintang Timur Makassar,Grosir,Sulawesi Selatan,Makassar,SR-SLS-04,Irma,0.0629,Low,362.2480,22.7803,11,No order for 11 days,Pays 10 days late on average,Only 9 orders in 90 days (typical healthy: 10),Call this week to confirm next order; check shelf stock
75.0000,Revenue lane,OUT-10306,Toko Subur 6,Minimarket,Jawa Barat,Tasikmalaya,SR-JBR-01,Sari,0.8892,High,25.5600,22.7288,83,No order for 83 days,Only 2 orders in 90 days (typical healthy: 10),Only 5 SKUs per order (typical healthy: 10),Call this week to confirm next order; check shelf stock
76.0000,Revenue lane,OUT-11813,Toko Grosir Damai Sidoarjo,Grosir,Jawa Timur,Sidoarjo,SR-JTM-03,Indra,0.0558,Low,401.6120,22.4021,6,Pays 9 days late on average,Jawa Timur: regional churn running high,1 rep visits in 60 days,Agree a payment plan with Finance before pushing new stock
77.0000,Revenue lane,OUT-11092,Toko Subur Surabaya,Minimarket,Jawa Timur,Surabaya,SR-JTM-06,Lukman,0.5780,High,38.0280,21.9812,44,No order for 44 days,Only 3 orders in 90 days (typical healthy: 10),Pays 10 days late on average,Call this week to confirm next order; check shelf stock
78.0000,Revenue lane,OUT-11586,Grosir Bahagia Parepare,Grosir,Sulawesi Selatan,Parepare,SR-SLS-01,Dimas,0.0569,Low,384.7160,21.8997,15,No order for 15 days,No rep visit for 47 days,1 rep visits in 60 days,Call this week to confirm next order; check shelf stock
79.0000,Revenue lane,OUT-11440,Grosir Pelita,Grosir,Sulawesi Selatan,Gowa,SR-SLS-05,Rina,0.0712,Low,306.6400,21.8303,9,No order for 9 days,Pays 6 days late on average,No rep visit for 52 days,Call this week to confirm next order; check shelf stock
80.0000,Revenue lane,OUT-10445,UD Makmur 8,Grosir,Jabodetabek,Depok,SR-JKT-04,Dewi,0.0884,Low,246.1040,21.7614,43,No order for 43 days,Only 7 orders in 90 days (typical healthy: 10),1 rep visits in 60 days,Call this week to confirm next order; check shelf stock
81.0000,Revenue lane,OUT-11210,Toko Grosir Lancar Cirebon,Grosir,Jawa Barat,Cirebon,SR-JBR-01,Sari,0.0656,Low,319.7120,20.9868,16,No order for 16 days,Pays 9 days late on average,Only 9 orders in 90 days (typical healthy: 10),Call this week to confirm next order; check shelf stock
82.0000,Revenue lane,OUT-11909,Toko Grosir Karya Mandiri Gresik,Grosir,Jawa Timur,Gresik,SR-JTM-02,Hendra,0.1794,Medium,114.9040,20.6189,31,No order for 31 days,Only 5 orders in 90 days (typical healthy: 10),3 complaint(s) in 90 days,Call this week to confirm next order; check shelf stock
83.0000,Revenue lane,OUT-10912,Toko Grosir Tunas Baru Medan,Grosir,Sumatera Utara,Medan,SR-SMU-06,Bayu,0.0921,Low,223.3160,20.5731,11,No order for 11 days,Pays 8 days late on average,Only 8 orders in 90 days (typical healthy: 10),Call this week to confirm next order; check shelf stock
84.0000,Revenue lane,OUT-10186,Grosir Rukun Gresik,Grosir,Jawa Timur,Gresik,SR-JTM-06,Lukman,0.0672,Low,296.1880,19.9081,7,Jawa Timur: regional churn running high,No order for 7 days,Pays 5 days late on average,Competitor watch: secure top-10 SKU availability
85.0000,Revenue lane,OUT-11478,Mini Market Rukun Maros 4,Minimarket,Sulawesi Selatan,Maros,SR-SLS-02,Fitri,0.1759,Medium,112.5560,19.8025,26,No order for 26 days,Pays 8 days late on average,2 complaint(s) in 90 days,Call this week to confirm next order; check shelf stock
86.0000,Revenue lane,OUT-12591,Toko Setia Kawan Surabaya,Minimarket,Jawa Timur,Surabaya,SR-JTM-04,Joko,0.2296,Medium,86.1960,19.7875,13,No order for 13 days,Pays 11 days late on average,Only 8 SKUs per order (typical healthy: 10),Call this week to confirm next order; check shelf stock
87.0000,Revenue lane,OUT-10728,UD Mitra Usaha Timur,Grosir,Jabodetabek,Jakarta Timur,SR-JKT-12,Lukman,0.8872,High,22.2120,19.7066,34,Only 1 orders in 90 days (typical healthy: 10),Pays 70 days late on average,No order for 34 days,Call this week to confirm next order; check shelf stock
88.0000,Revenue lane,OUT-10966,Grosir Lancar Semarang,Grosir,Jawa Tengah,Semarang,SR-JTG-03,Lestari,0.0730,Low,266.6760,19.4702,6,Pays 10 days late on average,No rep visit for 31 days,Revenue -49% vs prior 90 days,Agree a payment plan with Finance before pushing new stock
89.0000,Revenue lane,OUT-10410,Toko Grosir Bahagia 5,Grosir,Sulawesi Selatan,Maros,SR-SLS-01,Dimas,0.0528,Low,367.7760,19.4364,12,No order for 12 days,3 complaint(s) in 90 days,Pays 4 days late on average,Call this week to confirm next order; check shelf stock
90.0000,Revenue lane,OUT-12069,Toko Grosir Murah Meriah 1,Grosir,Jabodetabek,Bekasi,SR-JKT-10,Joko,0.1059,Low,174.5400,18.4914,8,Pays 12 days late on average,Only 7 orders in 90 days (typical healthy: 10),No order for 8 days,Agree a payment plan with Finance before pushing new stock
91.0000,Revenue lane,OUT-12288,UD Indah Malang,Grosir,Jawa Timur,Malang,SR-JTM-03,Indra,0.0637,Low,289.4560,18.4462,1,Pays 11 days late on average,Jawa Timur: regional churn running high,1 rep visits in 60 days,Agree a payment plan with Finance before pushing new stock
92.0000,Revenue lane,OUT-10803,Toko Barokah Binjai 6,Minimarket,Sumatera Utara,Binjai,SR-SMU-03,Wulan,0.4137,High,44.3840,18.3595,63,No order for 63 days,Only 4 orders in 90 days (typical healthy: 10),Only 8 SKUs per order (typical healthy: 10),Call this week to confirm next order; check shelf stock
93.0000,Revenue lane,OUT-12403,UD Pelita Sidoarjo,Grosir,Jawa Timur,Sidoarjo,SR-JTM-02,Hendra,0.0722,Low,254.0480,18.3438,14,No order for 14 days,Jawa Timur: regional churn running high,Only 8 orders in 90 days (typical healthy: 10),Call this week to confirm next order; check shelf stock
94.0000,Revenue lane,OUT-10226,Grosir Karya Mandiri Gowa,Grosir,Sulawesi Selatan,Gowa,SR-SLS-02,Fitri,0.0537,Low,338.3880,18.1814,10,No order for 10 days,1 complaint(s) in 90 days,1 rep visits in 60 days,Call this week to confirm next order; check shelf stock
95.0000,Revenue lane,OUT-12096,Toko Segar Jaya Karawang,Minimarket,Jawa Barat,Karawang,SR-JBR-09,Hadi,0.1731,Medium,101.2000,17.5197,25,No order for 25 days,No rep visit for 342 days,Pays 6 days late on average,Call this week to confirm next order; check shelf stock
96.0000,Revenue lane,OUT-10821,Grosir Mulia Tangerang 5,Grosir,Jabodetabek,Tangerang,SR-JKT-14,Nanda,0.0806,Low,215.1400,17.3392,25,No order for 25 days,Only 7 orders in 90 days (typical healthy: 10),Pays 7 days late on average,Call this week to confirm next order; check shelf stock
97.0000,Revenue lane,OUT-10806,Toko Grosir Berkah Bogor 7,Grosir,Jabodetabek,Bogor,SR-JKT-13,Maya,0.0547,Low,312.7400,17.1056,13,No order for 13 days,No rep visit for 29 days,Revenue -41% vs prior 90 days,Call this week to confirm next order; check shelf stock
98.0000,Revenue lane,OUT-11003,Toko Segar Jaya Barat,Minimarket,Jabodetabek,Jakarta Barat,SR-JKT-07,Gita,0.1297,Low,131.0040,16.9856,18,No order for 18 days,Pays 7 days late on average,1 complaint(s) in 90 days,Call this week to confirm next order; check shelf stock
99.0000,Revenue lane,OUT-10698,Mini Market Sinar Abadi Pekalongan,Minimarket,Jawa Tengah,Pekalongan,SR-JTG-08,Eko,0.2595,Medium,64.0400,16.6169,46,No order for 46 days,Only 6 orders in 90 days (typical healthy: 10),Pays 9 days late on average,Call this week to confirm next order; check shelf stock
100.0000,Revenue lane,OUT-10488,Mini Market Damai Depok,Minimarket,Jabodetabek,Depok,SR-JKT-04,Dewi,0.4263,High,38.6760,16.4880,31,No order for 31 days,Only 3 orders in 90 days (typical healthy: 10),Pays 10 days late on average,Call this week to confirm next order; check shelf stock
101.0000,Revenue lane,OUT-11493,Grosir Mitra Usaha Surabaya,Grosir,Jawa Timur,Surabaya,SR-JTM-02,Hendra,0.0852,Low,191.7080,16.3325,26,No order for 26 days,Only 5 orders in 90 days (typical healthy: 10),Jawa Timur: regional churn running high,Call this week to confirm next order; check shelf stock
102.0000,Revenue lane,OUT-11537,Mini Market Lancar Sidoarjo,Minimarket,Jawa Timur,Sidoarjo,SR-JTM-09,Putri,0.3513,High,45.9800,16.1520,28,No order for 28 days,Only 7 SKUs per order (typical healthy: 10),Pays 9 days late on average,Call this week to confirm next order; check shelf stock
103.0000,Revenue lane,OUT-10755,Toko Subur Malang,Minimarket,Jawa Timur,Malang,SR-JTM-06,Lukman,0.1686,Medium,94.0680,15.8590,13,No order for 13 days,Pays 12 days late on average,Only 8 SKUs per order (typical healthy: 10),Call this week to confirm next order; check shelf stock
104.0000,Revenue lane,OUT-12360,Toko Grosir Sentosa Bekasi 1,Grosir,Jabodetabek,Bekasi,SR-JKT-04,Dewi,0.0884,Low,177.9960,15.7405,6,Pays 7 days late on average,Only 8 orders in 90 days (typical healthy: 10),New partner (6 months),Agree a payment plan with Finance before pushing new stock
105.0000,Revenue lane,OUT-12512,Toko Indah Tasikmalaya,Minimarket,Jawa Barat,Tasikmalaya,SR-JBR-06,Bayu,0.4265,High,36.6760,15.6415,53,No order for 53 days,Only 4 orders in 90 days (typical healthy: 10),Pays 9 days late on average,Call this week to confirm next order; check shelf stock
106.0000,Revenue lane,OUT-12241,UD Anugerah 4,Grosir,Jawa Barat,Karawang,SR-JBR-09,Hadi,0.8631,High,18.0240,15.5560,79,Only 1 orders in 90 days (typical healthy: 10),No order for 79 days,Pays 28 days late on average,Call this week to confirm next order; check shelf stock
107.0000,Revenue lane,OUT-11176,Mini Market Harapan Baru Gresik,Minimarket,Jawa Timur,Gresik,SR-JTM-01,Gita,0.4809,High,32.2120,15.4902,6,Pays 34 days late on average,Only 4 orders in 90 days (typical healthy: 10),Only 6 SKUs per order (typical healthy: 10),Agree a payment plan with Finance before pushing new stock
108.0000,Revenue lane,OUT-12345,Mini Market Berkah Sidoarjo 7,Minimarket,Jawa Timur,Sidoarjo,SR-JTM-03,Indra,0.1714,Medium,86.5600,14.8395,14,No order for 14 days,No rep visit for 222 days,Jawa Timur: regional churn running high,Call this week to confirm next order; check shelf stock
109.0000,Revenue lane,OUT-10675,UD Anugerah Solo,Grosir,Jawa Tengah,Solo,SR-JTG-08,Eko,0.0578,Low,253.3480,14.6557,26,No order for 26 days,Only 8 orders in 90 days (typical healthy: 10),Revenue -69% vs prior 90 days,Call this week to confirm next order; check shelf stock
110.0000,Revenue lane,OUT-10208,UD Setia Kawan Sidoarjo,Grosir,Jawa Timur,Sidoarjo,SR-JTM-02,Hendra,0.0519,Low,279.8360,14.5195,17,No order for 17 days,Jawa Timur: regional churn running high,Only 8 orders in 90 days (typical healthy: 10),Call this week to confirm next order; check shelf stock
111.0000,Revenue lane,OUT-10860,Toko Grosir Sumber Rezeki Solo,Grosir,Jawa Tengah,Solo,SR-JTG-07,Dewi,0.0526,Low,274.7080,14.4604,3,Pays 15 days late on average,1 complaint(s) in 90 days,No rep visit for 21 days,Agree a payment plan with Finance before pushing new stock
112.0000,Revenue lane,OUT-11695,Toko Grosir Lancar Malang,Grosir,Jawa Timur,Malang,SR-JTM-05,Kartika,0.0715,Low,201.5360,14.4012,2,Only 6 orders in 90 days (typical healthy: 10),Pays 8 days late on average,Jawa Timur: regional churn running high,Call this week to confirm next order; check shelf stock
113.0000,Revenue lane,OUT-11410,Toko Berkah Malang 5,Minimarket,Jawa Timur,Malang,SR-JTM-10,Rizky,0.4529,High,31.2160,14.1387,19,Only 3 orders in 90 days (typical healthy: 10),No order for 19 days,Only 8 SKUs per order (typical healthy: 10),Call this week to confirm next order; check shelf stock
114.0000,Revenue lane,OUT-11745,Grosir Bintang Timur Malang,Grosir,Jawa Timur,Malang,SR-JTM-07,Maya,0.0815,Low,168.9280,13.7664,1,Only 5 orders in 90 days (typical healthy: 10),No rep visit on record,Jawa Timur: regional churn running high,Call this week to confirm next order; check shelf stock
115.0000,Revenue lane,OUT-11979,Toko Rukun 1,Minimarket,Jawa Timur,Kediri,SR-JTM-06,Lukman,0.1470,Low,92.5480,13.6072,18,No order for 18 days,Pays 11 days late on average,Only 8 SKUs per order (typical healthy: 10),Call this week to confirm next order; check shelf stock
116.0000,Revenue lane,OUT-10333,Mini Market Murah Meriah Sidoarjo 6,Minimarket,Jawa Timur,Sidoarjo,SR-JTM-07,Maya,0.2759,Medium,49.1800,13.5698,37,No order for 37 days,Only 5 orders in 90 days (typical healthy: 10),2 complaint(s) in 90 days,Call this week to confirm next order; check shelf stock
117.0000,Revenue lane,OUT-11883,Toko Grosir Karya Mandiri Tasikmalaya,Grosir,Jawa Barat,Tasikmalaya,SR-JBR-11,Rina,0.1690,Medium,79.0080,13.3488,15,Only 4 orders in 90 days (typical healthy: 10),No order for 15 days,Pays 5 days late on average,Call this week to confirm next order; check shelf stock
118.0000,Revenue lane,OUT-10152,Grosir Subur Serdang,Grosir,Sumatera Utara,Deli Serdang,SR-SMU-04,Yoga,0.0561,Low,237.1840,13.3110,12,No order for 12 days,Pays 10 days late on average,Only 8 orders in 90 days (typical healthy: 10),Call this week to confirm next order; check shelf stock
119.0000,Revenue lane,OUT-11552,Mini Market Maju Jaya Cimahi,Minimarket,Jawa Barat,Cimahi,SR-JBR-11,Rina,0.1914,Medium,68.4880,13.1097,42,No order for 42 days,Pays 18 days late on average,Only 7 orders in 90 days (typical healthy: 10),Call this week to confirm next order; check shelf stock
120.0000,Revenue lane,OUT-11237,Toko Damai Bekasi,Minimarket,Jabodetabek,Bekasi,SR-JKT-02,Budi,0.8066,High,16.0080,12.9120,65,No order for 65 days,Only 2 orders in 90 days (typical healthy: 10),Pays 16 days late on average,Call this week to confirm next order; check shelf stock
121.0000,Revenue lane,OUT-10577,Grosir Rukun,Grosir,Sumatera Utara,Pematangsiantar,SR-SMU-01,Sari,0.0689,Low,186.5440,12.8462,9,Only 6 orders in 90 days (typical healthy: 10),No order for 9 days,Pays 6 days late on average,Call this week to confirm next order; check shelf stock
122.0000,Revenue lane,OUT-10366,Toko Cahaya Tasikmalaya 7,Minimarket,Jawa Barat,Tasikmalaya,SR-JBR-02,Taufik,0.1740,Medium,73.2720,12.7506,57,No order for 57 days,Only 6 orders in 90 days (typical healthy: 10),Pays 8 days late on average,Call this week to confirm next order; check shelf stock
123.0000,Revenue lane,OUT-10809,Toko Karya Mandiri Magelang,Minimarket,Jawa Tengah,Magelang,SR-JTG-03,Lestari,0.7215,High,16.8400,12.1507,58,Only 1 orders in 90 days (typical healthy: 10),No order for 58 days,Only 5 SKUs per order (typical healthy: 10),Call this week to confirm next order; check shelf stock
124.0000,Revenue lane,OUT-11294,Mini Market Subur Karawang,Minimarket,Jawa Barat,Karawang,SR-JBR-09,Hadi,0.2110,Medium,56.8040,11.9863,24,No order for 24 days,Only 6 SKUs per order (typical healthy: 10),Only 5 orders in 90 days (typical healthy: 10),Call this week to confirm next order; check shelf stock
125.0000,Revenue lane,OUT-11498,Toko Setia Kawan 7,Minimarket,Jawa Timur,Sidoarjo,SR-JTM-09,Putri,0.3591,High,32.6960,11.7400,38,No order for 38 days,Only 4 orders in 90 days (typical healthy: 10),No rep visit for 80 days,Call this week to confirm next order; check shelf stock
126.0000,Revenue lane,OUT-11029,Mini Market Mitra Usaha Kediri,Minimarket,Jawa Timur,Kediri,SR-JTM-09,Putri,0.0714,Low,162.8400,11.6203,15,No order for 15 days,No rep visit for 133 days,Jawa Timur: regional churn running high,Call this week to confirm next order; check shelf stock
127.0000,Revenue lane,OUT-12004,Mini Market Harapan Baru Malang,Minimarket,Jawa Timur,Malang,SR-JTM-04,Joko,0.5961,High,19.0400,11.3497,55,No order for 55 days,Only 2 orders in 90 days (typical healthy: 10),Only 4 SKUs per order (typical healthy: 10),Call this week to confirm next order; check shelf stock
128.0000,Revenue lane,OUT-10106,Mini Market Berkah Sidoarjo,Minimarket,Jawa Timur,Sidoarjo,SR-JTM-03,Indra,0.1577,Medium,71.4080,11.2640,17,No order for 17 days,Only 7 SKUs per order (typical healthy: 10),Pays 11 days late on average,Call this week to confirm next order; check shelf stock
129.0000,Revenue lane,OUT-10372,Mini Market Lancar Depok,Minimarket,Jabodetabek,Depok,SR-JKT-13,Maya,0.5127,High,21.7640,11.1583,31,No order for 31 days,Only 3 orders in 90 days (typical healthy: 10),Only 4 SKUs per order (typical healthy: 10),Call this week to confirm next order; check shelf stock
130.0000,Revenue lane,OUT-11674,Grosir Maju Jaya Bogor,Grosir,Jabodetabek,Bogor,SR-JKT-14,Nanda,0.0629,Low,173.7800,10.9234,7,Only 7 orders in 90 days (typical healthy: 10),No order for 7 days,Revenue -64% vs prior 90 days,Call this week to confirm next order; check shelf stock
131.0000,Revenue lane,OUT-11797,Warung Subur Semarang,Warung,Jawa Tengah,Semarang,SR-JTG-06,Citra,0.8956,High,12.1080,10.8443,62,Only 1 orders in 90 days (typical healthy: 10),No order for 62 days,Only 1 SKUs per order (typical healthy: 10),Call this week to confirm next order; check shelf stock
132.0000,Revenue lane,OUT-11241,Mini Market Mitra Usaha 6,Minimarket,Sumatera Utara,Pematangsiantar,SR-SMU-02,Taufik,0.0855,Low,126.5200,10.8175,44,No order for 44 days,Pays 6 days late on average,No rep visit for 37 days,Call this week to confirm next order; check shelf stock
133.0000,Revenue lane,OUT-10614,Toko Setia Kawan 1,Minimarket,Sulawesi Selatan,Makassar,SR-SLS-01,Dimas,0.3931,High,27.1760,10.6832,19,Only 3 orders in 90 days (typical healthy: 10),No order for 19 days,Pays 10 days late on average,Call this week to confirm next order; check shelf stock
134.0000,Revenue lane,OUT-10299,Mini Market Sejahtera Kediri,Minimarket,Jawa Timur,Kediri,SR-JTM-09,Putri,0.0882,Low,118.2160,10.4265,9,Only 7 orders in 90 days (typical healthy: 10),No order for 9 days,Jawa Timur: regional churn running high,Call this week to confirm next order; check shelf stock
135.0000,Revenue lane,OUT-12190,Mini Market Makmur Makassar 6,Minimarket,Sulawesi Selatan,Makassar,SR-SLS-03,Hadi,0.1649,Medium,60.8080,10.0268,23,No order for 23 days,Only 6 orders in 90 days (typical healthy: 10),Pays 5 days late on average,Call this week to confirm next order; check shelf stock
136.0000,Revenue lane,OUT-11970,Toko Bintang Timur Semarang,Minimarket,Jawa Tengah,Semarang,SR-JTG-03,Lestari,0.8751,High,11.3360,9.9207,54,No order for 54 days,Only 2 orders in 90 days (typical healthy: 10),Only 2 SKUs per order (typical healthy: 10),Call this week to confirm next order; check shelf stock
137.0000,Revenue lane,OUT-11739,Mini Market Setia Kawan Magelang 5,Minimarket,Jawa Tengah,Magelang,SR-JTG-08,Eko,0.0978,Low,101.3400,9.9066,21,No order for 21 days,No rep visit for 50 days,Only 9 SKUs per order (typical healthy: 10),Call this week to confirm next order; check shelf stock
138.0000,Revenue lane,OUT-10246,Mini Market Sumber Rezeki,Minimarket,Sumatera Utara,Deli Serdang,SR-SMU-05,Agus,0.2657,Medium,36.8480,9.7909,46,No order for 46 days,Only 5 orders in 90 days (typical healthy: 10),Pays 15 days late on average,Call this week to confirm next order; check shelf stock
139.0000,Revenue lane,OUT-11609,Toko Tunas Baru Cirebon,Minimarket,Jawa Barat,Cirebon,SR-JBR-06,Bayu,0.2307,Medium,42.2920,9.7564,10,Only 4 SKUs per order (typical healthy: 10),Only 5 orders in 90 days (typical healthy: 10),Pays 9 days late on average,Range review on visit: check for competitor SKUs on shelf
140.0000,Revenue lane,OUT-11989,Mini Market Bahagia Parepare,Minimarket,Sulawesi Selatan,Parepare,SR-SLS-01,Dimas,0.2061,Medium,47.0080,9.6893,23,No order for 23 days,Pays 13 days late on average,Only 6 orders in 90 days (typical healthy: 10),Call this week to confirm next order; check shelf stock
141.0000,Revenue lane,OUT-11103,Mini Market Maju Jaya Kediri 4,Minimarket,Jawa Timur,Unknown,SR-JTM-02,Hendra,0.7483,High,12.7400,9.5329,75,Only 1 orders in 90 days (typical healthy: 10),No order for 75 days,Jawa Timur: regional churn running high,Call this week to confirm next order; check shelf stock
142.0000,Revenue lane,OUT-12343,Toko Maju Jaya 7,Minimarket,Jawa Timur,Sidoarjo,SR-JTM-06,Lukman,0.4757,High,18.7840,8.9358,29,Only 3 orders in 90 days (typical healthy: 10),Pays 38 days late on average,No order for 29 days,Call this week to confirm next order; check shelf stock
143.0000,Revenue lane,OUT-12156,Toko Mekar Sari Pematangsiantar,Minimarket,Sumatera Utara,Pematangsiantar,SR-SMU-02,Taufik,0.1118,Low,79.4160,8.8758,14,No order for 14 days,Only 7 orders in 90 days (typical healthy: 10),1 complaint(s) in 90 days,Call this week to confirm next order; check shelf stock
144.0000,Revenue lane,OUT-11356,Mini Market Murah Meriah Timur,Minimarket,Jabodetabek,Jakarta Timur,SR-JKT-08,Hendra,0.1391,Low,63.0960,8.7765,28,No order for 28 days,Pays 10 days late on average,Only 7 orders in 90 days (typical healthy: 10),Call this week to confirm next order; check shelf stock
145.0000,Revenue lane,OUT-11683,Mini Market Anugerah 3,Minimarket,Jawa Timur,Kediri,SR-JTM-05,Kartika,0.1488,Low,58.5320,8.7092,19,No order for 19 days,Pays 7 days late on average,Jawa Timur: regional churn running high,Call this week to confirm next order; check shelf stock
146.0000,Revenue lane,OUT-10646,Mini Market Setia Kawan Binjai 6,Minimarket,Sumatera Utara,Binjai,SR-SMU-01,Sari,0.1508,Medium,56.4720,8.5187,8,Only 6 orders in 90 days (typical healthy: 10),Pays 8 days late on average,No order for 8 days,Call this week to confirm next order; check shelf stock
147.0000,Revenue lane,OUT-10328,Mini Market Bahagia Purwokerto,Minimarket,Jawa Tengah,Purwokerto,SR-JTG-09,Fajar,0.4650,High,18.1800,8.4540,31,No order for 31 days,Only 3 orders in 90 days (typical healthy: 10),Pays 13 days late on average,Call this week to confirm next order; check shelf stock
148.0000,Revenue lane,OUT-10947,Toko Makmur Kediri,Minimarket,Jawa Timur,Kediri,SR-JTM-01,Gita,0.0854,Low,98.7720,8.4360,19,No order for 19 days,Pays 8 days late on average,Jawa Timur: regional churn running high,Call this week to confirm next order; check shelf stock
149.0000,Revenue lane,OUT-12258,Mini Market Subur Malang 2,Minimarket,Jawa Timur,Malang,SR-JTM-03,Indra,0.1003,Low,83.7200,8.3989,16,No order for 16 days,Pays 10 days late on average,2 complaint(s) in 90 days,Call this week to confirm next order; check shelf stock
150.0000,Revenue lane,OUT-10160,Toko Rukun Kediri 1,Minimarket,Jawa Timur,Kediri,SR-JTM-04,Joko,0.8976,High,9.3360,8.3797,37,Only 1 orders in 90 days (typical healthy: 10),No order for 37 days,Pays 24 days late on average,Call this week to confirm next order; check shelf stock
151.0000,Revenue lane,OUT-10597,Toko Tunas Baru Sidoarjo,Minimarket,Jawa Timur,Sidoarjo,SR-JTM-10,Rizky,0.0656,Low,125.9520,8.2637,10,No order for 10 days,Only 8 SKUs per order (typical healthy: 10),Pays 8 days late on average,Call this week to confirm next order; check shelf stock
152.0000,Revenue lane,OUT-11846,Toko Indah Pekalongan 7,Minimarket,Jawa Tengah,Pekalongan,SR-JTG-09,Fajar,0.1663,Medium,49.5320,8.2350,23,No order for 23 days,Pays 14 days late on average,Only 6 orders in 90 days (typical healthy: 10),Call this week to confirm next order; check shelf stock
153.0000,Revenue lane,OUT-10508,Toko Rukun Medan,Minimarket,Sumatera Utara,Medan,SR-SMU-01,Sari,0.9260,High,8.6680,8.0268,84,Only 1 orders in 90 days (typical healthy: 10),No order for 84 days,Only 2 SKUs per order (typical healthy: 10),Call this week to confirm next order; check shelf stock
154.0000,Revenue lane,OUT-10952,Mini Market Damai Bogor,Minimarket,Jabodetabek,Bogor,SR-JKT-04,Dewi,0.0917,Low,87.2120,8.0005,4,Pays 14 days late on average,Only 8 SKUs per order (typical healthy: 10),No rep visit for 46 days,Agree a payment plan with Finance before pushing new stock
155.0000,Revenue lane,OUT-10455,Mini Market Sinar Abadi Timur 5,Minimarket,Jabodetabek,Jakarta Timur,SR-JKT-14,Nanda,0.1092,Low,72.0840,7.8714,20,No order for 20 days,Pays 11 days late on average,2 complaint(s) in 90 days,Call this week to confirm next order; check shelf stock
156.0000,Revenue lane,OUT-10268,Mini Market Mekar Sari Barat,Minimarket,Jabodetabek,Jakarta Barat,SR-JKT-12,Lukman,0.0594,Low,131.1880,7.7969,23,No order for 23 days,1 rep visits in 60 days,No rep visit for 28 days,Call this week to confirm next order; check shelf stock
157.0000,Revenue lane,OUT-11704,Toko Maju Jaya Malang 1,Warung,Jawa Timur,Malang,SR-JTM-09,Putri,0.8468,High,9.1440,7.7431,75,No order for 75 days,Only 2 orders in 90 days (typical healthy: 10),Only 3 SKUs per order (typical healthy: 10),Call this week to confirm next order; check shelf stock
158.0000,Revenue lane,OUT-11318,Mini Market Bintang Timur 1,Minimarket,Jabodetabek,Tangerang,SR-JKT-04,Dewi,0.0943,Low,81.9840,7.7280,17,No order for 17 days,Only 7 SKUs per order (typical healthy: 10),Pays 10 days late on average,Call this week to confirm next order; check shelf stock
159.0000,Revenue lane,OUT-10315,Mini Market Maju Jaya,Minimarket,Jawa Barat,Cimahi,SR-JBR-06,Bayu,0.0745,Low,103.3040,7.6937,35,No order for 35 days,1 complaint(s) in 90 days,Pays 4 days late on average,Call this week to confirm next order; check shelf stock
160.0000,Revenue lane,OUT-10058,Mini Market Mulia Semarang 4,Minimarket,Jawa Tengah,Semarang,SR-JTG-05,Budi,0.1472,Low,50.7200,7.4683,35,No order for 35 days,Pays 17 days late on average,Only 8 SKUs per order (typical healthy: 10),Call this week to confirm next order; check shelf stock
161.0000,Warung lane,OUT-11212,Toko Pelita 1,Warung,Sumatera Utara,Pematangsiantar,SR-SMU-06,Bayu,0.6664,High,10.9520,7.2982,68,No order for 68 days,Only 3 SKUs per order (typical healthy: 10),Only 3 orders in 90 days (typical healthy: 10),Call this week to confirm next order; check shelf stock
162.0000,Warung lane,OUT-10715,Toko Mekar Sari Malang,Warung,Jawa Timur,Malang,SR-JTM-01,Gita,0.7640,High,8.6560,6.6130,70,Only 1 orders in 90 days (typical healthy: 10),No order for 70 days,Only 3 SKUs per order (typical healthy: 10),Call this week to confirm next order; check shelf stock
163.0000,Warung lane,OUT-11744,Toko Sumber Rezeki Makassar,Warung,Sulawesi Selatan,Makassar,SR-SLS-02,Fitri,0.5621,High,10.0960,5.6748,70,No order for 70 days,Only 3 SKUs per order (typical healthy: 10),Only 3 orders in 90 days (typical healthy: 10),Call this week to confirm next order; check shelf stock
164.0000,Warung lane,OUT-11496,Warung Cahaya Kediri 8,Warung,Jawa Timur,Kediri,SR-JTM-01,Gita,0.6507,High,7.5040,4.8830,62,No order for 62 days,Only 3 orders in 90 days (typical healthy: 10),Only 4 SKUs per order (typical healthy: 10),Call this week to confirm next order; check shelf stock
165.0000,Warung lane,OUT-11637,Toko Indah Cirebon,Warung,Jawa Barat,Cirebon,SR-JBR-08,Fitri,0.8495,High,5.2600,4.4683,77,Only 1 orders in 90 days (typical healthy: 10),No order for 77 days,Only 3 SKUs per order (typical healthy: 10),Call this week to confirm next order; check shelf stock
166.0000,Warung lane,OUT-10638,Warung Mekar Sari 1,Warung,Jawa Timur,Surabaya,SR-JTM-09,Putri,0.6604,High,6.5520,4.3271,64,No order for 64 days,Only 2 orders in 90 days (typical healthy: 10),Pays 28 days late on average,Call this week to confirm next order; check shelf stock
167.0000,Warung lane,OUT-10427,Toko Tunas Baru 2,Warung,Jabodetabek,Tangerang,SR-JKT-12,Lukman,0.8147,High,5.2520,4.2789,48,Only 1 orders in 90 days (typical healthy: 10),Only 1 SKUs per order (typical healthy: 10),No order for 48 days,Call this week to confirm next order; check shelf stock
168.0000,Warung lane,OUT-10137,Toko Rukun Makassar 7,Warung,Sulawesi Selatan,Makassar,SR-SLS-01,Dimas,0.7528,High,5.0800,3.8240,88,No order for 88 days,Only 2 orders in 90 days (typical healthy: 10),Only 4 SKUs per order (typical healthy: 10),Call this week to confirm next order; check shelf stock
169.0000,Warung lane,OUT-10242,Warung Indah Surabaya,Warung,Jawa Timur,Surabaya,SR-JTM-04,Joko,0.8898,High,3.8520,3.4274,85,Only 1 orders in 90 days (typical healthy: 10),No order for 85 days,Pays 33 days late on average,Call this week to confirm next order; check shelf stock
170.0000,Warung lane,OUT-11772,Toko Rukun Gresik,Warung,Jawa Timur,Gresik,SR-JTM-02,Hendra,0.8356,High,4.0680,3.3993,89,No order for 89 days,Only 2 orders in 90 days (typical healthy: 10),Only 4 SKUs per order (typical healthy: 10),Call this week to confirm next order; check shelf stock
171.0000,Warung lane,OUT-10068,Toko Sentosa,Warung,Jawa Barat,Cirebon,SR-JBR-11,Rina,0.7223,High,4.6720,3.3744,39,Only 1 orders in 90 days (typical healthy: 10),Only 2 SKUs per order (typical healthy: 10),No order for 39 days,Call this week to confirm next order; check shelf stock
172.0000,Warung lane,OUT-11696,Toko Mitra Usaha Semarang,Warung,Jawa Tengah,Semarang,SR-JTG-07,Dewi,0.6953,High,4.8240,3.3543,62,No order for 62 days,Only 2 orders in 90 days (typical healthy: 10),Only 2 SKUs per order (typical healthy: 10),Call this week to confirm next order; check shelf stock
173.0000,Warung lane,OUT-12494,Warung Mitra Usaha Maros 6,Warung,Sulawesi Selatan,Maros,SR-SLS-01,Dimas,0.8952,High,3.6480,3.2657,77,Only 1 orders in 90 days (typical healthy: 10),No order for 77 days,Only 1 SKUs per order (typical healthy: 10),Call this week to confirm next order; check shelf stock
174.0000,Warung lane,OUT-11377,Toko Sentosa 2,Warung,Jawa Timur,Kediri,SR-JTM-06,Lukman,0.8533,High,3.5080,2.9932,35,Only 1 orders in 90 days (typical healthy: 10),Only 2 SKUs per order (typical healthy: 10),No order for 35 days,Call this week to confirm next order; check shelf stock
175.0000,Warung lane,OUT-12469,Toko Tunas Baru Magelang 2,Warung,Jawa Tengah,Magelang,SR-JTG-02,Yudi,0.8771,High,3.3080,2.9015,82,Only 1 orders in 90 days (typical healthy: 10),No order for 82 days,Only 1 SKUs per order (typical healthy: 10),Call this week to confirm next order; check shelf stock
176.0000,Warung lane,OUT-12196,Warung Subur Kediri 7,Warung,Jawa Timur,Kediri,SR-JTM-08,Nanda,0.8738,High,3.2960,2.8802,61,Only 1 orders in 90 days (typical healthy: 10),No order for 61 days,Only 3 SKUs per order (typical healthy: 10),Call this week to confirm next order; check shelf stock
177.0000,Warung lane,OUT-11181,Warung Indah Kediri,Warung,Jawa Timur,Kediri,SR-JTM-04,Joko,0.5457,High,5.2040,2.8396,46,No order for 46 days,Only 3 orders in 90 days (typical healthy: 10),Only 5 SKUs per order (typical healthy: 10),Call this week to confirm next order; check shelf stock
178.0000,Warung lane,OUT-11299,Warung Sentosa Gresik,Warung,Jawa Timur,Gresik,SR-JTM-04,Joko,0.6169,High,4.5360,2.7983,38,Only 2 orders in 90 days (typical healthy: 10),No order for 38 days,Only 4 SKUs per order (typical healthy: 10),Call this week to confirm next order; check shelf stock
179.0000,Warung lane,OUT-11271,Toko Subur Makassar 2,Warung,Sulawesi Selatan,Makassar,SR-SLS-04,Irma,0.6098,High,4.5560,2.7783,63,No order for 63 days,Only 2 orders in 90 days (typical healthy: 10),Only 4 SKUs per order (typical healthy: 10),Call this week to confirm next order; check shelf stock
180.0000,Warung lane,OUT-11402,Toko Sejahtera Depok 4,Warung,Jabodetabek,Depok,SR-JKT-07,Gita,0.7066,High,3.7520,2.6512,64,No order for 64 days,Only 2 orders in 90 days (typical healthy: 10),Only 4 SKUs per order (typical healthy: 10),Call this week to confirm next order; check shelf stock
181.0000,Warung lane,OUT-11439,Warung Subur Makassar,Warung,Sulawesi Selatan,Makassar,SR-SLS-01,Dimas,0.5639,High,4.6160,2.6032,45,Only 2 orders in 90 days (typical healthy: 10),No order for 45 days,Only 4 SKUs per order (typical healthy: 10),Call this week to confirm next order; check shelf stock
182.0000,Warung lane,OUT-11623,Toko Berkah Gresik,Warung,Jawa Timur,Gresik,SR-JTM-05,Kartika,0.8430,High,2.9240,2.4649,72,Only 1 orders in 90 days (typical healthy: 10),No order for 72 days,Only 2 SKUs per order (typical healthy: 10),Call this week to confirm next order; check shelf stock
183.0000,Warung lane,OUT-11044,Warung Sejahtera 1,Warung,Jawa Timur,Surabaya,SR-JTM-09,Putri,0.6646,High,3.6160,2.4032,28,Only 1 orders in 90 days (typical healthy: 10),Only 2 SKUs per order (typical healthy: 10),No order for 28 days,Call this week to confirm next order; check shelf stock
184.0000,Warung lane,OUT-12291,Warung Tunas Baru Parepare 2,Warung,Sulawesi Selatan,Parepare,SR-SLS-05,Rina,0.6077,High,3.6400,2.2119,63,No order for 63 days,Only 2 orders in 90 days (typical healthy: 10),Only 3 SKUs per order (typical healthy: 10),Call this week to confirm next order; check shelf stock
185.0000,Warung lane,OUT-10819,Warung Pelita Solo,Warung,Jawa Tengah,Solo,SR-JTG-06,Citra,0.5543,High,3.9240,2.1750,74,Only 1 orders in 90 days (typical healthy: 10),No order for 74 days,Only 8 SKUs per order (typical healthy: 10),Call this week to confirm next order; check shelf stock
186.0000,Warung lane,OUT-11266,Warung Lancar Sidoarjo 8,Warung,Jawa Timur,Sidoarjo,SR-JTM-10,Rizky,0.8299,High,2.6040,2.1609,83,Only 1 orders in 90 days (typical healthy: 10),No order for 83 days,Only 5 SKUs per order (typical healthy: 10),Call this week to confirm next order; check shelf stock
187.0000,Warung lane,OUT-11884,Warung Anugerah 8,Warung,Jawa Timur,Surabaya,SR-JTM-03,Indra,0.9333,High,2.2960,2.1428,67,Only 1 orders in 90 days (typical healthy: 10),No order for 67 days,Only 1 SKUs per order (typical healthy: 10),Call this week to confirm next order; check shelf stock
188.0000,Warung lane,OUT-12260,Toko Maju Jaya Cimahi,Warung,Jawa Barat,Cimahi,SR-JBR-03,Wulan,0.5655,High,3.7040,2.0947,43,Only 1 orders in 90 days (typical healthy: 10),No order for 43 days,Only 4 SKUs per order (typical healthy: 10),Call this week to confirm next order; check shelf stock
189.0000,Warung lane,OUT-10365,Toko Makmur Gresik,Warung,Jawa Timur,Gresik,SR-JTM-10,Rizky,0.8001,High,2.4360,1.9489,71,Only 1 orders in 90 days (typical healthy: 10),No order for 71 days,Only 5 SKUs per order (typical healthy: 10),Call this week to confirm next order; check shelf stock
190.0000,Warung lane,OUT-11974,Warung Barokah Tasikmalaya 8,Warung,Jawa Barat,Tasikmalaya,SR-JBR-08,Fitri,0.5370,High,3.4560,1.8560,39,Only 1 orders in 90 days (typical healthy: 10),No order for 39 days,Only 3 SKUs per order (typical healthy: 10),Call this week to confirm next order; check shelf stock
191.0000,Warung lane,OUT-10609,Warung Pelita Sidoarjo,Warung,Jawa Timur,Sidoarjo,SR-JTM-05,Kartika,0.8601,High,2.1400,1.8407,78,Only 1 orders in 90 days (typical healthy: 10),No order for 78 days,Only 1 SKUs per order (typical healthy: 10),Call this week to confirm next order; check shelf stock
192.0000,Warung lane,OUT-10251,Warung Maju Jaya Malang 7,Warung,Jawa Timur,Malang,SR-JTM-01,Gita,0.8250,High,2.0160,1.6631,70,Only 1 orders in 90 days (typical healthy: 10),No order for 70 days,Only 4 SKUs per order (typical healthy: 10),Call this week to confirm next order; check shelf stock
193.0000,Warung lane,OUT-12176,Toko Sumber Rezeki Purwokerto 8,Warung,Jawa Tengah,Purwokerto,SR-JTG-02,Yudi,0.7972,High,2.0640,1.6454,42,Only 1 orders in 90 days (typical healthy: 10),Only 1 SKUs per order (typical healthy: 10),No order for 42 days,Call this week to confirm next order; check shelf stock
194.0000,Warung lane,OUT-12308,Toko Karya Mandiri Cirebon,Warung,Jawa Barat,Cirebon,SR-JBR-05,Agus,0.8829,High,1.8360,1.6210,85,Only 1 orders in 90 days (typical healthy: 10),No order for 85 days,Only 1 SKUs per order (typical healthy: 10),Call this week to confirm next order; check shelf stock
195.0000,Warung lane,OUT-10467,Toko Subur 3,Warung,Jawa Timur,Sidoarjo,SR-JTM-09,Putri,0.8667,High,1.8680,1.6190,67,Only 1 orders in 90 days (typical healthy: 10),No order for 67 days,Only 3 SKUs per order (typical healthy: 10),Call this week to confirm next order; check shelf stock
196.0000,Warung lane,OUT-10534,Toko Makmur Kediri 2,Warung,Jawa Timur,Kediri,SR-JTM-07,Maya,0.8216,High,1.8760,1.5414,30,Only 1 orders in 90 days (typical healthy: 10),Only 2 SKUs per order (typical healthy: 10),Pays 50 days late on average,Call this week to confirm next order; check shelf stock
197.0000,Warung lane,OUT-11191,Warung Mulia Bandung 4,Warung,Jawa Barat,Bandung,SR-JBR-10,Irma,0.8203,High,1.8320,1.5027,78,Only 1 orders in 90 days (typical healthy: 10),No order for 78 days,Only 1 SKUs per order (typical healthy: 10),Call this week to confirm next order; check shelf stock
198.0000,Warung lane,OUT-10244,Warung Harapan Baru 1,Warung,Jawa Tengah,Pekalongan,SR-JTG-09,Fajar,0.8705,High,1.3840,1.2048,83,Only 1 orders in 90 days (typical healthy: 10),No order for 83 days,Pays 41 days late on average,Call this week to confirm next order; check shelf stock
199.0000,Warung lane,OUT-11614,Toko Subur Tasikmalaya,Warung,Jawa Barat,Tasikmalaya,SR-JBR-01,Sari,0.8123,High,0.9880,0.8025,87,Only 1 orders in 90 days (typical healthy: 10),No order for 87 days,Only 1 SKUs per order (typical healthy: 10),Call this week to confirm next order; check shelf stock
200.0000,Warung lane,OUT-11297,Toko Segar Jaya Depok,Warung,Jabodetabek,Depok,SR-JKT-12,Lukman,0.5310,High,1.0640,0.5649,87,Only 1 orders in 90 days (typical healthy: 10),No order for 87 days,Only 7 SKUs per order (typical healthy: 10),Call this week to confirm next order; check shelf stock
,,OUT-10602,Swalayan Mitra Usaha Surabaya,Supermarket,Jawa Timur,Surabaya,SR-JTM-06,Lukman,0.0428,Low,1150.8680,49.2542,12,No order for 12 days,Jawa Timur: regional churn running high,No rep visit for 47 days,Call this week to confirm next order; check shelf stock
,,OUT-10269,Supermarket Setia Kawan Bekasi,Supermarket,Jabodetabek,Bekasi,SR-JKT-09,Indra,0.0468,Low,1027.2960,48.0852,11,Pays 12 days late on average,No order for 11 days,2 rep visits in 60 days,Agree a payment plan with Finance before pushing new stock
,,OUT-10641,Supermarket Sinar Abadi Kediri,Supermarket,Jawa Timur,Kediri,SR-JTM-07,Maya,0.0312,Low,1328.2960,41.4187,3,Pays 12 days late on average,Jawa Timur: regional churn running high,1 complaint(s) in 90 days,Agree a payment plan with Finance before pushing new stock
,,OUT-10738,Supermarket Anugerah Bandung 7,Supermarket,Jawa Barat,Bandung,SR-JBR-10,Irma,0.0322,Low,1284.7040,41.3920,12,No order for 12 days,Pays 7 days late on average,No rep visit for 75 days,Call this week to confirm next order; check shelf stock
,,OUT-11786,Swalayan Anugerah Pematangsiantar,Supermarket,Sumatera Utara,Pematangsiantar,SR-SMU-06,Bayu,0.0286,Low,1224.0440,35.0195,5,Pays 6 days late on average,No rep visit for 32 days,,Agree a payment plan with Finance before pushing new stock
,,OUT-11507,UD Harapan Baru Gresik,Grosir,Jawa Timur,Gresik,SR-JTM-09,Putri,0.0483,Low,688.9600,33.2599,28,No order for 28 days,No rep visit for 92 days,Jawa Timur: regional churn running high,Call this week to confirm next order; check shelf stock
,,OUT-11209,Supermarket Mulia Tangerang,Supermarket,Jabodetabek,Tangerang,SR-JKT-02,Budi,0.0303,Low,1078.3280,32.6983,4,Pays 8 days late on average,3 complaint(s) in 90 days,No rep visit for 42 days,Agree a payment plan with Finance before pushing new stock
,,OUT-10292,Supermarket Bintang Timur,Supermarket,Jabodetabek,Jakarta Barat,SR-JKT-04,Dewi,0.0394,Low,813.1680,32.0780,6,Pays 8 days late on average,No rep visit for 59 days,1 complaint(s) in 90 days,Agree a payment plan with Finance before pushing new stock
,,OUT-12389,Swalayan Berkah Sidoarjo,Supermarket,Jawa Timur,Sidoarjo,SR-JTM-07,Maya,0.0290,Low,1099.6440,31.8601,3,Jawa Timur: regional churn running high,Revenue -58% vs prior 90 days,Pays 5 days late on average,Competitor watch: secure top-10 SKU availability
,,OUT-10446,Supermarket Segar Jaya,Supermarket,Jawa Timur,Kediri,SR-JTM-03,Indra,0.0450,Low,696.1120,31.3267,1,Pays 8 days late on average,2 complaint(s) in 90 days,Jawa Timur: regional churn running high,Agree a payment plan with Finance before pushing new stock
,,OUT-11287,Swalayan Tunas Baru Tasikmalaya,Supermarket,Jawa Barat,Tasikmalaya,SR-JBR-06,Bayu,0.0288,Low,1077.0840,31.0700,10,No order for 10 days,Pays 8 days late on average,1 complaint(s) in 90 days,Call this week to confirm next order; check shelf stock
,,OUT-11032,Swalayan Damai,Supermarket,Jawa Timur,Unknown,SR-JTM-06,Lukman,0.0427,Low,691.1800,29.4867,1,Pays 13 days late on average,Jawa Timur: regional churn running high,SKU range -41% vs prior 90 days,Agree a payment plan with Finance before pushing new stock
,,OUT-11282,Supermarket Murah Meriah Cimahi,Supermarket,Jawa Barat,Cimahi,SR-JBR-02,Taufik,0.0281,Low,1027.6080,28.8687,4,Pays 8 days late on average,,,Agree a payment plan with Finance before pushing new stock
,,OUT-12465,Supermarket Indah 7,Supermarket,Jabodetabek,Jakarta Timur,SR-JKT-01,Andi,0.0337,Low,827.8320,27.8823,4,Pays 6 days late on average,1 complaint(s) in 90 days,Revenue -56% vs prior 90 days,Agree a payment plan with Finance before pushing new stock
,,OUT-12158,Supermarket Berkah,Supermarket,Jabodetabek,Depok,SR-JKT-08,Hendra,0.0178,Low,1559.8880,27.7865,7,No order for 7 days,Pays 5 days late on average,,Call this week to confirm next order; check shelf stock
,,OUT-12344,Swalayan Cahaya Bandung,Supermarket,Jawa Barat,Bandung,SR-JBR-10,Irma,0.0436,Low,636.0560,27.7347,5,Pays 11 days late on average,No rep visit for 30 days,New partner (7 months),Agree a payment plan with Finance before pushing new stock
,,OUT-10046,Swalayan Sinar Abadi Surabaya,Supermarket,Jawa Timur,Surabaya,SR-JTM-05,Kartika,0.0385,Low,715.9800,27.5882,12,No order for 12 days,Pays 9 days late on average,Jawa Timur: regional churn running high,Call this week to confirm next order; check shelf stock
,,OUT-11275,Supermarket Setia Kawan,Supermarket,Jabodetabek,Bogor,SR-JKT-06,Fajar,0.0416,Low,653.8720,27.2184,8,Pays 9 days late on average,No order for 8 days,Revenue -51% vs prior 90 days,Agree a payment plan with Finance before pushing new stock
,,OUT-11893,Supermarket Maju Jaya Solo 8,Supermarket,Jawa Tengah,Solo,SR-JTG-05,Budi,0.0247,Low,1059.0360,26.1583,11,No order for 11 days,Pays 8 days late on average,,Call this week to confirm next order; check shelf stock
,,OUT-11245,Swalayan Indah Cirebon,Supermarket,Jawa Barat,Cirebon,SR-JBR-06,Bayu,0.0339,Low,763.5480,25.8962,6,Pays 9 days late on average,1 complaint(s) in 90 days,No order for 6 days,Agree a payment plan with Finance before pushing new stock
,,OUT-11172,Supermarket Tunas Baru,Supermarket,Jawa Timur,Kediri,SR-JTM-05,Kartika,0.0319,Low,798.7920,25.4638,9,No order for 9 days,Pays 7 days late on average,Jawa Timur: regional churn running high,Call this week to confirm next order; check shelf stock
,,OUT-10472,Supermarket Murah Meriah 5,Supermarket,Jawa Tengah,Semarang,SR-JTG-05,Budi,0.0262,Low,953.0440,24.9874,12,No order for 12 days,No rep visit for 26 days,,Call this week to confirm next order; check shelf stock
,,OUT-11500,Supermarket Bahagia Kediri,Supermarket,Jawa Timur,Kediri,SR-JTM-05,Kartika,0.0275,Low,897.6160,24.6590,2,Pays 10 days late on average,Jawa Timur: regional churn running high,No rep visit for 43 days,Agree a payment plan with Finance before pushing new stock
,,OUT-10731,Supermarket Sentosa Tasikmalaya,Supermarket,Jawa Barat,Tasikmalaya,SR-JBR-04,Yoga,0.0261,Low,932.4480,24.3578,5,Pays 7 days late on average,1 complaint(s) in 90 days,,Agree a payment plan with Finance before pushing new stock
,,OUT-11391,Supermarket Mulia Maros,Supermarket,Sulawesi Selatan,Maros,SR-SLS-03,Hadi,0.0233,Low,1039.7200,24.2772,16,No order for 16 days,1 complaint(s) in 90 days,,Call this week to confirm next order; check shelf stock
,,OUT-10948,Swalayan Mulia 4,Supermarket,Sumatera Utara,Pematangsiantar,SR-SMU-01,Sari,0.0472,Low,511.2720,24.1405,1,Pays 16 days late on average,1 rep visits in 60 days,,Agree a payment plan with Finance before pushing new stock
,,OUT-10605,Supermarket Setia Kawan 2,Supermarket,Sulawesi Selatan,Maros,SR-SLS-02,Fitri,0.0213,Low,1113.4520,23.7502,5,Pays 9 days late on average,,,Agree a payment plan with Finance before pushing new stock
,,OUT-11285,Swalayan Cahaya,Supermarket,Sulawesi Selatan,Maros,SR-SLS-04,Irma,0.0467,Low,508.4160,23.7401,4,Pays 10 days late on average,No rep visit for 82 days,0 rep visits in 60 days,Agree a payment plan with Finance before pushing new stock
,,OUT-10993,Toko Grosir Damai Surabaya,Grosir,Jawa Timur,Surabaya,SR-JTM-09,Putri,0.0406,Low,546.1920,22.1574,4,Pays 8 days late on average,Jawa Timur: regional churn running high,1 complaint(s) in 90 days,Agree a payment plan with Finance before pushing new stock
,,OUT-12596,Swalayan Barokah Binjai,Supermarket,Sumatera Utara,Binjai,SR-SMU-03,Wulan,0.0203,Low,1076.1680,21.8312,7,Pays 6 days late on average,No order for 7 days,,Agree a payment plan with Finance before pushing new stock
,,OUT-12440,Grosir Setia Kawan Kediri,Grosir,Jawa Timur,Kediri,SR-JTM-10,Rizky,0.0329,Low,662.6520,21.7975,1,Jawa Timur: regional churn running high,No rep visit for 53 days,1 rep visits in 60 days,Competitor watch: secure top-10 SKU availability
,,OUT-11358,Swalayan Berkah Tasikmalaya 7,Supermarket,Jawa Barat,Tasikmalaya,SR-JBR-01,Sari,0.0212,Low,1001.9880,21.2396,8,No order for 8 days,Pays 6 days late on average,1 complaint(s) in 90 days,Call this week to confirm next order; check shelf stock
,,OUT-12529,Swalayan Tunas Baru Medan 3,Supermarket,Sumatera Utara,Medan,SR-SMU-06,Bayu,0.0160,Low,1320.9320,21.1626,5,Pays 7 days late on average,,,Agree a payment plan with Finance before pushing new stock
,,OUT-10475,Toko Grosir Lancar Bekasi,Grosir,Jabodetabek,Bekasi,SR-JKT-05,Eko,0.0316,Low,644.3600,20.3626,3,,,,"Account review: large account, no single warning sign"
,,OUT-12010,Supermarket Barokah Surabaya,Supermarket,Jawa Timur,Surabaya,SR-JTM-02,Hendra,0.0236,Low,850.2760,20.0689,10,No order for 10 days,Pays 8 days late on average,Jawa Timur: regional churn running high,Call this week to confirm next order; check shelf stock
,,OUT-11719,Toko Grosir Pelita Surabaya,Grosir,Jawa Timur,Surabaya,SR-JTM-09,Putri,0.0325,Low,610.3280,19.8478,8,No rep visit for 94 days,No order for 8 days,Jawa Timur: regional churn running high,Book a rep visit within 7 days
,,OUT-11988,Supermarket Sumber Rezeki Malang 8,Supermarket,Jawa Timur,Malang,SR-JTM-03,Indra,0.0177,Low,1119.0160,19.8330,9,No order for 9 days,Jawa Timur: regional churn running high,Pays 5 days late on average,Call this week to confirm next order; check shelf stock
,,OUT-12160,Swalayan Pelita Barat 3,Supermarket,Jabodetabek,Jakarta Barat,SR-JKT-13,Maya,0.0358,Low,538.2160,19.2827,15,No order for 15 days,Revenue -61% vs prior 90 days,Pays 5 days late on average,Call this week to confirm next order; check shelf stock
,,OUT-10549,UD Subur,Grosir,Jawa Timur,Gresik,SR-JTM-07,Maya,0.0391,Low,474.8120,18.5770,4,Pays 7 days late on average,Jawa Timur: regional churn running high,,Agree a payment plan with Finance before pushing new stock
,,OUT-11027,Swalayan Pelita Parepare,Supermarket,Sulawesi Selatan,Parepare,SR-SLS-02,Fitri,0.0154,Low,1206.7880,18.5716,8,Pays 9 days late on average,No order for 8 days,,Agree a payment plan with Finance before pushing new stock
,,OUT-11961,Swalayan Tunas Baru Semarang,Supermarket,Jawa Tengah,Semarang,SR-JTG-07,Dewi,0.0246,Low,749.8360,18.4579,2,Pays 8 days late on average,2 complaint(s) in 90 days,,Agree a payment plan with Finance before pushing new stock
,,OUT-10212,UD Mekar Sari 2,Grosir,Jawa Tengah,Pekalongan,SR-JTG-07,Dewi,0.0450,Low,404.2040,18.1712,8,Pays 7 days late on average,No order for 8 days,No rep visit for 53 days,Agree a payment plan with Finance before pushing new stock
,,OUT-12547,Swalayan Setia Kawan Maros,Supermarket,Sulawesi Selatan,Maros,SR-SLS-03,Hadi,0.0201,Low,899.9160,18.1084,4,1 complaint(s) in 90 days,,,Close the open complaint first (service recovery)
,,OUT-10412,Supermarket Harapan Baru,Supermarket,Jawa Timur,Kediri,SR-JTM-05,Kartika,0.0187,Low,965.7440,18.0193,10,No order for 10 days,Jawa Timur: regional churn running high,,Call this week to confirm next order; check shelf stock
,,OUT-11685,Supermarket Berkah Depok,Supermarket,Jabodetabek,Depok,SR-JKT-15,Putri,0.0296,Low,608.9360,17.9950,0,No rep visit on record,Pays 6 days late on average,0 rep visits in 60 days,Book a rep visit within 7 days
,,OUT-10726,Toko Grosir Bintang Timur Barat,Grosir,Jabodetabek,Jakarta Barat,SR-JKT-12,Lukman,0.0329,Low,544.8920,17.9244,3,Pays 9 days late on average,1 complaint(s) in 90 days,Revenue -43% vs prior 90 days,Agree a payment plan with Finance before pushing new stock
,,OUT-10297,Swalayan Karya Mandiri 1,Supermarket,Sulawesi Selatan,Makassar,SR-SLS-04,Irma,0.0095,Low,1866.5000,17.6641,19,No order for 19 days,,,Call this week to confirm next order; check shelf stock
,,OUT-10961,Grosir Mitra Usaha Purwokerto,Grosir,Jawa Tengah,Purwokerto,SR-JTG-05,Budi,0.0438,Low,403.0280,17.6521,11,No order for 11 days,1 complaint(s) in 90 days,Pays 5 days late on average,Call this week to confirm next order; check shelf stock
,,OUT-11179,Grosir Lancar 5,Grosir,Jabodetabek,Bogor,SR-JKT-15,Putri,0.0462,Low,374.1800,17.2758,18,No order for 18 days,Revenue -41% vs prior 90 days,2 rep visits in 60 days,Call this week to confirm next order; check shelf stock
,,OUT-10855,Supermarket Indah 1,Supermarket,Jabodetabek,Tangerang,SR-JKT-16,Rizky,0.0176,Low,969.0080,17.0766,3,Pays 12 days late on average,,,Agree a payment plan with Finance before pushing new stock
,,OUT-10229,Toko Grosir Mulia Kediri,Grosir,Jawa Timur,Kediri,SR-JTM-04,Joko,0.0398,Low,427.4960,17.0250,1,Jawa Timur: regional churn running high,No rep visit for 67 days,Pays 6 days late on average,Competitor watch: secure top-10 SKU availability
,,OUT-11371,Swalayan Makmur Bekasi,Supermarket,Jabodetabek,Bekasi,SR-JKT-10,Joko,0.0239,Low,708.1760,16.9006,7,Pays 9 days late on average,No order for 7 days,1 complaint(s) in 90 days,Agree a payment plan with Finance before pushing new stock
,,OUT-11521,Supermarket Lancar Karawang,Supermarket,Jawa Barat,Karawang,SR-JBR-10,Irma,0.0203,Low,805.0840,16.3671,8,No order for 8 days,,,Call this week to confirm next order; check shelf stock
,,OUT-10692,UD Karya Mandiri Binjai,Grosir,Sumatera Utara,Binjai,SR-SMU-02,Taufik,0.0292,Low,557.0520,16.2854,10,No order for 10 days,1 complaint(s) in 90 days,No rep visit for 32 days,Call this week to confirm next order; check shelf stock
,,OUT-10435,Supermarket Sentosa Barat,Supermarket,Jabodetabek,Jakarta Barat,SR-JKT-07,Gita,0.0257,Low,616.3840,15.8166,3,Pays 8 days late on average,Revenue -65% vs prior 90 days,,Agree a payment plan with Finance before pushing new stock
,,OUT-11059,Grosir Barokah Solo 7,Grosir,Jawa Tengah,Solo,SR-JTG-05,Budi,0.0340,Low,463.2960,15.7584,9,Pays 8 days late on average,No order for 9 days,,Agree a payment plan with Finance before pushing new stock
,,OUT-11515,UD Sejahtera Medan,Grosir,Sumatera Utara,Medan,SR-SMU-04,Yoga,0.0305,Low,501.5160,15.3069,11,No order for 11 days,1 complaint(s) in 90 days,,Call this week to confirm next order; check shelf stock
,,OUT-10574,Supermarket Anugerah Gresik 8,Supermarket,Jawa Timur,Gresik,SR-JTM-02,Hendra,0.0188,Low,811.0480,15.2658,5,Pays 6 days late on average,Jawa Timur: regional churn running high,,Agree a payment plan with Finance before pushing new stock
,,OUT-10354,Swalayan Mitra Usaha,Supermarket,Jawa Tengah,Solo,SR-JTG-01,Teguh,0.0163,Low,935.8360,15.2541,2,Pays 12 days late on average,,,Agree a payment plan with Finance before pushing new stock
,,OUT-11469,Swalayan Barokah 6,Supermarket,Jawa Timur,Surabaya,SR-JTM-02,Hendra,0.0200,Low,750.3160,15.0347,2,Pays 9 days late on average,2 complaint(s) in 90 days,Jawa Timur: regional churn running high,Agree a payment plan with Finance before pushing new stock
,,OUT-12224,Grosir Rukun Bogor 2,Grosir,Jabodetabek,Bogor,SR-JKT-13,Maya,0.0277,Low,542.3200,15.0250,15,No order for 15 days,No rep visit for 27 days,,Call this week to confirm next order; check shelf stock
,,OUT-11139,UD Mulia Depok,Grosir,Jabodetabek,Depok,SR-JKT-05,Eko,0.0391,Low,383.9280,15.0226,8,No order for 8 days,No rep visit for 57 days,Pays 4 days late on average,Call this week to confirm next order; check shelf stock
,,OUT-10587,Grosir Murah Meriah Bogor 8,Grosir,Jabodetabek,Bogor,SR-JKT-04,Dewi,0.0336,Low,445.2480,14.9464,3,Pays 7 days late on average,,,Agree a payment plan with Finance before pushing new stock
,,OUT-10056,Swalayan Sejahtera Surabaya 3,Supermarket,Jawa Timur,Surabaya,SR-JTM-01,Gita,0.0121,Low,1225.6600,14.8368,7,Jawa Timur: regional churn running high,,,Competitor watch: secure top-10 SKU availability
,,OUT-12561,Supermarket Cahaya Pekalongan,Supermarket,Jawa Tengah,Pekalongan,SR-JTG-06,Citra,0.0173,Low,830.7960,14.3414,2,Pays 8 days late on average,Revenue -66% vs prior 90 days,,Agree a payment plan with Finance before pushing new stock
,,OUT-11668,UD Rukun,Grosir,Jabodetabek,Jakarta Barat,SR-JKT-02,Budi,0.0323,Low,442.6320,14.2788,8,No order for 8 days,,,Call this week to confirm next order; check shelf stock
,,OUT-11578,Swalayan Mitra Usaha Serdang 7,Supermarket,Sumatera Utara,Deli Serdang,SR-SMU-06,Bayu,0.0246,Low,571.9600,14.0798,6,Pays 6 days late on average,Revenue -71% vs prior 90 days,1 complaint(s) in 90 days,Agree a payment plan with Finance before pushing new stock
,,OUT-11458,Swalayan Sentosa Karawang,Supermarket,Jawa Barat,Karawang,SR-JBR-07,Dimas,0.0213,Low,654.4840,13.9511,3,Pays 6 days late on average,1 complaint(s) in 90 days,Revenue -55% vs prior 90 days,Agree a payment plan with Finance before pushing new stock
,,OUT-11330,Supermarket Berkah Depok 2,Supermarket,Jabodetabek,Depok,SR-JKT-13,Maya,0.0224,Low,621.2080,13.9115,1,Pays 11 days late on average,Revenue -57% vs prior 90 days,,Agree a payment plan with Finance before pushing new stock
,,OUT-11619,Supermarket Sumber Rezeki Makassar,Supermarket,Sulawesi Selatan,Makassar,SR-SLS-03,Hadi,0.0076,Low,1818.9600,13.8853,15,No order for 15 days,,,Call this week to confirm next order; check shelf stock
,,OUT-11662,Swalayan Maju Jaya Sidoarjo,Supermarket,Jawa Timur,Sidoarjo,SR-JTM-01,Gita,0.0119,Low,1153.9680,13.7595,2,Jawa Timur: regional churn running high,,,Competitor watch: secure top-10 SKU availability
,,OUT-10309,Swalayan Murah Meriah Depok 8,Supermarket,Jabodetabek,Depok,SR-JKT-02,Budi,0.0112,Low,1220.1480,13.6661,3,,,,"Account review: large account, no single warning sign"
,,OUT-12056,UD Mekar Sari Solo 5,Grosir,Jawa Tengah,Solo,SR-JTG-08,Eko,0.0281,Low,486.6000,13.6651,6,Pays 10 days late on average,No rep visit for 27 days,No order for 6 days,Agree a payment plan with Finance before pushing new stock
,,OUT-10662,Grosir Cahaya Binjai 3,Grosir,Sumatera Utara,Binjai,SR-SMU-03,Wulan,0.0499,Low,271.8440,13.5535,22,No order for 22 days,Only 9 orders in 90 days (typical healthy: 10),Revenue -32% vs prior 90 days,Call this week to confirm next order; check shelf stock
,,OUT-10392,UD Tunas Baru Bekasi,Grosir,Jabodetabek,Bekasi,SR-JKT-05,Eko,0.0240,Low,563.4640,13.5379,17,No order for 17 days,Pays 7 days late on average,,Call this week to confirm next order; check shelf stock
,,OUT-11132,Supermarket Karya Mandiri Magelang,Supermarket,Jawa Tengah,Magelang,SR-JTG-08,Eko,0.0222,Low,606.7160,13.4687,2,Pays 8 days late on average,No rep visit for 60 days,0 rep visits in 60 days,Agree a payment plan with Finance before pushing new stock
,,OUT-10999,Swalayan Sumber Rezeki Maros 6,Supermarket,Sulawesi Selatan,Maros,SR-SLS-02,Fitri,0.0098,Low,1370.9800,13.3855,1,,,,"Account review: large account, no single warning sign"
,,OUT-12599,Toko Grosir Murah Meriah Makassar,Grosir,Sulawesi Selatan,Makassar,SR-SLS-05,Rina,0.0226,Low,590.4800,13.3481,8,Pays 7 days late on average,No order for 8 days,,Agree a payment plan with Finance before pushing new stock
,,OUT-11525,Swalayan Mulia 7,Supermarket,Jawa Timur,Gresik,SR-JTM-10,Rizky,0.0111,Low,1194.3080,13.2176,4,,,,"Account review: large account, no single warning sign"
,,OUT-11900,Grosir Bintang Timur 7,Grosir,Jabodetabek,Depok,SR-JKT-14,Nanda,0.0284,Low,464.6320,13.2017,4,Pays 7 days late on average,1 complaint(s) in 90 days,,Agree a payment plan with Finance before pushing new stock
,,OUT-12046,Supermarket Cahaya Tangerang,Supermarket,Jabodetabek,Tangerang,SR-JKT-11,Kartika,0.0186,Low,706.0640,13.1552,9,Pays 11 days late on average,No order for 9 days,,Agree a payment plan with Finance before pushing new stock
,,OUT-10674,UD Maju Jaya 8,Grosir,Jawa Timur,Sidoarjo,SR-JTM-09,Putri,0.0318,Low,408.9440,12.9907,2,Pays 7 days late on average,Jawa Timur: regional churn running high,1 complaint(s) in 90 days,Agree a payment plan with Finance before pushing new stock
,,OUT-10189,Swalayan Bintang Timur,Supermarket,Jawa Timur,Gresik,SR-JTM-03,Indra,0.0221,Low,582.1480,12.8844,1,Pays 13 days late on average,Jawa Timur: regional churn running high,,Agree a payment plan with Finance before pushing new stock
,,OUT-11923,Toko Grosir Tunas Baru Semarang 4,Grosir,Jawa Tengah,Semarang,SR-JTG-01,Teguh,0.0495,Low,257.0800,12.7133,3,Pays 18 days late on average,2 complaint(s) in 90 days,Revenue -46% vs prior 90 days,Agree a payment plan with Finance before pushing new stock
,,OUT-10626,Toko Grosir Sejahtera Cirebon,Grosir,Jawa Barat,Cirebon,SR-JBR-01,Sari,0.0339,Low,373.2840,12.6417,6,Pays 10 days late on average,1 complaint(s) in 90 days,Revenue -46% vs prior 90 days,Agree a payment plan with Finance before pushing new stock
,,OUT-11957,Toko Grosir Setia Kawan Purwokerto,Grosir,Jawa Tengah,Purwokerto,SR-JTG-07,Dewi,0.0425,Low,296.8880,12.6254,13,No order for 13 days,Pays 7 days late on average,Revenue -23% vs prior 90 days,Call this week to confirm next order; check shelf stock
,,OUT-10039,Grosir Maju Jaya,Grosir,Jabodetabek,Jakarta Barat,SR-JKT-04,Dewi,0.0363,Low,347.1280,12.6059,20,No order for 20 days,1 rep visits in 60 days,Pays 4 days late on average,Call this week to confirm next order; check shelf stock
,,OUT-11947,Swalayan Rukun Depok,Supermarket,Jabodetabek,Depok,SR-JKT-07,Gita,0.0154,Low,815.9440,12.5557,2,,,,"Account review: large account, no single warning sign"
,,OUT-10413,Grosir Makmur,Grosir,Jabodetabek,Tangerang,SR-JKT-16,Rizky,0.0238,Low,524.4320,12.4994,4,Pays 8 days late on average,1 complaint(s) in 90 days,,Agree a payment plan with Finance before pushing new stock
,,OUT-10914,Swalayan Anugerah Parepare,Supermarket,Sulawesi Selatan,Parepare,SR-SLS-02,Fitri,0.0139,Low,894.6720,12.4590,2,Pays 9 days late on average,,,Agree a payment plan with Finance before pushing new stock
,,OUT-11198,Toko Grosir Setia Kawan Kediri 1,Grosir,Jawa Timur,Kediri,SR-JTM-07,Maya,0.0417,Low,293.5120,12.2443,3,Pays 7 days late on average,Jawa Timur: regional churn running high,Only 9 orders in 90 days (typical healthy: 10),Agree a payment plan with Finance before pushing new stock
,,OUT-11123,Toko Grosir Bahagia Medan 2,Grosir,Sumatera Utara,Medan,SR-SMU-01,Sari,0.0277,Low,423.5200,11.7109,3,No rep visit for 81 days,0 rep visits in 60 days,Revenue -47% vs prior 90 days,Book a rep visit within 7 days
,,OUT-10559,Swalayan Mekar Sari Pekalongan,Supermarket,Jawa Tengah,Pekalongan,SR-JTG-09,Fajar,0.0173,Low,660.7720,11.4420,1,Pays 9 days late on average,,,Agree a payment plan with Finance before pushing new stock
,,OUT-10530,Supermarket Harapan Baru Bandung,Supermarket,Jawa Barat,Bandung,SR-JBR-03,Wulan,0.0102,Low,1094.6640,11.1730,10,No order for 10 days,,,Call this week to confirm next order; check shelf stock
,,OUT-10162,Supermarket Makmur,Supermarket,Sumatera Utara,Deli Serdang,SR-SMU-06,Bayu,0.0078,Low,1440.4880,11.1640,3,,,,"Account review: large account, no single warning sign"
,,OUT-11518,UD Makmur Maros,Grosir,Sulawesi Selatan,Maros,SR-SLS-04,Irma,0.0258,Low,425.4080,10.9718,2,Pays 7 days late on average,1 complaint(s) in 90 days,Revenue -48% vs prior 90 days,Agree a payment plan with Finance before pushing new stock
,,OUT-12357,Grosir Sejahtera Solo,Grosir,Jawa Tengah,Solo,SR-JTG-04,Andi,0.0224,Low,489.1640,10.9525,14,No order for 14 days,1 complaint(s) in 90 days,,Call this week to confirm next order; check shelf stock
,,OUT-10256,Supermarket Subur,Supermarket,Jawa Timur,Gresik,SR-JTM-06,Lukman,0.0095,Low,1149.7480,10.9506,12,No order for 12 days,,,Call this week to confirm next order; check shelf stock
,,OUT-11466,Grosir Bintang Timur 4,Grosir,Jawa Timur,Sidoarjo,SR-JTM-06,Lukman,0.0280,Low,387.9800,10.8622,3,2 complaint(s) in 90 days,Jawa Timur: regional churn running high,Pays 5 days late on average,Close the open complaint first (service recovery)
,,OUT-11931,Toko Grosir Berkah Gresik,Grosir,Jawa Timur,Gresik,SR-JTM-01,Gita,0.0341,Low,316.5360,10.8046,1,Jawa Timur: regional churn running high,Pays 6 days late on average,1 complaint(s) in 90 days,Competitor watch: secure top-10 SKU availability
,,OUT-10066,UD Harapan Baru,Grosir,Jawa Tengah,Magelang,SR-JTG-03,Lestari,0.0170,Low,633.0880,10.7863,8,No order for 8 days,,,Call this week to confirm next order; check shelf stock
,,OUT-11522,Grosir Sinar Abadi Semarang,Grosir,Jawa Tengah,Semarang,SR-JTG-06,Citra,0.0211,Low,511.7640,10.7851,4,Pays 9 days late on average,,,Agree a payment plan with Finance before pushing new stock
,,OUT-11735,UD Berkah Serdang,Grosir,Sumatera Utara,Deli Serdang,SR-SMU-02,Taufik,0.0161,Low,666.6200,10.7048,3,2 complaint(s) in 90 days,,,Close the open complaint first (service recovery)
,,OUT-11050,Toko Grosir Rukun Depok,Grosir,Jabodetabek,Depok,SR-JKT-09,Indra,0.0340,Low,309.7320,10.5461,12,No order for 12 days,Only 8 orders in 90 days (typical healthy: 10),,Call this week to confirm next order; check shelf stock
,,OUT-11642,Grosir Sentosa Bogor,Grosir,Jabodetabek,Bogor,SR-JKT-05,Eko,0.0209,Low,500.8560,10.4491,19,No order for 19 days,2 complaint(s) in 90 days,,Call this week to confirm next order; check shelf stock
,,OUT-12437,Swalayan Lancar Semarang,Supermarket,Jawa Tengah,Semarang,SR-JTG-04,Andi,0.0074,Low,1396.3720,10.2948,8,,,,"Account review: large account, no single warning sign"
,,OUT-11117,Grosir Sumber Rezeki Bekasi 6,Grosir,Jabodetabek,Bekasi,SR-JKT-07,Gita,0.0268,Low,383.9640,10.2840,2,Pays 9 days late on average,2 complaint(s) in 90 days,,Agree a payment plan with Finance before pushing new stock
,,OUT-11456,UD Setia Kawan Depok 3,Grosir,Jabodetabek,Depok,SR-JKT-08,Hendra,0.0426,Low,240.5080,10.2358,1,Pays 11 days late on average,No rep visit for 97 days,Only 8 orders in 90 days (typical healthy: 10),Agree a payment plan with Finance before pushing new stock
,,OUT-12586,UD Mitra Usaha Karawang,Grosir,Jawa Barat,Karawang,SR-JBR-07,Dimas,0.0294,Low,343.0000,10.0787,10,No order for 10 days,Pays 7 days late on average,1 complaint(s) in 90 days,Call this week to confirm next order; check shelf stock
,,OUT-11802,Toko Grosir Sinar Abadi,Grosir,Jawa Tengah,Magelang,SR-JTG-05,Budi,0.0320,Low,313.1520,10.0163,9,No order for 9 days,Pays 6 days late on average,1 complaint(s) in 90 days,Call this week to confirm next order; check shelf stock
,,OUT-11247,Toko Grosir Maju Jaya Semarang,Grosir,Jawa Tengah,Semarang,SR-JTG-03,Lestari,0.0365,Low,273.7480,9.9969,6,Pays 8 days late on average,No order for 6 days,SKU range -31% vs prior 90 days,Agree a payment plan with Finance before pushing new stock
,,OUT-11468,Toko Grosir Barokah Timur,Grosir,Jabodetabek,Jakarta Timur,SR-JKT-11,Kartika,0.0354,Low,281.7400,9.9828,4,Pays 9 days late on average,Only 7 orders in 90 days (typical healthy: 10),2 complaint(s) in 90 days,Agree a payment plan with Finance before pushing new stock
,,OUT-11088,Supermarket Bahagia 4,Supermarket,Jawa Timur,Gresik,SR-JTM-06,Lukman,0.0073,Low,1366.4240,9.9451,1,,,,"Account review: large account, no single warning sign"
,,OUT-11807,Supermarket Sumber Rezeki Timur 1,Supermarket,Jabodetabek,Jakarta Timur,SR-JKT-04,Dewi,0.0104,Low,950.3720,9.9083,1,,,,"Account review: large account, no single warning sign"
,,OUT-11095,UD Mulia Purwokerto,Grosir,Jawa Tengah,Purwokerto,SR-JTG-05,Budi,0.0241,Low,400.1400,9.6621,6,Pays 8 days late on average,,,Agree a payment plan with Finance before pushing new stock
,,OUT-11982,UD Karya Mandiri Karawang,Grosir,Jawa Barat,Karawang,SR-JBR-06,Bayu,0.0240,Low,402.3440,9.6498,8,No order for 8 days,Revenue -51% vs prior 90 days,,Call this week to confirm next order; check shelf stock
,,OUT-10302,Swalayan Setia Kawan Bogor,Supermarket,Jabodetabek,Bogor,SR-JKT-11,Kartika,0.0085,Low,1123.6640,9.6051,7,,,,"Account review: large account, no single warning sign"
,,OUT-10095,Grosir Sinar Abadi Cirebon,Grosir,Jawa Barat,Cirebon,SR-JBR-11,Rina,0.0235,Low,408.9160,9.5958,13,No order for 13 days,Pays 8 days late on average,,Call this week to confirm next order; check shelf stock
,,OUT-12250,Toko Grosir Sinar Abadi Cirebon,Grosir,Jawa Barat,Cirebon,SR-JBR-11,Rina,0.0169,Low,555.1800,9.3798,9,No order for 9 days,Pays 6 days late on average,No rep visit for 40 days,Call this week to confirm next order; check shelf stock
,,OUT-12305,Grosir Anugerah Bandung,Grosir,Jawa Barat,Bandung,SR-JBR-06,Bayu,0.0227,Low,412.7720,9.3650,2,Pays 9 days late on average,1 rep visits in 60 days,,Agree a payment plan with Finance before pushing new stock
,,OUT-11039,UD Subur Karawang,Grosir,Jawa Barat,Karawang,SR-JBR-02,Taufik,0.0197,Low,466.3440,9.1750,11,No order for 11 days,,,Call this week to confirm next order; check shelf stock
,,OUT-11709,Swalayan Karya Mandiri,Supermarket,Sumatera Utara,Binjai,SR-SMU-02,Taufik,0.0095,Low,960.2960,9.1472,6,,,,"Account review: large account, no single warning sign"
,,OUT-10793,Supermarket Mitra Usaha,Supermarket,Jawa Barat,Tasikmalaya,SR-JBR-08,Fitri,0.0055,Low,1678.0120,9.1457,1,,,,"Account review: large account, no single warning sign"
,,OUT-10915,Swalayan Lancar,Supermarket,Sulawesi Selatan,Parepare,SR-SLS-01,Dimas,0.0100,Low,905.8520,9.0640,0,Pays 8 days late on average,No rep visit for 111 days,,Agree a payment plan with Finance before pushing new stock
,,OUT-10767,Toko Grosir Anugerah Bogor,Grosir,Jabodetabek,Bogor,SR-JKT-05,Eko,0.0199,Low,452.9320,8.9975,14,No order for 14 days,2 complaint(s) in 90 days,,Call this week to confirm next order; check shelf stock
,,OUT-11324,Supermarket Tunas Baru 3,Supermarket,Jawa Timur,Surabaya,SR-JTM-02,Hendra,0.0080,Low,1105.8680,8.8995,2,,,,"Account review: large account, no single warning sign"
,,OUT-10535,UD Mitra Usaha,Grosir,Jabodetabek,Bekasi,SR-JKT-01,Andi,0.0162,Low,543.8640,8.8253,12,No order for 12 days,,,Call this week to confirm next order; check shelf stock
,,OUT-10965,Supermarket Anugerah 3,Supermarket,Sulawesi Selatan,Parepare,SR-SLS-01,Dimas,0.0073,Low,1192.2760,8.7217,3,,,,"Account review: large account, no single warning sign"
,,OUT-12135,Swalayan Sentosa Semarang,Supermarket,Jawa Tengah,Semarang,SR-JTG-02,Yudi,0.0088,Low,981.4760,8.6439,5,,,,"Account review: large account, no single warning sign"
,,OUT-10878,Supermarket Maju Jaya Bandung,Supermarket,Jawa Barat,Bandung,SR-JBR-01,Sari,0.0047,Low,1775.1440,8.4200,7,,,,"Account review: large account, no single warning sign"
,,OUT-11661,Swalayan Makmur,Supermarket,Jabodetabek,Bekasi,SR-JKT-11,Kartika,0.0074,Low,1137.5360,8.3973,7,,,,"Account review: large account, no single warning sign"
,,OUT-10548,Grosir Mitra Usaha Timur,Grosir,Jabodetabek,Jakarta Timur,SR-JKT-13,Maya,0.0360,Low,228.5040,8.2210,1,Pays 15 days late on average,1 complaint(s) in 90 days,Only 9 orders in 90 days (typical healthy: 10),Agree a payment plan with Finance before pushing new stock
,,OUT-12307,Toko Grosir Barokah Solo,Grosir,Jawa Tengah,Solo,SR-JTG-04,Andi,0.0153,Low,535.5040,8.2092,2,Pays 10 days late on average,,,Agree a payment plan with Finance before pushing new stock
,,OUT-12495,Supermarket Cahaya Pematangsiantar,Supermarket,Sumatera Utara,Pematangsiantar,SR-SMU-01,Sari,0.0067,Low,1230.3960,8.2005,6,,,,"Account review: large account, no single warning sign"
,,OUT-10173,Swalayan Mitra Usaha 8,Supermarket,Jabodetabek,Jakarta Timur,SR-JKT-11,Kartika,0.0083,Low,977.7360,8.1077,5,,,,"Account review: large account, no single warning sign"
,,OUT-10545,Toko Grosir Sumber Rezeki Tangerang,Grosir,Jabodetabek,Tangerang,SR-JKT-02,Budi,0.0281,Low,288.3880,8.0905,3,Pays 8 days late on average,1 complaint(s) in 90 days,Revenue -44% vs prior 90 days,Agree a payment plan with Finance before pushing new stock
,,OUT-11310,Toko Grosir Lancar Makassar,Grosir,Sulawesi Selatan,Makassar,SR-SLS-04,Irma,0.0178,Low,454.1880,8.0716,5,1 complaint(s) in 90 days,,,Close the open complaint first (service recovery)
,,OUT-10041,UD Sumber Rezeki Cirebon,Grosir,Jawa Barat,Cirebon,SR-JBR-08,Fitri,0.0201,Low,400.5040,8.0529,4,No rep visit for 63 days,0 rep visits in 60 days,1 complaint(s) in 90 days,Book a rep visit within 7 days
,,OUT-11220,UD Bahagia,Grosir,Jabodetabek,Depok,SR-JKT-09,Indra,0.0249,Low,319.4960,7.9570,8,Pays 9 days late on average,2 complaint(s) in 90 days,No order for 8 days,Agree a payment plan with Finance before pushing new stock
,,OUT-10656,Grosir Indah Bandung,Grosir,Jawa Barat,Bandung,SR-JBR-09,Hadi,0.0265,Low,295.9960,7.8481,1,3 complaint(s) in 90 days,Pays 5 days late on average,No rep visit for 37 days,Close the open complaint first (service recovery)
,,OUT-12067,Grosir Anugerah Purwokerto,Grosir,Jawa Tengah,Purwokerto,SR-JTG-01,Teguh,0.0253,Low,308.8320,7.8141,8,No order for 8 days,Pays 6 days late on average,Revenue -45% vs prior 90 days,Call this week to confirm next order; check shelf stock
,,OUT-10882,Grosir Mekar Sari Solo,Grosir,Jawa Tengah,Solo,SR-JTG-08,Eko,0.0182,Low,428.0120,7.7721,7,No order for 7 days,,,Call this week to confirm next order; check shelf stock
,,OUT-11492,Toko Grosir Berkah Binjai,Grosir,Sumatera Utara,Binjai,SR-SMU-04,Yoga,0.0364,Low,213.1520,7.7545,1,Pays 10 days late on average,Only 8 orders in 90 days (typical healthy: 10),1 complaint(s) in 90 days,Agree a payment plan with Finance before pushing new stock
,,OUT-11171,Swalayan Berkah 8,Supermarket,Jawa Barat,Bandung,SR-JBR-02,Taufik,0.0051,Low,1508.2480,7.6380,5,,,,"Account review: large account, no single warning sign"
,,OUT-12084,Toko Grosir Maju Jaya 4,Grosir,Jabodetabek,Jakarta Timur,SR-JKT-04,Dewi,0.0116,Low,649.5280,7.5361,8,No order for 8 days,,,Call this week to confirm next order; check shelf stock
,,OUT-10943,Supermarket Cahaya 3,Supermarket,Jabodetabek,Tangerang,SR-JKT-05,Eko,0.0051,Low,1472.9520,7.5262,3,,,,"Account review: large account, no single warning sign"
,,OUT-11234,Toko Cahaya Sidoarjo,Minimarket,Jawa Timur,Sidoarjo,SR-JTM-10,Rizky,0.9201,High,8.0880,7.4414,71,Only 1 orders in 90 days (typical healthy: 10),No order for 71 days,Only 5 SKUs per order (typical healthy: 10),Call this week to confirm next order; check shelf stock
,,OUT-10543,Supermarket Maju Jaya,Supermarket,Sumatera Utara,Pematangsiantar,SR-SMU-01,Sari,0.0075,Low,990.7520,7.4359,0,,,,"Account review: large account, no single warning sign"
,,OUT-12052,Grosir Indah Barat 3,Grosir,Jabodetabek,Jakarta Barat,SR-JKT-15,Putri,0.0288,Low,257.5960,7.4147,9,No order for 9 days,Pays 4 days late on average,Only 9 orders in 90 days (typical healthy: 10),Call this week to confirm next order; check shelf stock
,,OUT-11723,Mini Market Sumber Rezeki Gresik,Minimarket,Jawa Timur,Gresik,SR-JTM-08,Nanda,0.0776,Low,95.4520,7.4057,21,No order for 21 days,Jawa Timur: regional churn running high,Pays 5 days late on average,Call this week to confirm next order; check shelf stock
,,OUT-10007,Toko Murah Meriah,Minimarket,Jawa Timur,Sidoarjo,SR-JTM-03,Indra,0.0928,Low,79.7200,7.4010,21,No order for 21 days,Pays 9 days late on average,Jawa Timur: regional churn running high,Call this week to confirm next order; check shelf stock
,,OUT-10237,Toko Mulia Bandung,Minimarket,Jawa Barat,Bandung,SR-JBR-04,Yoga,0.1239,Low,59.1120,7.3265,24,No order for 24 days,Only 5 orders in 90 days (typical healthy: 10),2 complaint(s) in 90 days,Call this week to confirm next order; check shelf stock
,,OUT-11035,Mini Market Damai Cimahi,Minimarket,Jawa Barat,Cimahi,SR-JBR-09,Hadi,0.1267,Low,57.4800,7.2850,24,No order for 24 days,Only 5 orders in 90 days (typical healthy: 10),No rep visit for 58 days,Call this week to confirm next order; check shelf stock
,,OUT-10862,UD Anugerah Malang,Grosir,Jawa Timur,Malang,SR-JTM-06,Lukman,0.0179,Low,405.3360,7.2626,11,No order for 11 days,Jawa Timur: regional churn running high,,Call this week to confirm next order; check shelf stock
,,OUT-11952,Toko Karya Mandiri Bogor 1,Minimarket,Jabodetabek,Bogor,SR-JKT-04,Dewi,0.1600,Medium,45.1440,7.2250,39,No order for 39 days,Only 3 orders in 90 days (typical healthy: 10),Revenue -81% vs prior 90 days,Call this week to confirm next order; check shelf stock
,,OUT-12505,UD Karya Mandiri Bogor,Grosir,Jabodetabek,Bogor,SR-JKT-01,Andi,0.0135,Low,535.3200,7.2215,16,No order for 16 days,,,Call this week to confirm next order; check shelf stock
,,OUT-10033,Swalayan Cahaya 5,Supermarket,Jawa Barat,Cimahi,SR-JBR-01,Sari,0.0068,Low,1057.3240,7.1980,5,,,,"Account review: large account, no single warning sign"
,,OUT-10501,Supermarket Mitra Usaha Surabaya 6,Supermarket,Jawa Timur,Surabaya,SR-JTM-09,Putri,0.0067,Low,1067.0040,7.1765,0,,,,"Account review: large account, no single warning sign"
,,OUT-10082,UD Lancar,Grosir,Jawa Barat,Bandung,SR-JBR-11,Rina,0.0138,Low,517.3360,7.1645,5,2 complaint(s) in 90 days,Pays 6 days late on average,,Close the open complaint first (service recovery)
,,OUT-11912,Mini Market Mulia Barat,Minimarket,Jabodetabek,Jakarta Barat,SR-JKT-03,Citra,0.0707,Low,101.0280,7.1469,25,No order for 25 days,Pays 5 days late on average,No rep visit for 18 days,Call this week to confirm next order; check shelf stock
,,OUT-11483,Toko Grosir Sumber Rezeki 7,Grosir,Jawa Tengah,Pekalongan,SR-JTG-05,Budi,0.0372,Low,191.8080,7.1384,5,Only 7 orders in 90 days (typical healthy: 10),Pays 5 days late on average,No rep visit for 26 days,Call this week to confirm next order; check shelf stock
,,OUT-11714,Grosir Sentosa,Grosir,Sumatera Utara,Medan,SR-SMU-05,Agus,0.0156,Low,455.4040,7.1169,2,Pays 7 days late on average,,,Agree a payment plan with Finance before pushing new stock
,,OUT-10449,Swalayan Rukun,Supermarket,Jabodetabek,Bogor,SR-JKT-03,Citra,0.0066,Low,1070.1520,7.0918,3,,,,"Account review: large account, no single warning sign"
,,OUT-11593,Toko Mulia Parepare,Minimarket,Sulawesi Selatan,Parepare,SR-SLS-03,Hadi,0.0576,Low,122.4520,7.0562,12,No order for 12 days,Pays 8 days late on average,1 complaint(s) in 90 days,Call this week to confirm next order; check shelf stock
,,OUT-11927,UD Damai 5,Grosir,Jawa Barat,Bandung,SR-JBR-05,Agus,0.0226,Low,309.2720,6.9883,10,No order for 10 days,Pays 5 days late on average,1 complaint(s) in 90 days,Call this week to confirm next order; check shelf stock
,,OUT-10963,Supermarket Setia Kawan Tangerang 1,Supermarket,Jabodetabek,Tangerang,SR-JKT-03,Citra,0.0065,Low,1069.9000,6.9763,1,,,,"Account review: large account, no single warning sign"
,,OUT-10470,Mini Market Damai Pekalongan,Minimarket,Jawa Tengah,Pekalongan,SR-JTG-09,Fajar,0.1827,Medium,38.1320,6.9669,19,No order for 19 days,Only 5 orders in 90 days (typical healthy: 10),3 complaint(s) in 90 days,Call this week to confirm next order; check shelf stock
,,OUT-10199,Toko Sentosa Bogor,Minimarket,Jabodetabek,Bogor,SR-JKT-03,Citra,0.1900,Medium,36.5600,6.9458,12,Only 4 orders in 90 days (typical healthy: 10),Only 7 SKUs per order (typical healthy: 10),No order for 12 days,Call this week to confirm next order; check shelf stock
,,OUT-11015,Toko Pelita Cirebon,Minimarket,Jawa Barat,Cirebon,SR-JBR-03,Wulan,0.3569,High,19.3680,6.9120,28,Only 3 orders in 90 days (typical healthy: 10),No order for 28 days,Pays 16 days late on average,Call this week to confirm next order; check shelf stock
,,OUT-10259,Toko Grosir Sentosa Barat,Grosir,Jabodetabek,Jakarta Barat,SR-JKT-13,Maya,0.0214,Low,322.5120,6.8909,4,Pays 7 days late on average,Only 8 orders in 90 days (typical healthy: 10),,Agree a payment plan with Finance before pushing new stock
,,OUT-11514,Toko Bintang Timur 5,Minimarket,Jawa Timur,Malang,SR-JTM-02,Hendra,0.1829,Medium,37.2880,6.8185,54,No order for 54 days,Only 4 orders in 90 days (typical healthy: 10),Jawa Timur: regional churn running high,Call this week to confirm next order; check shelf stock
,,OUT-12182,Supermarket Segar Jaya 2,Supermarket,Sulawesi Selatan,Maros,SR-SLS-01,Dimas,0.0092,Low,739.1800,6.7986,1,,,,"Account review: large account, no single warning sign"
,,OUT-10417,Swalayan Indah Depok,Supermarket,Jabodetabek,Depok,SR-JKT-03,Citra,0.0069,Low,991.3280,6.7985,10,,,,"Account review: large account, no single warning sign"
,,OUT-12589,Swalayan Maju Jaya 7,Supermarket,Jawa Barat,Cimahi,SR-JBR-06,Bayu,0.0043,Low,1569.5040,6.7946,9,,,,"Account review: large account, no single warning sign"
,,OUT-11852,Supermarket Segar Jaya Binjai 5,Supermarket,Sumatera Utara,Binjai,SR-SMU-03,Wulan,0.0056,Low,1206.7800,6.7751,6,,,,"Account review: large account, no single warning sign"
,,OUT-10155,Swalayan Mulia,Supermarket,Jabodetabek,Bogor,SR-JKT-05,Eko,0.0046,Low,1466.9600,6.7724,7,,,,"Account review: large account, no single warning sign"
,,OUT-10704,Supermarket Sejahtera,Supermarket,Sumatera Utara,Medan,SR-SMU-03,Wulan,0.0057,Low,1188.1040,6.7299,8,,,,"Account review: large account, no single warning sign"
,,OUT-10011,Supermarket Sinar Abadi 8,Supermarket,Jawa Barat,Tasikmalaya,SR-JBR-04,Yoga,0.0052,Low,1282.7120,6.7114,9,,,,"Account review: large account, no single warning sign"
,,OUT-12127,UD Barokah Cirebon,Grosir,Jawa Barat,Cirebon,SR-JBR-04,Yoga,0.0526,Low,127.6280,6.7098,45,No order for 45 days,Only 5 orders in 90 days (typical healthy: 10),Pays 9 days late on average,Call this week to confirm next order; check shelf stock
,,OUT-10536,Grosir Murah Meriah,Grosir,Jabodetabek,Jakarta Barat,SR-JKT-02,Budi,0.0155,Low,430.8200,6.6755,14,No order for 14 days,,,Call this week to confirm next order; check shelf stock
,,OUT-11938,UD Maju Jaya Solo,Grosir,Jawa Tengah,Solo,SR-JTG-03,Lestari,0.0131,Low,509.4200,6.6654,2,,,,"Account review: large account, no single warning sign"
,,OUT-11331,Mini Market Bahagia Malang 2,Minimarket,Jawa Timur,Malang,SR-JTM-05,Kartika,0.1228,Low,54.0040,6.6338,10,Pays 9 days late on average,No order for 10 days,Only 7 orders in 90 days (typical healthy: 10),Agree a payment plan with Finance before pushing new stock
,,OUT-10474,Toko Grosir Anugerah Depok 6,Grosir,Jabodetabek,Depok,SR-JKT-15,Putri,0.0158,Low,415.7600,6.5760,1,Pays 6 days late on average,,,Agree a payment plan with Finance before pushing new stock
,,OUT-11146,Toko Grosir Bahagia Cimahi,Grosir,Jawa Barat,Cimahi,SR-JBR-08,Fitri,0.0126,Low,517.7360,6.5340,2,Pays 8 days late on average,,,Agree a payment plan with Finance before pushing new stock
,,OUT-12129,Toko Maju Jaya Depok,Minimarket,Jabodetabek,Depok,SR-JKT-05,Eko,0.0618,Low,105.3920,6.5119,16,No order for 16 days,1 complaint(s) in 90 days,Only 9 orders in 90 days (typical healthy: 10),Call this week to confirm next order; check shelf stock
,,OUT-10014,Grosir Harapan Baru Medan,Grosir,Sumatera Utara,Medan,SR-SMU-01,Sari,0.0246,Low,264.2960,6.5021,15,No order for 15 days,No rep visit for 51 days,Revenue -54% vs prior 90 days,Call this week to confirm next order; check shelf stock
,,OUT-10630,Toko Karya Mandiri Surabaya,Minimarket,Jawa Timur,Surabaya,SR-JTM-04,Joko,0.0420,Low,154.5320,6.4971,4,Only 8 SKUs per order (typical healthy: 10),Jawa Timur: regional churn running high,Pays 5 days late on average,Range review on visit: check for competitor SKUs on shelf
,,OUT-10668,Grosir Lancar,Grosir,Sulawesi Selatan,Gowa,SR-SLS-03,Hadi,0.0134,Low,481.8640,6.4689,3,,,,"Account review: large account, no single warning sign"
,,OUT-10669,Swalayan Bintang Timur Cirebon 3,Supermarket,Jawa Barat,Cirebon,SR-JBR-09,Hadi,0.0058,Low,1119.7360,6.4610,5,,,,"Account review: large account, no single warning sign"
,,OUT-10930,Mini Market Sinar Abadi Sidoarjo 4,Minimarket,Jawa Timur,Sidoarjo,SR-JTM-08,Nanda,0.0312,Low,206.6560,6.4506,10,No order for 10 days,No rep visit for 90 days,Jawa Timur: regional churn running high,Call this week to confirm next order; check shelf stock
,,OUT-11977,Toko Grosir Pelita Tasikmalaya,Grosir,Jawa Barat,Tasikmalaya,SR-JBR-03,Wulan,0.0177,Low,360.4160,6.3871,10,No order for 10 days,,,Call this week to confirm next order; check shelf stock
,,OUT-11460,UD Harapan Baru Bandung,Grosir,Jawa Barat,Bandung,SR-JBR-08,Fitri,0.0134,Low,475.9120,6.3840,5,,,,"Account review: large account, no single warning sign"
,,OUT-10451,Supermarket Bahagia,Supermarket,Jabodetabek,Jakarta Barat,SR-JKT-14,Nanda,0.0075,Low,835.5880,6.2570,5,,,,"Account review: large account, no single warning sign"
,,OUT-10840,Toko Bahagia Semarang,Minimarket,Jawa Tengah,Semarang,SR-JTG-08,Eko,0.0844,Low,73.5400,6.2055,13,No order for 13 days,No rep visit for 210 days,Pays 8 days late on average,Call this week to confirm next order; check shelf stock
,,OUT-12548,Mini Market Sejahtera Tangerang 2,Minimarket,Jabodetabek,Tangerang,SR-JKT-08,Hendra,0.0861,Low,71.1640,6.1302,8,Only 6 orders in 90 days (typical healthy: 10),No order for 8 days,Pays 6 days late on average,Call this week to confirm next order; check shelf stock
,,OUT-12002,Swalayan Bintang Timur Cirebon,Supermarket,Jawa Barat,Cirebon,SR-JBR-01,Sari,0.0159,Low,383.9640,6.1234,0,Pays 7 days late on average,Only 8 orders in 90 days (typical healthy: 10),,Agree a payment plan with Finance before pushing new stock
,,OUT-10327,Toko Subur Kediri,Minimarket,Jawa Timur,Kediri,SR-JTM-01,Gita,0.0351,Low,174.0480,6.1160,12,No order for 12 days,Pays 7 days late on average,Jawa Timur: regional churn running high,Call this week to confirm next order; check shelf stock
,,OUT-10013,Mini Market Cahaya Gresik,Minimarket,Jawa Timur,Gresik,SR-JTM-10,Rizky,0.1098,Low,55.4680,6.0926,8,Only 6 orders in 90 days (typical healthy: 10),No rep visit for 128 days,Pays 7 days late on average,Call this week to confirm next order; check shelf stock
,,OUT-10362,Supermarket Sinar Abadi Timur,Supermarket,Jabodetabek,Jakarta Timur,SR-JKT-12,Lukman,0.0063,Low,961.0520,6.0761,2,,,,"Account review: large account, no single warning sign"
,,OUT-10958,Swalayan Maju Jaya,Supermarket,Jawa Tengah,Pekalongan,SR-JTG-03,Lestari,0.0132,Low,459.3680,6.0633,0,Pays 7 days late on average,,,Agree a payment plan with Finance before pushing new stock
,,OUT-12518,Toko Grosir Damai Tangerang 3,Grosir,Jabodetabek,Tangerang,SR-JKT-08,Hendra,0.0229,Low,264.2800,6.0391,2,Pays 12 days late on average,1 complaint(s) in 90 days,,Agree a payment plan with Finance before pushing new stock
,,OUT-10800,Mini Market Sumber Rezeki 2,Minimarket,Jawa Timur,Malang,SR-JTM-02,Hendra,0.0965,Low,62.2480,6.0047,19,No order for 19 days,Pays 11 days late on average,Jawa Timur: regional churn running high,Call this week to confirm next order; check shelf stock
,,OUT-12558,Mini Market Karya Mandiri Timur 6,Minimarket,Jabodetabek,Jakarta Timur,SR-JKT-12,Lukman,0.1450,Low,40.9480,5.9365,13,Pays 14 days late on average,No order for 13 days,Only 6 orders in 90 days (typical healthy: 10),Agree a payment plan with Finance before pushing new stock
,,OUT-12466,Mini Market Makmur Surabaya 2,Minimarket,Jawa Timur,Surabaya,SR-JTM-06,Lukman,0.7904,High,7.5080,5.9347,82,Only 1 orders in 90 days (typical healthy: 10),No order for 82 days,Pays 14 days late on average,Call this week to confirm next order; check shelf stock
,,OUT-11627,Toko Sumber Rezeki Bandung 2,Minimarket,Jawa Barat,Bandung,SR-JBR-06,Bayu,0.0844,Low,69.6040,5.8756,30,No order for 30 days,Pays 8 days late on average,Only 7 orders in 90 days (typical healthy: 10),Call this week to confirm next order; check shelf stock
,,OUT-12354,Swalayan Sumber Rezeki 3,Supermarket,Jawa Tengah,Solo,SR-JTG-07,Dewi,0.0053,Low,1107.4200,5.8587,9,,,,"Account review: large account, no single warning sign"
,,OUT-10086,Grosir Setia Kawan Timur,Grosir,Jabodetabek,Jakarta Timur,SR-JKT-13,Maya,0.0112,Low,519.6920,5.8378,8,No order for 8 days,,,Call this week to confirm next order; check shelf stock
,,OUT-10042,UD Segar Jaya Medan,Grosir,Sumatera Utara,Medan,SR-SMU-06,Bayu,0.0127,Low,459.1040,5.8146,1,,,,"Account review: large account, no single warning sign"
,,OUT-10792,Grosir Karya Mandiri Tasikmalaya 1,Grosir,Jawa Barat,Tasikmalaya,SR-JBR-10,Irma,0.0116,Low,500.1440,5.7816,11,No order for 11 days,,,Call this week to confirm next order; check shelf stock
,,OUT-11565,Toko Setia Kawan Sidoarjo,Minimarket,Jawa Timur,Sidoarjo,SR-JTM-07,Maya,0.3092,Medium,18.6680,5.7725,38,Only 2 orders in 90 days (typical healthy: 10),No order for 38 days,Jawa Timur: regional churn running high,Call this week to confirm next order; check shelf stock
,,OUT-12270,Mini Market Lancar Pematangsiantar,Minimarket,Sumatera Utara,Pematangsiantar,SR-SMU-06,Bayu,0.0749,Low,77.0080,5.7657,18,No order for 18 days,Pays 6 days late on average,1 complaint(s) in 90 days,Call this week to confirm next order; check shelf stock
,,OUT-10102,Toko Tunas Baru Malang,Minimarket,Jawa Timur,Malang,SR-JTM-10,Rizky,0.2747,Medium,20.7880,5.7109,14,Only 3 orders in 90 days (typical healthy: 10),No order for 14 days,Pays 11 days late on average,Call this week to confirm next order; check shelf stock
,,OUT-12193,Toko Bintang Timur Sidoarjo,Warung,Jawa Timur,Sidoarjo,SR-JTM-10,Rizky,0.1916,Medium,29.7920,5.7093,23,No order for 23 days,Only 6 SKUs per order (typical healthy: 10),No rep visit on record,Call this week to confirm next order; check shelf stock
,,OUT-11711,Mini Market Maju Jaya Sidoarjo 2,Minimarket,Jawa Timur,Sidoarjo,SR-JTM-10,Rizky,0.0530,Low,107.3080,5.6914,4,Pays 9 days late on average,Jawa Timur: regional churn running high,Only 9 SKUs per order (typical healthy: 10),Agree a payment plan with Finance before pushing new stock
,,OUT-12119,Toko Berkah Depok 1,Minimarket,Jabodetabek,Depok,SR-JKT-01,Andi,0.0607,Low,93.5600,5.6813,16,No order for 16 days,Only 7 orders in 90 days (typical healthy: 10),Pays 6 days late on average,Call this week to confirm next order; check shelf stock
,,OUT-12206,Grosir Subur Magelang,Grosir,Jawa Tengah,Magelang,SR-JTG-06,Citra,0.0141,Low,401.9240,5.6798,4,Pays 7 days late on average,,,Agree a payment plan with Finance before pushing new stock
,,OUT-12331,Toko Grosir Mekar Sari Purwokerto,Grosir,Jawa Tengah,Purwokerto,SR-JTG-03,Lestari,0.0102,Low,552.2120,5.6447,7,,,,"Account review: large account, no single warning sign"
,,OUT-12524,Toko Bintang Timur Pekalongan,Minimarket,Jawa Tengah,Pekalongan,SR-JTG-09,Fajar,0.1476,Low,38.0640,5.6191,28,No order for 28 days,Only 4 orders in 90 days (typical healthy: 10),Revenue -83% vs prior 90 days,Call this week to confirm next order; check shelf stock
,,OUT-10758,Mini Market Setia Kawan Parepare,Minimarket,Sulawesi Selatan,Parepare,SR-SLS-02,Fitri,0.0757,Low,74.2000,5.6169,16,No order for 16 days,Only 7 orders in 90 days (typical healthy: 10),Revenue -54% vs prior 90 days,Call this week to confirm next order; check shelf stock
,,OUT-11763,Mini Market Rukun Timur 1,Minimarket,Jabodetabek,Jakarta Timur,SR-JKT-09,Indra,0.0356,Low,157.0080,5.5856,8,3 complaint(s) in 90 days,Pays 7 days late on average,No order for 8 days,Close the open complaint first (service recovery)
,,OUT-12184,Mini Market Pelita Bogor,Minimarket,Jabodetabek,Bogor,SR-JKT-02,Budi,0.0488,Low,114.3760,5.5815,11,No order for 11 days,Pays 8 days late on average,1 complaint(s) in 90 days,Call this week to confirm next order; check shelf stock
,,OUT-11768,Mini Market Bintang Timur Barat,Minimarket,Jabodetabek,Jakarta Barat,SR-JKT-12,Lukman,0.0382,Low,145.7680,5.5724,7,Pays 9 days late on average,No rep visit for 55 days,Only 9 SKUs per order (typical healthy: 10),Agree a payment plan with Finance before pushing new stock
,,OUT-10518,Mini Market Sinar Abadi,Minimarket,Jawa Timur,Surabaya,SR-JTM-10,Rizky,0.0384,Low,144.5680,5.5564,3,Jawa Timur: regional churn running high,1 rep visits in 60 days,Only 10 SKUs per order (typical healthy: 10),Competitor watch: secure top-10 SKU availability
,,OUT-12167,Toko Murah Meriah Binjai,Minimarket,Sumatera Utara,Binjai,SR-SMU-02,Taufik,0.0936,Low,59.3200,5.5518,23,No order for 23 days,Only 6 orders in 90 days (typical healthy: 10),Only 9 SKUs per order (typical healthy: 10),Call this week to confirm next order; check shelf stock
,,OUT-11186,Swalayan Maju Jaya Medan,Supermarket,Sumatera Utara,Medan,SR-SMU-05,Agus,0.0043,Low,1284.2920,5.5429,7,,,,"Account review: large account, no single warning sign"
,,OUT-12381,Supermarket Karya Mandiri Binjai,Supermarket,Sumatera Utara,Binjai,SR-SMU-02,Taufik,0.0057,Low,970.1800,5.5138,3,,,,"Account review: large account, no single warning sign"
,,OUT-10870,Swalayan Mulia Barat,Supermarket,Jabodetabek,Jakarta Barat,SR-JKT-05,Eko,0.0039,Low,1406.7960,5.5087,7,,,,"Account review: large account, no single warning sign"
,,OUT-11288,Toko Grosir Karya Mandiri Cirebon,Grosir,Jawa Barat,Cirebon,SR-JBR-07,Dimas,0.0114,Low,481.1920,5.5066,1,Pays 9 days late on average,,,Agree a payment plan with Finance before pushing new stock
,,OUT-11283,Grosir Barokah Karawang,Grosir,Jawa Barat,Karawang,SR-JBR-02,Taufik,0.0088,Low,625.4880,5.4917,16,No order for 16 days,,,Call this week to confirm next order; check shelf stock
,,OUT-10239,Toko Lancar Depok,Warung,Jabodetabek,Depok,SR-JKT-04,Dewi,0.1883,Medium,29.1080,5.4798,22,Only 3 SKUs per order (typical healthy: 10),No order for 22 days,Pays 10 days late on average,Range review on visit: check for competitor SKUs on shelf
,,OUT-10334,Swalayan Segar Jaya,Supermarket,Sumatera Utara,Binjai,SR-SMU-01,Sari,0.0044,Low,1244.3080,5.4717,9,,,,"Account review: large account, no single warning sign"
,,OUT-10218,Mini Market Maju Jaya Timur,Minimarket,Jabodetabek,Jakarta Timur,SR-JKT-09,Indra,0.0705,Low,77.4120,5.4539,9,Pays 10 days late on average,Only 7 SKUs per order (typical healthy: 10),Only 7 orders in 90 days (typical healthy: 10),Agree a payment plan with Finance before pushing new stock
,,OUT-10742,UD Sinar Abadi Barat 3,Grosir,Jabodetabek,Jakarta Barat,SR-JKT-12,Lukman,0.0115,Low,470.6160,5.4321,6,,,,"Account review: large account, no single warning sign"
,,OUT-12317,Grosir Sentosa 4,Grosir,Jabodetabek,Jakarta Barat,SR-JKT-15,Putri,0.0132,Low,407.2760,5.3729,4,,,,"Account review: large account, no single warning sign"
,,OUT-10402,Toko Barokah Pematangsiantar,Minimarket,Sumatera Utara,Pematangsiantar,SR-SMU-05,Agus,0.2038,Medium,26.2160,5.3432,67,No order for 67 days,Only 3 orders in 90 days (typical healthy: 10),Revenue -65% vs prior 90 days,Call this week to confirm next order; check shelf stock
,,OUT-11960,Grosir Bintang Timur Magelang,Grosir,Jawa Tengah,Magelang,SR-JTG-03,Lestari,0.0232,Low,230.3720,5.3354,3,Pays 8 days late on average,,,Agree a payment plan with Finance before pushing new stock
,,OUT-11629,Mini Market Makmur Tangerang,Minimarket,Jabodetabek,Tangerang,SR-JKT-07,Gita,0.0857,Low,62.2080,5.3325,10,No order for 10 days,No rep visit for 82 days,Pays 6 days late on average,Call this week to confirm next order; check shelf stock
,,OUT-10200,Grosir Sinar Abadi Bandung 6,Grosir,Jawa Barat,Bandung,SR-JBR-04,Yoga,0.0124,Low,426.8440,5.2941,8,2 complaint(s) in 90 days,No order for 8 days,,Close the open complaint first (service recovery)
,,OUT-12038,Mini Market Pelita Timur 3,Minimarket,Jabodetabek,Jakarta Timur,SR-JKT-10,Joko,0.0621,Low,85.2200,5.2926,18,No order for 18 days,Only 8 orders in 90 days (typical healthy: 10),Pays 6 days late on average,Call this week to confirm next order; check shelf stock
,,OUT-11972,Grosir Sumber Rezeki Maros 3,Grosir,Sulawesi Selatan,Maros,SR-SLS-05,Rina,0.0149,Low,351.9320,5.2612,6,,,,"Account review: large account, no single warning sign"
,,OUT-11984,Swalayan Sejahtera,Supermarket,Jabodetabek,Jakarta Barat,SR-JKT-02,Budi,0.0047,Low,1112.2800,5.2596,2,,,,"Account review: large account, no single warning sign"
,,OUT-10971,Grosir Anugerah 8,Grosir,Jabodetabek,Depok,SR-JKT-14,Nanda,0.0103,Low,507.2640,5.2250,6,,,,"Account review: large account, no single warning sign"
,,OUT-11779,Supermarket Segar Jaya Bandung,Supermarket,Jawa Barat,Bandung,SR-JBR-03,Wulan,0.0035,Low,1503.7560,5.2159,10,,,,"Account review: large account, no single warning sign"
,,OUT-10833,Supermarket Berkah Bandung,Supermarket,Jawa Barat,Bandung,SR-JBR-09,Hadi,0.0040,Low,1285.7080,5.1917,5,,,,"Account review: large account, no single warning sign"
,,OUT-11401,Grosir Subur Cimahi 6,Grosir,Jawa Barat,Cimahi,SR-JBR-11,Rina,0.0116,Low,444.2080,5.1516,2,Pays 7 days late on average,,,Agree a payment plan with Finance before pushing new stock
,,OUT-10220,Swalayan Pelita,Supermarket,Jawa Barat,Cimahi,SR-JBR-03,Wulan,0.0041,Low,1256.2640,5.0959,2,,,,"Account review: large account, no single warning sign"
,,OUT-12278,Mini Market Mitra Usaha Barat 8,Minimarket,Jabodetabek,Jakarta Barat,SR-JKT-09,Indra,0.0892,Low,57.0360,5.0857,20,No order for 20 days,3 complaint(s) in 90 days,Only 7 orders in 90 days (typical healthy: 10),Call this week to confirm next order; check shelf stock
,,OUT-12514,Supermarket Subur 8,Supermarket,Jabodetabek,Bekasi,SR-JKT-02,Budi,0.0039,Low,1302.5600,5.0831,1,,,,"Account review: large account, no single warning sign"
,,OUT-12480,UD Mitra Usaha Maros,Grosir,Sulawesi Selatan,Maros,SR-SLS-03,Hadi,0.0544,Low,93.1280,5.0688,13,Only 3 orders in 90 days (typical healthy: 10),No order for 13 days,No rep visit for 233 days,Call this week to confirm next order; check shelf stock
,,OUT-11703,Swalayan Pelita Bandung,Supermarket,Jawa Barat,Bandung,SR-JBR-07,Dimas,0.0044,Low,1153.1280,5.0647,0,,,,"Account review: large account, no single warning sign"
,,OUT-10336,Mini Market Bintang Timur Pekalongan 3,Minimarket,Jawa Tengah,Pekalongan,SR-JTG-01,Teguh,0.0835,Low,60.3760,5.0385,11,Pays 11 days late on average,No order for 11 days,Only 8 SKUs per order (typical healthy: 10),Agree a payment plan with Finance before pushing new stock
,,OUT-12348,UD Sumber Rezeki Pematangsiantar,Grosir,Sumatera Utara,Pematangsiantar,SR-SMU-03,Wulan,0.0127,Low,393.5640,5.0174,5,Pays 6 days late on average,,,Agree a payment plan with Finance before pushing new stock
,,OUT-11380,Toko Maju Jaya Bandung,Minimarket,Jawa Barat,Bandung,SR-JBR-04,Yoga,0.0561,Low,89.2880,5.0110,17,No order for 17 days,Only 9 SKUs per order (typical healthy: 10),Only 8 orders in 90 days (typical healthy: 10),Call this week to confirm next order; check shelf stock
,,OUT-10272,Mini Market Mekar Sari Depok,Minimarket,Jabodetabek,Depok,SR-JKT-10,Joko,0.0411,Low,121.9440,5.0073,11,No order for 11 days,Only 7 orders in 90 days (typical healthy: 10),1 complaint(s) in 90 days,Call this week to confirm next order; check shelf stock
,,OUT-11548,Grosir Tunas Baru 8,Grosir,Jawa Timur,Gresik,SR-JTM-04,Joko,0.0748,Low,66.8400,5.0007,5,Only 2 orders in 90 days (typical healthy: 10),No rep visit for 354 days,Jawa Timur: regional churn running high,Call this week to confirm next order; check shelf stock
,,OUT-12324,Grosir Harapan Baru Tangerang,Grosir,Jabodetabek,Tangerang,SR-JKT-08,Hendra,0.0072,Low,695.4720,4.9999,13,No order for 13 days,,,Call this week to confirm next order; check shelf stock
,,OUT-12333,UD Bintang Timur Pematangsiantar,Grosir,Sumatera Utara,Pematangsiantar,SR-SMU-05,Agus,0.0087,Low,569.7960,4.9853,5,,,,"Account review: large account, no single warning sign"
,,OUT-10954,Mini Market Karya Mandiri Barat,Minimarket,Jabodetabek,Jakarta Barat,SR-JKT-09,Indra,0.0440,Low,113.2000,4.9780,19,No order for 19 days,Revenue -47% vs prior 90 days,Only 9 orders in 90 days (typical healthy: 10),Call this week to confirm next order; check shelf stock
,,OUT-11062,Swalayan Barokah Solo,Supermarket,Jawa Tengah,Solo,SR-JTG-07,Dewi,0.0036,Low,1361.0600,4.9146,2,,,,"Account review: large account, no single warning sign"
,,OUT-11167,Toko Barokah Medan,Minimarket,Sumatera Utara,Medan,SR-SMU-06,Bayu,0.0337,Low,145.7840,4.9092,13,No order for 13 days,Pays 5 days late on average,Only 10 SKUs per order (typical healthy: 10),Call this week to confirm next order; check shelf stock
,,OUT-12482,Toko Berkah Bekasi 2,Minimarket,Jabodetabek,Bekasi,SR-JKT-09,Indra,0.0551,Low,89.0520,4.9052,14,No order for 14 days,Pays 8 days late on average,No rep visit for 27 days,Call this week to confirm next order; check shelf stock
,,OUT-10153,UD Sentosa Bogor 6,Grosir,Jabodetabek,Bogor,SR-JKT-03,Citra,0.0092,Low,531.1680,4.9049,3,,,,"Account review: large account, no single warning sign"
,,OUT-12338,UD Indah Cirebon,Grosir,Jawa Barat,Cirebon,SR-JBR-06,Bayu,0.0106,Low,457.4240,4.8536,2,,,,"Account review: large account, no single warning sign"
,,OUT-11170,Mini Market Makmur Timur 2,Minimarket,Jabodetabek,Jakarta Timur,SR-JKT-03,Citra,0.1115,Low,43.3520,4.8318,20,No order for 20 days,Only 6 orders in 90 days (typical healthy: 10),Pays 7 days late on average,Call this week to confirm next order; check shelf stock
,,OUT-12236,Grosir Mitra Usaha Pematangsiantar 1,Grosir,Sumatera Utara,Pematangsiantar,SR-SMU-03,Wulan,0.0097,Low,495.2280,4.8268,5,,,,"Account review: large account, no single warning sign"
,,OUT-10757,Mini Market Tunas Baru Cimahi,Minimarket,Jawa Barat,Cimahi,SR-JBR-09,Hadi,0.0796,Low,60.5280,4.8193,8,Only 7 orders in 90 days (typical healthy: 10),2 complaint(s) in 90 days,No order for 8 days,Call this week to confirm next order; check shelf stock
,,OUT-10879,Swalayan Sentosa,Supermarket,Jawa Tengah,Semarang,SR-JTG-05,Budi,0.0043,Low,1108.3280,4.8155,8,,,,"Account review: large account, no single warning sign"
,,OUT-10466,Toko Sumber Rezeki Kediri,Minimarket,Jawa Timur,Kediri,SR-JTM-03,Indra,0.1123,Low,42.8120,4.8072,9,Pays 16 days late on average,Only 7 SKUs per order (typical healthy: 10),No order for 9 days,Agree a payment plan with Finance before pushing new stock
,,OUT-10504,Grosir Anugerah,Grosir,Jawa Tengah,Magelang,SR-JTG-06,Citra,0.0129,Low,370.7280,4.7804,1,,,,"Account review: large account, no single warning sign"
,,OUT-11322,Grosir Sejahtera,Grosir,Jawa Barat,Tasikmalaya,SR-JBR-10,Irma,0.0086,Low,552.8800,4.7790,6,,,,"Account review: large account, no single warning sign"
,,OUT-12149,Grosir Karya Mandiri Surabaya,Grosir,Jawa Timur,Surabaya,SR-JTM-06,Lukman,0.0063,Low,764.0920,4.7767,6,,,,"Account review: large account, no single warning sign"
,,OUT-11690,Toko Bintang Timur 8,Minimarket,Jawa Barat,Cirebon,SR-JBR-05,Agus,0.0755,Low,63.2160,4.7757,6,Pays 13 days late on average,Only 8 SKUs per order (typical healthy: 10),Only 7 orders in 90 days (typical healthy: 10),Agree a payment plan with Finance before pushing new stock
,,OUT-10561,Swalayan Berkah Depok,Supermarket,Jabodetabek,Depok,SR-JKT-14,Nanda,0.0056,Low,854.1640,4.7608,0,,,,"Account review: large account, no single warning sign"
,,OUT-10820,Toko Grosir Bintang Timur,Grosir,Jabodetabek,Depok,SR-JKT-14,Nanda,0.0095,Low,499.2840,4.7557,2,,,,"Account review: large account, no single warning sign"
,,OUT-12473,Toko Indah Surabaya,Minimarket,Jawa Timur,Surabaya,SR-JTM-08,Nanda,0.0840,Low,56.3880,4.7338,12,No order for 12 days,Only 6 orders in 90 days (typical healthy: 10),Pays 7 days late on average,Call this week to confirm next order; check shelf stock
,,OUT-11033,Toko Bahagia Magelang,Minimarket,Jawa Tengah,Magelang,SR-JTG-07,Dewi,0.0449,Low,105.4880,4.7332,15,No order for 15 days,Pays 7 days late on average,1 complaint(s) in 90 days,Call this week to confirm next order; check shelf stock
,,OUT-10637,Supermarket Mitra Usaha Malang,Supermarket,Jawa Timur,Malang,SR-JTM-01,Gita,0.0047,Low,1002.9680,4.7243,2,,,,"Account review: large account, no single warning sign"
,,OUT-11575,Toko Grosir Cahaya Bekasi 2,Grosir,Jabodetabek,Bekasi,SR-JKT-11,Kartika,0.0067,Low,701.0160,4.7166,13,No order for 13 days,,,Call this week to confirm next order; check shelf stock
,,OUT-11836,Toko Sentosa Barat,Minimarket,Jabodetabek,Jakarta Barat,SR-JKT-05,Eko,0.0449,Low,104.6920,4.7000,15,No order for 15 days,Only 7 orders in 90 days (typical healthy: 10),Revenue -36% vs prior 90 days,Call this week to confirm next order; check shelf stock
,,OUT-12014,Toko Sinar Abadi Cimahi 6,Minimarket,Jawa Barat,Cimahi,SR-JBR-08,Fitri,0.2384,Medium,19.6640,4.6881,67,No order for 67 days,Only 2 orders in 90 days (typical healthy: 10),No rep visit for 108 days,Call this week to confirm next order; check shelf stock
,,OUT-12018,Mini Market Bahagia Barat,Minimarket,Jabodetabek,Jakarta Barat,SR-JKT-09,Indra,0.0703,Low,66.3800,4.6681,12,Only 5 orders in 90 days (typical healthy: 10),No order for 12 days,Pays 5 days late on average,Call this week to confirm next order; check shelf stock
,,OUT-10987,Toko Mulia Cirebon,Warung,Jawa Barat,Cirebon,SR-JBR-01,Sari,0.2036,Medium,22.9200,4.6663,15,Only 4 SKUs per order (typical healthy: 10),No order for 15 days,No rep visit on record,Range review on visit: check for competitor SKUs on shelf
,,OUT-12581,Toko Lancar Bekasi 4,Minimarket,Jabodetabek,Bekasi,SR-JKT-16,Rizky,0.0385,Low,120.9800,4.6554,6,Pays 9 days late on average,Only 8 orders in 90 days (typical healthy: 10),No order for 6 days,Agree a payment plan with Finance before pushing new stock
,,OUT-10075,Mini Market Murah Meriah Bekasi,Minimarket,Jabodetabek,Bekasi,SR-JKT-16,Rizky,0.0606,Low,76.7160,4.6454,22,No order for 22 days,Pays 15 days late on average,Only 8 orders in 90 days (typical healthy: 10),Call this week to confirm next order; check shelf stock
,,OUT-10022,Swalayan Cahaya 6,Supermarket,Jawa Barat,Cirebon,SR-JBR-04,Yoga,0.0033,Low,1411.3880,4.6347,1,,,,"Account review: large account, no single warning sign"
,,OUT-12183,Swalayan Murah Meriah Serdang,Supermarket,Sumatera Utara,Deli Serdang,SR-SMU-02,Taufik,0.0045,Low,1023.6400,4.6132,1,,,,"Account review: large account, no single warning sign"
,,OUT-10572,Toko Sumber Rezeki Serdang,Minimarket,Sumatera Utara,Deli Serdang,SR-SMU-01,Sari,0.0668,Low,68.5280,4.5784,11,Pays 10 days late on average,No order for 11 days,2 complaint(s) in 90 days,Agree a payment plan with Finance before pushing new stock
,,OUT-10049,Mini Market Mitra Usaha,Minimarket,Jawa Timur,Malang,SR-JTM-03,Indra,0.0327,Low,139.9400,4.5694,11,No order for 11 days,2 complaint(s) in 90 days,Jawa Timur: regional churn running high,Call this week to confirm next order; check shelf stock
,,OUT-12536,Mini Market Rukun Pekalongan,Minimarket,Jawa Tengah,Pekalongan,SR-JTG-02,Yudi,0.0507,Low,90.0000,4.5634,20,No order for 20 days,Pays 11 days late on average,Only 9 SKUs per order (typical healthy: 10),Call this week to confirm next order; check shelf stock
,,OUT-11255,Toko Tunas Baru Depok,Minimarket,Jabodetabek,Depok,SR-JKT-03,Citra,0.0378,Low,119.2320,4.5075,8,2 complaint(s) in 90 days,No order for 8 days,No rep visit for 50 days,Close the open complaint first (service recovery)
,,OUT-12422,Toko Grosir Barokah Barat,Grosir,Jabodetabek,Jakarta Barat,SR-JKT-09,Indra,0.0089,Low,503.1680,4.4880,1,,,,"Account review: large account, no single warning sign"
,,OUT-12059,Toko Segar Jaya Bekasi,Minimarket,Jabodetabek,Bekasi,SR-JKT-10,Joko,0.0392,Low,114.5680,4.4859,16,No order for 16 days,Pays 5 days late on average,Only 10 SKUs per order (typical healthy: 10),Call this week to confirm next order; check shelf stock
,,OUT-12597,Toko Sejahtera 4,Minimarket,Jabodetabek,Jakarta Timur,SR-JKT-06,Fajar,0.0233,Low,192.1840,4.4700,8,No order for 8 days,,,Call this week to confirm next order; check shelf stock
,,OUT-10003,Mini Market Sentosa Pematangsiantar,Minimarket,Sumatera Utara,Pematangsiantar,SR-SMU-03,Wulan,0.0616,Low,72.2280,4.4474,15,No order for 15 days,Only 6 orders in 90 days (typical healthy: 10),Pays 4 days late on average,Call this week to confirm next order; check shelf stock
,,OUT-11573,Supermarket Mitra Usaha Magelang,Supermarket,Jawa Tengah,Magelang,SR-JTG-04,Andi,0.0049,Low,911.1200,4.4468,0,,,,"Account review: large account, no single warning sign"
,,OUT-11717,Supermarket Anugerah Cimahi,Supermarket,Jawa Barat,Cimahi,SR-JBR-01,Sari,0.0034,Low,1298.1520,4.4445,4,,,,"Account review: large account, no single warning sign"
,,OUT-12516,Swalayan Barokah Pematangsiantar,Supermarket,Sumatera Utara,Pematangsiantar,SR-SMU-03,Wulan,0.0050,Low,883.1280,4.4442,5,,,,"Account review: large account, no single warning sign"
,,OUT-11221,Grosir Karya Mandiri 8,Grosir,Jabodetabek,Depok,SR-JKT-05,Eko,0.0067,Low,660.5480,4.4245,4,,,,"Account review: large account, no single warning sign"
,,OUT-11604,Toko Mekar Sari Surabaya,Minimarket,Jawa Timur,Surabaya,SR-JTM-06,Lukman,0.0477,Low,92.5680,4.4158,8,No order for 8 days,Jawa Timur: regional churn running high,Pays 6 days late on average,Call this week to confirm next order; check shelf stock
,,OUT-10437,Mini Market Sejahtera Bekasi 7,Minimarket,Jabodetabek,Bekasi,SR-JKT-02,Budi,0.0265,Low,166.3160,4.4148,20,No order for 20 days,,,Call this week to confirm next order; check shelf stock
,,OUT-12402,Toko Anugerah Surabaya 3,Minimarket,Jawa Timur,Surabaya,SR-JTM-07,Maya,0.0617,Low,71.4240,4.4079,3,Pays 26 days late on average,Only 9 SKUs per order (typical healthy: 10),Jawa Timur: regional churn running high,Agree a payment plan with Finance before pushing new stock
,,OUT-10804,Supermarket Maju Jaya Semarang,Supermarket,Jawa Tengah,Semarang,SR-JTG-05,Budi,0.0049,Low,890.1120,4.3970,3,,,,"Account review: large account, no single warning sign"
,,OUT-10770,Mini Market Tunas Baru Pekalongan 5,Minimarket,Jawa Tengah,Pekalongan,SR-JTG-04,Andi,0.0350,Low,125.1080,4.3800,10,No order for 10 days,No rep visit for 35 days,1 rep visits in 60 days,Call this week to confirm next order; check shelf stock
,,OUT-11631,Swalayan Mulia 5,Supermarket,Jawa Tengah,Pekalongan,SR-JTG-04,Andi,0.0040,Low,1091.7480,4.3526,1,,,,"Account review: large account, no single warning sign"
,,OUT-11173,Mini Market Tunas Baru Depok 6,Minimarket,Jabodetabek,Depok,SR-JKT-06,Fajar,0.0982,Low,44.0680,4.3260,33,No order for 33 days,Only 4 orders in 90 days (typical healthy: 10),1 complaint(s) in 90 days,Call this week to confirm next order; check shelf stock
,,OUT-10378,Grosir Cahaya Cirebon,Grosir,Jawa Barat,Cirebon,SR-JBR-11,Rina,0.0090,Low,479.6480,4.3066,4,,,,"Account review: large account, no single warning sign"
,,OUT-12544,Supermarket Sinar Abadi 7,Supermarket,Jabodetabek,Tangerang,SR-JKT-06,Fajar,0.0052,Low,819.7800,4.2770,3,,,,"Account review: large account, no single warning sign"
,,OUT-10144,Toko Grosir Anugerah Purwokerto,Grosir,Jawa Tengah,Purwokerto,SR-JTG-04,Andi,0.0204,Low,209.1120,4.2740,1,Pays 9 days late on average,Only 7 orders in 90 days (typical healthy: 10),No rep visit for 35 days,Agree a payment plan with Finance before pushing new stock
,,OUT-12078,Toko Damai Bogor 4,Warung,Jabodetabek,Bogor,SR-JKT-15,Putri,0.3977,High,10.7440,4.2733,31,Only 3 SKUs per order (typical healthy: 10),No order for 31 days,Only 4 orders in 90 days (typical healthy: 10),Range review on visit: check for competitor SKUs on shelf
,,OUT-12068,Warung Sejahtera Makassar,Warung,Sulawesi Selatan,Makassar,SR-SLS-02,Fitri,0.3966,High,10.7720,4.2724,42,No order for 42 days,Only 4 SKUs per order (typical healthy: 10),Pays 18 days late on average,Call this week to confirm next order; check shelf stock
,,OUT-11750,Toko Grosir Subur Karawang,Grosir,Jawa Barat,Unknown,SR-JBR-03,Wulan,0.0052,Low,817.3840,4.2695,10,,,,"Account review: large account, no single warning sign"
,,OUT-12173,Toko Subur Pekalongan,Warung,Jawa Tengah,Pekalongan,SR-JTG-07,Dewi,0.4987,High,8.4440,4.2112,60,No order for 60 days,Only 2 orders in 90 days (typical healthy: 10),Only 4 SKUs per order (typical healthy: 10),Call this week to confirm next order; check shelf stock
,,OUT-12553,Toko Indah Gresik,Minimarket,Jawa Timur,Gresik,SR-JTM-10,Rizky,0.1034,Low,40.7200,4.2101,2,Only 4 orders in 90 days (typical healthy: 10),No rep visit for 129 days,Jawa Timur: regional churn running high,Call this week to confirm next order; check shelf stock
,,OUT-11844,Supermarket Harapan Baru Gowa 1,Supermarket,Sulawesi Selatan,Gowa,SR-SLS-05,Rina,0.0025,Low,1672.8720,4.1973,1,,,,"Account review: large account, no single warning sign"
,,OUT-12136,UD Mekar Sari Purwokerto,Grosir,Jawa Tengah,Purwokerto,SR-JTG-01,Teguh,0.0072,Low,584.4160,4.1953,6,,,,"Account review: large account, no single warning sign"
,,OUT-11183,Swalayan Sinar Abadi,Supermarket,Jabodetabek,Jakarta Barat,SR-JKT-11,Kartika,0.0038,Low,1097.5840,4.1940,3,,,,"Account review: large account, no single warning sign"
,,OUT-11370,Warung Anugerah Cirebon,Warung,Jawa Barat,Cirebon,SR-JBR-05,Agus,0.4384,High,9.5320,4.1785,31,No order for 31 days,Only 4 SKUs per order (typical healthy: 10),Only 4 orders in 90 days (typical healthy: 10),Call this week to confirm next order; check shelf stock
,,OUT-11743,Mini Market Berkah Barat,Minimarket,Jabodetabek,Jakarta Barat,SR-JKT-04,Dewi,0.0370,Low,112.8640,4.1755,9,No order for 9 days,No rep visit for 39 days,,Call this week to confirm next order; check shelf stock
,,OUT-10950,UD Mekar Sari 1,Grosir,Jawa Barat,Cirebon,SR-JBR-07,Dimas,0.0128,Low,325.1000,4.1704,2,Pays 7 days late on average,,,Agree a payment plan with Finance before pushing new stock
,,OUT-11602,Toko Grosir Mitra Usaha Bekasi,Grosir,Jabodetabek,Bekasi,SR-JKT-09,Indra,0.0221,Low,188.0600,4.1575,1,Only 6 orders in 90 days (typical healthy: 10),Pays 8 days late on average,1 complaint(s) in 90 days,Call this week to confirm next order; check shelf stock
,,OUT-10616,Toko Grosir Sinar Abadi Malang,Grosir,Jawa Timur,Malang,SR-JTM-07,Maya,0.0085,Low,484.8680,4.1407,4,,,,"Account review: large account, no single warning sign"
,,OUT-10603,Supermarket Lancar Pematangsiantar,Supermarket,Sumatera Utara,Pematangsiantar,SR-SMU-05,Agus,0.0037,Low,1119.5120,4.1321,7,,,,"Account review: large account, no single warning sign"
,,OUT-11856,Toko Murah Meriah Makassar,Warung,Sulawesi Selatan,Makassar,SR-SLS-04,Irma,0.4340,High,9.5040,4.1248,39,No order for 39 days,Only 2 SKUs per order (typical healthy: 10),Only 3 orders in 90 days (typical healthy: 10),Call this week to confirm next order; check shelf stock
,,OUT-12471,Warung Damai Tasikmalaya,Warung,Jawa Barat,Tasikmalaya,SR-JBR-07,Dimas,0.2471,Medium,16.6720,4.1196,40,No order for 40 days,Only 4 SKUs per order (typical healthy: 10),Pays 11 days late on average,Call this week to confirm next order; check shelf stock
,,OUT-12024,Supermarket Mekar Sari 6,Supermarket,Jabodetabek,Depok,SR-JKT-04,Dewi,0.0025,Low,1662.1560,4.1145,2,,,,"Account review: large account, no single warning sign"
,,OUT-10985,Supermarket Harapan Baru Timur 2,Supermarket,Jabodetabek,Jakarta Timur,SR-JKT-02,Budi,0.0023,Low,1822.6160,4.1012,7,,,,"Account review: large account, no single warning sign"
,,OUT-10547,Grosir Mulia,Grosir,Jawa Barat,Tasikmalaya,SR-JBR-03,Wulan,0.0132,Low,308.2800,4.0760,1,,,,"Account review: large account, no single warning sign"
,,OUT-12352,Grosir Sumber Rezeki Medan,Grosir,Sumatera Utara,Medan,SR-SMU-02,Taufik,0.0095,Low,426.2440,4.0691,4,,,,"Account review: large account, no single warning sign"
,,OUT-12578,Warung Bintang Timur 3,Warung,Sumatera Utara,Medan,SR-SMU-06,Bayu,0.3043,Medium,13.2320,4.0267,72,No order for 72 days,Only 5 SKUs per order (typical healthy: 10),Only 4 orders in 90 days (typical healthy: 10),Call this week to confirm next order; check shelf stock
,,OUT-10064,Toko Pelita,Warung,Jawa Timur,Unknown,SR-JTM-08,Nanda,0.3075,Medium,13.0720,4.0196,19,Only 3 SKUs per order (typical healthy: 10),Only 4 orders in 90 days (typical healthy: 10),No order for 19 days,Range review on visit: check for competitor SKUs on shelf
,,OUT-10351,Warung Makmur,Warung,Jawa Tengah,Magelang,SR-JTG-04,Andi,0.2278,Medium,17.5800,4.0044,30,No order for 30 days,Only 5 SKUs per order (typical healthy: 10),Only 5 orders in 90 days (typical healthy: 10),Call this week to confirm next order; check shelf stock
,,OUT-11040,Mini Market Sumber Rezeki Barat,Minimarket,Jabodetabek,Jakarta Barat,SR-JKT-09,Indra,0.0404,Low,98.6560,3.9875,26,No order for 26 days,1 complaint(s) in 90 days,Only 9 orders in 90 days (typical healthy: 10),Call this week to confirm next order; check shelf stock
,,OUT-10967,UD Mekar Sari 8,Grosir,Sulawesi Selatan,Maros,SR-SLS-02,Fitri,0.0072,Low,555.4840,3.9833,5,,,,"Account review: large account, no single warning sign"
,,OUT-11349,Grosir Cahaya Bandung,Grosir,Jawa Barat,Bandung,SR-JBR-05,Agus,0.0176,Low,226.1160,3.9746,3,Pays 7 days late on average,Only 8 orders in 90 days (typical healthy: 10),1 complaint(s) in 90 days,Agree a payment plan with Finance before pushing new stock
,,OUT-11808,Warung Sinar Abadi 6,Warung,Jawa Barat,Karawang,SR-JBR-09,Hadi,0.3552,High,11.1720,3.9685,48,No order for 48 days,Only 3 SKUs per order (typical healthy: 10),Only 3 orders in 90 days (typical healthy: 10),Call this week to confirm next order; check shelf stock
,,OUT-11534,Mini Market Anugerah Kediri,Minimarket,Jawa Timur,Kediri,SR-JTM-01,Gita,0.0400,Low,98.1560,3.9237,12,No order for 12 days,Pays 7 days late on average,Jawa Timur: regional churn running high,Call this week to confirm next order; check shelf stock
,,OUT-10462,Mini Market Sinar Abadi Bekasi,Minimarket,Jabodetabek,Bekasi,SR-JKT-14,Nanda,0.0361,Low,108.2280,3.9070,10,No order for 10 days,Pays 6 days late on average,Only 9 orders in 90 days (typical healthy: 10),Call this week to confirm next order; check shelf stock
,,OUT-11837,UD Subur Tangerang,Grosir,Jabodetabek,Tangerang,SR-JKT-13,Maya,0.0075,Low,518.0800,3.9032,5,,,,"Account review: large account, no single warning sign"
,,OUT-10919,Mini Market Bahagia Tasikmalaya 1,Minimarket,Jawa Barat,Tasikmalaya,SR-JBR-02,Taufik,0.0224,Low,173.9000,3.8908,17,No order for 17 days,1 complaint(s) in 90 days,,Call this week to confirm next order; check shelf stock
,,OUT-11134,Mini Market Segar Jaya Sidoarjo,Minimarket,Jawa Timur,Sidoarjo,SR-JTM-03,Indra,0.0678,Low,57.3360,3.8853,39,No order for 39 days,Only 7 orders in 90 days (typical healthy: 10),Jawa Timur: regional churn running high,Call this week to confirm next order; check shelf stock
,,OUT-11596,Toko Sumber Rezeki Gresik,Minimarket,Jawa Timur,Gresik,SR-JTM-03,Indra,0.0433,Low,89.2840,3.8670,5,Pays 9 days late on average,Jawa Timur: regional churn running high,1 complaint(s) in 90 days,Agree a payment plan with Finance before pushing new stock
,,OUT-12497,Mini Market Rukun Semarang,Minimarket,Jawa Tengah,Semarang,SR-JTG-08,Eko,0.0261,Low,148.0840,3.8631,17,No order for 17 days,1 complaint(s) in 90 days,,Call this week to confirm next order; check shelf stock
,,OUT-10234,Grosir Karya Mandiri Semarang,Grosir,Jawa Tengah,Semarang,SR-JTG-01,Teguh,0.0071,Low,547.1000,3.8625,2,,,,"Account review: large account, no single warning sign"
,,OUT-12304,Grosir Anugerah 6,Grosir,Jawa Tengah,Purwokerto,SR-JTG-06,Citra,0.0068,Low,563.2600,3.8396,3,,,,"Account review: large account, no single warning sign"
,,OUT-12035,Toko Mekar Sari Bekasi,Minimarket,Jabodetabek,Bekasi,SR-JKT-15,Putri,0.0415,Low,92.1360,3.8234,11,No order for 11 days,Pays 6 days late on average,,Call this week to confirm next order; check shelf stock
,,OUT-10479,Toko Barokah Kediri,Minimarket,Jawa Timur,Kediri,SR-JTM-02,Hendra,0.0268,Low,142.1240,3.8132,11,No order for 11 days,Jawa Timur: regional churn running high,,Call this week to confirm next order; check shelf stock
,,OUT-11296,Toko Mekar Sari 3,Minimarket,Jawa Barat,Cimahi,SR-JBR-01,Sari,0.0426,Low,89.3200,3.8073,8,Pays 11 days late on average,No order for 8 days,No rep visit for 36 days,Agree a payment plan with Finance before pushing new stock
,,OUT-11055,Warung Sumber Rezeki Karawang 2,Warung,Jawa Barat,Karawang,SR-JBR-05,Agus,0.2480,Medium,15.2960,3.7931,32,No order for 32 days,Only 3 SKUs per order (typical healthy: 10),Only 5 orders in 90 days (typical healthy: 10),Call this week to confirm next order; check shelf stock
,,OUT-10510,Supermarket Murah Meriah Bogor,Supermarket,Jabodetabek,Bogor,SR-JKT-15,Putri,0.0024,Low,1570.7760,3.7884,5,,,,"Account review: large account, no single warning sign"
,,OUT-10476,Swalayan Subur Cimahi,Supermarket,Jawa Barat,Cimahi,SR-JBR-09,Hadi,0.0022,Low,1715.3840,3.7739,4,,,,"Account review: large account, no single warning sign"
,,OUT-10633,Mini Market Bintang Timur,Minimarket,Jabodetabek,Tangerang,SR-JKT-06,Fajar,0.0311,Low,120.2280,3.7433,11,No order for 11 days,3 complaint(s) in 90 days,1 rep visits in 60 days,Call this week to confirm next order; check shelf stock
,,OUT-11732,Supermarket Mitra Usaha Bogor,Supermarket,Jabodetabek,Bogor,SR-JKT-01,Andi,0.0019,Low,1936.5320,3.7387,8,,,,"Account review: large account, no single warning sign"
,,OUT-10677,Mini Market Sejahtera 6,Minimarket,Sumatera Utara,Binjai,SR-SMU-03,Wulan,0.0399,Low,93.4200,3.7307,7,No rep visit for 66 days,Only 8 orders in 90 days (typical healthy: 10),0 rep visits in 60 days,Book a rep visit within 7 days
,,OUT-12540,Toko Grosir Sumber Rezeki Purwokerto,Grosir,Jawa Tengah,Purwokerto,SR-JTG-06,Citra,0.0110,Low,338.9320,3.7268,5,,,,"Account review: large account, no single warning sign"
,,OUT-10784,Mini Market Bintang Timur Pekalongan,Minimarket,Jawa Tengah,Pekalongan,SR-JTG-06,Citra,0.0247,Low,150.6480,3.7241,6,Pays 7 days late on average,1 complaint(s) in 90 days,,Agree a payment plan with Finance before pushing new stock
,,OUT-12188,UD Anugerah Purwokerto 3,Grosir,Jawa Tengah,Purwokerto,SR-JTG-07,Dewi,0.0079,Low,470.8480,3.7234,16,No order for 16 days,,,Call this week to confirm next order; check shelf stock
,,OUT-10436,Toko Grosir Rukun,Grosir,Jabodetabek,Bogor,SR-JKT-10,Joko,0.0068,Low,546.3440,3.7185,10,,,,"Account review: large account, no single warning sign"
,,OUT-10341,Swalayan Bintang Timur 1,Supermarket,Jabodetabek,Tangerang,SR-JKT-10,Joko,0.0027,Low,1362.1320,3.6953,5,,,,"Account review: large account, no single warning sign"
,,OUT-12556,Warung Mitra Usaha Malang 5,Warung,Jawa Timur,Malang,SR-JTM-08,Nanda,0.5004,High,7.3840,3.6952,19,Only 3 orders in 90 days (typical healthy: 10),Only 3 SKUs per order (typical healthy: 10),No order for 19 days,Call this week to confirm next order; check shelf stock
,,OUT-10744,Toko Anugerah Barat 3,Warung,Jabodetabek,Jakarta Barat,SR-JKT-10,Joko,0.2107,Medium,17.4920,3.6848,58,No order for 58 days,Only 4 SKUs per order (typical healthy: 10),Only 6 orders in 90 days (typical healthy: 10),Call this week to confirm next order; check shelf stock
,,OUT-12349,Mini Market Indah Bogor,Minimarket,Jabodetabek,Bogor,SR-JKT-13,Maya,0.0160,Low,230.6480,3.6848,26,No order for 26 days,,,Call this week to confirm next order; check shelf stock
,,OUT-12300,Grosir Mekar Sari Kediri,Grosir,Jawa Timur,Kediri,SR-JTM-10,Rizky,0.0112,Low,329.0560,3.6693,0,,,,"Account review: large account, no single warning sign"
,,OUT-10348,Toko Grosir Berkah Tangerang,Grosir,Jabodetabek,Tangerang,SR-JKT-07,Gita,0.0060,Low,604.0520,3.6391,1,,,,"Account review: large account, no single warning sign"
,,OUT-10852,Mini Market Murah Meriah Tangerang 3,Minimarket,Jabodetabek,Tangerang,SR-JKT-12,Lukman,0.0291,Low,124.6320,3.6222,29,No order for 29 days,Pays 5 days late on average,,Call this week to confirm next order; check shelf stock
,,OUT-10490,Supermarket Murah Meriah,Supermarket,Jawa Tengah,Purwokerto,SR-JTG-01,Teguh,0.0031,Low,1156.9800,3.6173,4,,,,"Account review: large account, no single warning sign"
,,OUT-12595,Supermarket Mekar Sari 3,Supermarket,Jawa Barat,Cimahi,SR-JBR-11,Rina,0.0023,Low,1563.9320,3.6149,12,,,,"Account review: large account, no single warning sign"
,,OUT-12555,Toko Mulia Cimahi,Warung,Jawa Barat,Cimahi,SR-JBR-02,Taufik,0.3388,Medium,10.6160,3.5966,35,No order for 35 days,Only 4 SKUs per order (typical healthy: 10),Only 4 orders in 90 days (typical healthy: 10),Call this week to confirm next order; check shelf stock
,,OUT-12093,UD Sejahtera Solo 6,Grosir,Jawa Tengah,Solo,SR-JTG-09,Fajar,0.0105,Low,343.4880,3.5963,1,,,,"Account review: large account, no single warning sign"
,,OUT-12229,Grosir Bintang Timur Barat 7,Grosir,Jabodetabek,Jakarta Barat,SR-JKT-01,Andi,0.0223,Low,161.2440,3.5938,1,Only 5 orders in 90 days (typical healthy: 10),Revenue -76% vs prior 90 days,,Call this week to confirm next order; check shelf stock
,,OUT-11363,Grosir Indah Solo,Grosir,Jawa Tengah,Solo,SR-JTG-02,Yudi,0.0097,Low,367.8680,3.5773,4,,,,"Account review: large account, no single warning sign"
,,OUT-10771,Swalayan Harapan Baru,Supermarket,Jabodetabek,Bekasi,SR-JKT-12,Lukman,0.0026,Low,1368.2720,3.5734,0,,,,"Account review: large account, no single warning sign"
,,OUT-10055,Toko Sinar Abadi,Minimarket,Jawa Timur,Surabaya,SR-JTM-10,Rizky,0.0214,Low,166.3240,3.5574,11,No order for 11 days,Jawa Timur: regional churn running high,1 complaint(s) in 90 days,Call this week to confirm next order; check shelf stock
,,OUT-10169,Toko Grosir Pelita Karawang,Grosir,Jawa Barat,Karawang,SR-JBR-02,Taufik,0.0058,Low,609.0000,3.5497,9,,,,"Account review: large account, no single warning sign"
,,OUT-11966,Toko Indah Depok,Minimarket,Jabodetabek,Depok,SR-JKT-02,Budi,0.0379,Low,93.3280,3.5357,9,No order for 9 days,Revenue -65% vs prior 90 days,Pays 4 days late on average,Call this week to confirm next order; check shelf stock
,,OUT-10185,Toko Indah Malang,Warung,Jawa Timur,Malang,SR-JTM-10,Rizky,0.2194,Medium,16.1080,3.5338,30,No order for 30 days,Only 4 SKUs per order (typical healthy: 10),Only 5 orders in 90 days (typical healthy: 10),Call this week to confirm next order; check shelf stock
,,OUT-10652,Mini Market Lancar Serdang,Minimarket,Sumatera Utara,Deli Serdang,SR-SMU-04,Yoga,0.0542,Low,64.7960,3.5144,11,No order for 11 days,Only 7 orders in 90 days (typical healthy: 10),Pays 8 days late on average,Call this week to confirm next order; check shelf stock
,,OUT-11539,Grosir Harapan Baru Kediri,Grosir,Jawa Timur,Kediri,SR-JTM-09,Putri,0.0126,Low,275.4960,3.4804,2,Pays 7 days late on average,Jawa Timur: regional churn running high,,Agree a payment plan with Finance before pushing new stock
,,OUT-10166,Supermarket Anugerah,Supermarket,Jawa Barat,Karawang,SR-JBR-07,Dimas,0.0026,Low,1349.2040,3.4760,0,,,,"Account review: large account, no single warning sign"
,,OUT-10583,Mini Market Karya Mandiri Bogor,Minimarket,Jabodetabek,Bogor,SR-JKT-05,Eko,0.0261,Low,132.4360,3.4608,11,No order for 11 days,Pays 6 days late on average,Revenue -43% vs prior 90 days,Call this week to confirm next order; check shelf stock
,,OUT-10875,Mini Market Setia Kawan Surabaya,Minimarket,Jawa Timur,Surabaya,SR-JTM-03,Indra,0.0362,Low,95.6680,3.4584,7,Only 7 SKUs per order (typical healthy: 10),Pays 7 days late on average,Jawa Timur: regional churn running high,Range review on visit: check for competitor SKUs on shelf
,,OUT-11581,Grosir Anugerah Pematangsiantar,Grosir,Sumatera Utara,Pematangsiantar,SR-SMU-02,Taufik,0.0052,Low,661.0960,3.4471,6,,,,"Account review: large account, no single warning sign"
,,OUT-11828,Toko Barokah Purwokerto 1,Warung,Jawa Tengah,Purwokerto,SR-JTG-08,Eko,0.2040,Medium,16.8800,3.4434,41,No order for 41 days,Only 6 SKUs per order (typical healthy: 10),Only 6 orders in 90 days (typical healthy: 10),Call this week to confirm next order; check shelf stock
,,OUT-10324,Mini Market Mekar Sari Semarang,Minimarket,Jawa Tengah,Semarang,SR-JTG-06,Citra,0.0183,Low,187.5680,3.4394,24,No order for 24 days,,,Call this week to confirm next order; check shelf stock
,,OUT-11785,Toko Grosir Subur Barat 8,Grosir,Jabodetabek,Jakarta Barat,SR-JKT-13,Maya,0.0038,Low,902.6320,3.4388,13,,,,"Account review: large account, no single warning sign"
,,OUT-11309,Toko Sejahtera Bekasi,Minimarket,Jabodetabek,Bekasi,SR-JKT-01,Andi,0.0466,Low,73.4640,3.4208,11,No order for 11 days,Pays 9 days late on average,Only 9 SKUs per order (typical healthy: 10),Call this week to confirm next order; check shelf stock
,,OUT-10835,Warung Indah 4,Warung,Jawa Timur,Surabaya,SR-JTM-08,Nanda,0.4025,High,8.4920,3.4178,54,No order for 54 days,Only 3 orders in 90 days (typical healthy: 10),Only 6 SKUs per order (typical healthy: 10),Call this week to confirm next order; check shelf stock
,,OUT-11229,Supermarket Sinar Abadi,Supermarket,Sulawesi Selatan,Gowa,SR-SLS-03,Hadi,0.0027,Low,1258.3560,3.4142,0,,,,"Account review: large account, no single warning sign"
,,OUT-11328,UD Sejahtera Pekalongan,Grosir,Jawa Tengah,Pekalongan,SR-JTG-02,Yudi,0.0066,Low,520.6400,3.4128,5,,,,"Account review: large account, no single warning sign"
,,OUT-11943,Swalayan Anugerah Cimahi,Supermarket,Jawa Barat,Cimahi,SR-JBR-11,Rina,0.0021,Low,1642.4320,3.4001,5,,,,"Account review: large account, no single warning sign"
,,OUT-11374,Toko Harapan Baru 5,Warung,Jawa Timur,Sidoarjo,SR-JTM-07,Maya,0.3547,High,9.5840,3.3993,18,Only 2 SKUs per order (typical healthy: 10),Only 4 orders in 90 days (typical healthy: 10),No order for 18 days,Range review on visit: check for competitor SKUs on shelf
,,OUT-10110,Mini Market Mitra Usaha Serdang,Minimarket,Sumatera Utara,Deli Serdang,SR-SMU-02,Taufik,0.0547,Low,62.0400,3.3917,7,Only 6 orders in 90 days (typical healthy: 10),Pays 8 days late on average,No order for 7 days,Call this week to confirm next order; check shelf stock
,,OUT-11959,Toko Maju Jaya Serdang,Warung,Sumatera Utara,Deli Serdang,SR-SMU-05,Agus,0.2280,Medium,14.8440,3.3846,55,No order for 55 days,Only 5 SKUs per order (typical healthy: 10),Only 4 orders in 90 days (typical healthy: 10),Call this week to confirm next order; check shelf stock
,,OUT-10087,Warung Cahaya,Warung,Jawa Timur,Gresik,SR-JTM-01,Gita,0.2555,Medium,13.2400,3.3827,28,Only 3 SKUs per order (typical healthy: 10),No order for 28 days,Only 6 orders in 90 days (typical healthy: 10),Range review on visit: check for competitor SKUs on shelf
,,OUT-11809,Grosir Rukun Tasikmalaya,Grosir,Jawa Barat,Tasikmalaya,SR-JBR-07,Dimas,0.0035,Low,959.3800,3.3613,2,,,,"Account review: large account, no single warning sign"
,,OUT-10592,Warung Murah Meriah Cimahi,Warung,Jawa Barat,Cimahi,SR-JBR-07,Dimas,0.4240,High,7.9240,3.3599,73,No order for 73 days,Only 2 orders in 90 days (typical healthy: 10),Only 6 SKUs per order (typical healthy: 10),Call this week to confirm next order; check shelf stock
,,OUT-11001,Warung Sejahtera 3,Warung,Jabodetabek,Bekasi,SR-JKT-12,Lukman,0.2327,Medium,14.4120,3.3543,42,No order for 42 days,Only 4 SKUs per order (typical healthy: 10),Pays 11 days late on average,Call this week to confirm next order; check shelf stock
,,OUT-10077,Toko Segar Jaya 7,Minimarket,Jawa Barat,Tasikmalaya,SR-JBR-07,Dimas,0.0690,Low,48.5720,3.3537,10,Only 5 orders in 90 days (typical healthy: 10),Pays 9 days late on average,No order for 10 days,Call this week to confirm next order; check shelf stock
,,OUT-12454,Toko Bahagia Surabaya,Warung,Jawa Timur,Surabaya,SR-JTM-04,Joko,0.1574,Medium,21.2320,3.3424,13,Only 3 SKUs per order (typical healthy: 10),No order for 13 days,Pays 10 days late on average,Range review on visit: check for competitor SKUs on shelf
,,OUT-12412,Mini Market Sentosa Maros 2,Minimarket,Sulawesi Selatan,Maros,SR-SLS-03,Hadi,0.0310,Low,107.4400,3.3278,10,No order for 10 days,Pays 5 days late on average,Revenue -46% vs prior 90 days,Call this week to confirm next order; check shelf stock
,,OUT-11108,Mini Market Karya Mandiri Tasikmalaya,Minimarket,Jawa Barat,Tasikmalaya,SR-JBR-01,Sari,0.0330,Low,100.6720,3.3172,7,Pays 6 days late on average,No order for 7 days,No rep visit for 37 days,Agree a payment plan with Finance before pushing new stock
,,OUT-11130,Toko Grosir Tunas Baru 4,Grosir,Sulawesi Selatan,Gowa,SR-SLS-01,Dimas,0.0082,Low,401.2760,3.3096,9,,,,"Account review: large account, no single warning sign"
,,OUT-11026,Mini Market Murah Meriah Karawang,Minimarket,Jawa Barat,Karawang,SR-JBR-06,Bayu,0.0257,Low,128.6720,3.3090,16,No order for 16 days,Revenue -47% vs prior 90 days,,Call this week to confirm next order; check shelf stock
,,OUT-12022,Swalayan Barokah,Supermarket,Jabodetabek,Jakarta Barat,SR-JKT-07,Gita,0.0028,Low,1193.1120,3.3024,0,,,,"Account review: large account, no single warning sign"
,,OUT-10928,Warung Indah Medan 5,Warung,Sumatera Utara,Medan,SR-SMU-03,Wulan,0.3598,High,9.1760,3.3014,38,No order for 38 days,Only 5 SKUs per order (typical healthy: 10),Only 4 orders in 90 days (typical healthy: 10),Call this week to confirm next order; check shelf stock
,,OUT-12580,Toko Pelita Parepare,Minimarket,Sulawesi Selatan,Parepare,SR-SLS-02,Fitri,0.0189,Low,173.4360,3.2777,8,Pays 8 days late on average,No order for 8 days,Only 9 SKUs per order (typical healthy: 10),Agree a payment plan with Finance before pushing new stock
,,OUT-10796,Supermarket Sinar Abadi Cirebon,Supermarket,Jawa Barat,Cirebon,SR-JBR-05,Agus,0.0026,Low,1282.0200,3.2697,3,,,,"Account review: large account, no single warning sign"
,,OUT-11076,UD Indah Tasikmalaya,Grosir,Jawa Barat,Tasikmalaya,SR-JBR-04,Yoga,0.0136,Low,240.5800,3.2675,2,Pays 9 days late on average,,,Agree a payment plan with Finance before pushing new stock
,,OUT-10202,Mini Market Rukun Maros,Minimarket,Sulawesi Selatan,Maros,SR-SLS-02,Fitri,0.0289,Low,112.9960,3.2610,12,No order for 12 days,,,Call this week to confirm next order; check shelf stock
,,OUT-10440,Toko Barokah 3,Minimarket,Jawa Timur,Sidoarjo,SR-JTM-04,Joko,0.0258,Low,125.9760,3.2478,10,No order for 10 days,Jawa Timur: regional churn running high,No rep visit for 36 days,Call this week to confirm next order; check shelf stock
,,OUT-10432,Toko Lancar Malang,Warung,Jawa Timur,Malang,SR-JTM-08,Nanda,0.3096,Medium,10.3680,3.2103,25,Only 3 SKUs per order (typical healthy: 10),No order for 25 days,Only 4 orders in 90 days (typical healthy: 10),Range review on visit: check for competitor SKUs on shelf
,,OUT-12180,Toko Maju Jaya Parepare,Minimarket,Sulawesi Selatan,Parepare,SR-SLS-01,Dimas,0.0267,Low,119.2000,3.1849,9,No order for 9 days,1 complaint(s) in 90 days,1 rep visits in 60 days,Call this week to confirm next order; check shelf stock
,,OUT-12111,UD Sentosa 7,Grosir,Jawa Tengah,Magelang,SR-JTG-06,Citra,0.0079,Low,402.4720,3.1778,1,,,,"Account review: large account, no single warning sign"
,,OUT-12057,Supermarket Damai,Supermarket,Sulawesi Selatan,Makassar,SR-SLS-03,Hadi,0.0024,Low,1298.4600,3.1654,1,,,,"Account review: large account, no single warning sign"
,,OUT-11680,Grosir Cahaya Magelang,Grosir,Jawa Tengah,Magelang,SR-JTG-05,Budi,0.0036,Low,878.8360,3.1610,7,,,,"Account review: large account, no single warning sign"
,,OUT-10960,Toko Sinar Abadi Solo,Minimarket,Jawa Tengah,Solo,SR-JTG-01,Teguh,0.0399,Low,78.7840,3.1442,4,Only 6 orders in 90 days (typical healthy: 10),Pays 8 days late on average,Revenue -44% vs prior 90 days,Call this week to confirm next order; check shelf stock
,,OUT-12138,Toko Segar Jaya Surabaya,Warung,Jawa Timur,Surabaya,SR-JTM-02,Hendra,0.3958,High,7.9320,3.1396,72,No order for 72 days,Only 3 orders in 90 days (typical healthy: 10),Only 5 SKUs per order (typical healthy: 10),Call this week to confirm next order; check shelf stock
,,OUT-11335,Mini Market Damai Gowa 6,Minimarket,Sulawesi Selatan,Gowa,SR-SLS-02,Fitri,0.0349,Low,89.0600,3.1089,5,Pays 7 days late on average,1 complaint(s) in 90 days,No rep visit for 35 days,Agree a payment plan with Finance before pushing new stock
,,OUT-10131,Toko Berkah Timur,Warung,Jabodetabek,Jakarta Timur,SR-JKT-15,Putri,0.3135,Medium,9.8840,3.0986,22,Only 3 orders in 90 days (typical healthy: 10),Only 4 SKUs per order (typical healthy: 10),No order for 22 days,Call this week to confirm next order; check shelf stock
,,OUT-11801,UD Harapan Baru Magelang,Grosir,Jawa Tengah,Magelang,SR-JTG-05,Budi,0.0082,Low,378.9840,3.0919,0,,,,"Account review: large account, no single warning sign"
,,OUT-11903,Mini Market Barokah 4,Minimarket,Sumatera Utara,Binjai,SR-SMU-05,Agus,0.0707,Low,43.6360,3.0841,4,Only 6 orders in 90 days (typical healthy: 10),Pays 10 days late on average,2 complaint(s) in 90 days,Call this week to confirm next order; check shelf stock
,,OUT-11277,Warung Anugerah Bogor,Warung,Jabodetabek,Bogor,SR-JKT-01,Andi,0.3805,High,8.0960,3.0804,77,No order for 77 days,Only 5 SKUs per order (typical healthy: 10),Only 4 orders in 90 days (typical healthy: 10),Call this week to confirm next order; check shelf stock
,,OUT-12227,Warung Mekar Sari Gresik 1,Warung,Jawa Timur,Gresik,SR-JTM-09,Putri,0.2792,Medium,11.0160,3.0756,14,Only 5 SKUs per order (typical healthy: 10),Only 5 orders in 90 days (typical healthy: 10),Pays 15 days late on average,Range review on visit: check for competitor SKUs on shelf
,,OUT-10585,Warung Segar Jaya Serdang,Warung,Sumatera Utara,Deli Serdang,SR-SMU-02,Taufik,0.4489,High,6.8360,3.0689,53,No order for 53 days,Only 2 orders in 90 days (typical healthy: 10),Only 5 SKUs per order (typical healthy: 10),Call this week to confirm next order; check shelf stock
,,OUT-11008,Toko Murah Meriah Tasikmalaya,Warung,Jawa Barat,Tasikmalaya,SR-JBR-03,Wulan,0.3250,Medium,9.3400,3.0356,30,Only 2 SKUs per order (typical healthy: 10),No order for 30 days,Only 4 orders in 90 days (typical healthy: 10),Range review on visit: check for competitor SKUs on shelf
,,OUT-12140,Mini Market Berkah Medan,Minimarket,Sumatera Utara,Medan,SR-SMU-03,Wulan,0.0306,Low,99.2800,3.0335,10,No order for 10 days,Pays 5 days late on average,,Call this week to confirm next order; check shelf stock
,,OUT-11845,Warung Murah Meriah Barat 7,Warung,Jabodetabek,Jakarta Barat,SR-JKT-14,Nanda,0.4500,High,6.7080,3.0187,38,No order for 38 days,Only 3 SKUs per order (typical healthy: 10),Only 3 orders in 90 days (typical healthy: 10),Call this week to confirm next order; check shelf stock
,,OUT-10867,Toko Indah Medan 3,Minimarket,Sumatera Utara,Medan,SR-SMU-06,Bayu,0.0579,Low,51.9720,3.0088,9,Only 6 orders in 90 days (typical healthy: 10),Pays 10 days late on average,No order for 9 days,Call this week to confirm next order; check shelf stock
,,OUT-11528,Toko Bintang Timur Solo 6,Minimarket,Jawa Tengah,Solo,SR-JTG-09,Fajar,0.0376,Low,79.6480,2.9954,6,Only 8 SKUs per order (typical healthy: 10),Only 7 orders in 90 days (typical healthy: 10),Pays 5 days late on average,Range review on visit: check for competitor SKUs on shelf
,,OUT-12042,Toko Sejahtera Malang,Warung,Jawa Timur,Malang,SR-JTM-07,Maya,0.2015,Medium,14.7680,2.9762,52,No order for 52 days,Only 5 orders in 90 days (typical healthy: 10),Only 7 SKUs per order (typical healthy: 10),Call this week to confirm next order; check shelf stock
,,OUT-11016,Toko Grosir Bintang Timur Bogor 6,Grosir,Jabodetabek,Bogor,SR-JKT-12,Lukman,0.0175,Low,169.8240,2.9759,12,No order for 12 days,Only 7 orders in 90 days (typical healthy: 10),Revenue -80% vs prior 90 days,Call this week to confirm next order; check shelf stock
,,OUT-11487,Toko Indah Gowa,Minimarket,Sulawesi Selatan,Gowa,SR-SLS-01,Dimas,0.0400,Low,74.3600,2.9740,4,Only 6 orders in 90 days (typical healthy: 10),Pays 5 days late on average,No rep visit for 25 days,Call this week to confirm next order; check shelf stock
,,OUT-11759,Mini Market Berkah 5,Minimarket,Sumatera Utara,Medan,SR-SMU-05,Agus,0.0258,Low,115.0480,2.9739,19,No order for 19 days,Pays 4 days late on average,,Call this week to confirm next order; check shelf stock
,,OUT-10222,Toko Indah,Minimarket,Jawa Tengah,Magelang,SR-JTG-07,Dewi,0.0303,Low,98.0280,2.9729,10,No order for 10 days,,,Call this week to confirm next order; check shelf stock
,,OUT-10167,Mini Market Bintang Timur Medan 5,Minimarket,Sumatera Utara,Medan,SR-SMU-06,Bayu,0.3245,Medium,9.1520,2.9700,81,Only 1 orders in 90 days (typical healthy: 10),No order for 81 days,No rep visit for 64 days,Call this week to confirm next order; check shelf stock
,,OUT-11472,Toko Sumber Rezeki Tangerang 2,Minimarket,Jabodetabek,Tangerang,SR-JKT-02,Budi,0.0502,Low,59.0400,2.9635,17,No order for 17 days,Only 5 orders in 90 days (typical healthy: 10),Revenue -53% vs prior 90 days,Call this week to confirm next order; check shelf stock
,,OUT-11540,Grosir Anugerah Tasikmalaya,Grosir,Jawa Barat,Tasikmalaya,SR-JBR-11,Rina,0.0125,Low,235.8720,2.9595,1,,,,"Account review: large account, no single warning sign"
,,OUT-10197,Toko Lancar Solo,Minimarket,Jawa Tengah,Solo,SR-JTG-03,Lestari,0.0329,Low,89.8240,2.9514,14,No order for 14 days,Pays 5 days late on average,Only 9 orders in 90 days (typical healthy: 10),Call this week to confirm next order; check shelf stock
,,OUT-12297,Warung Barokah Malang,Warung,Jawa Timur,Malang,SR-JTM-08,Nanda,0.2389,Medium,12.3320,2.9459,8,Only 4 SKUs per order (typical healthy: 10),Only 4 orders in 90 days (typical healthy: 10),Pays 12 days late on average,Range review on visit: check for competitor SKUs on shelf
,,OUT-10019,Toko Grosir Anugerah Pematangsiantar,Grosir,Sumatera Utara,Pematangsiantar,SR-SMU-05,Agus,0.0082,Low,360.4600,2.9429,12,No order for 12 days,,,Call this week to confirm next order; check shelf stock
,,OUT-10897,UD Pelita Bogor 2,Grosir,Jabodetabek,Bogor,SR-JKT-05,Eko,0.0054,Low,543.8560,2.9419,1,,,,"Account review: large account, no single warning sign"
,,OUT-11798,UD Mulia 4,Grosir,Jawa Barat,Tasikmalaya,SR-JBR-05,Agus,0.0069,Low,423.7400,2.9295,2,,,,"Account review: large account, no single warning sign"
,,OUT-11512,Toko Grosir Mitra Usaha Tangerang,Grosir,Jabodetabek,Tangerang,SR-JKT-06,Fajar,0.0051,Low,574.9920,2.9231,0,,,,"Account review: large account, no single warning sign"
,,OUT-12573,Toko Grosir Indah Gresik,Grosir,Jawa Timur,Gresik,SR-JTM-01,Gita,0.0054,Low,541.6400,2.9118,2,,,,"Account review: large account, no single warning sign"
,,OUT-11964,UD Maju Jaya,Grosir,Jabodetabek,Tangerang,SR-JKT-10,Joko,0.0032,Low,895.0120,2.9027,13,,,,"Account review: large account, no single warning sign"
,,OUT-11013,Toko Sentosa Purwokerto 6,Minimarket,Jawa Tengah,Purwokerto,SR-JTG-03,Lestari,0.0208,Low,139.1360,2.9000,23,No order for 23 days,Pays 6 days late on average,,Call this week to confirm next order; check shelf stock
,,OUT-12081,Supermarket Sinar Abadi Karawang 8,Supermarket,Jawa Barat,Karawang,SR-JBR-05,Agus,0.0051,Low,564.8360,2.9000,0,,,,"Account review: large account, no single warning sign"
,,OUT-12185,Supermarket Bintang Timur Purwokerto 1,Supermarket,Jawa Tengah,Purwokerto,SR-JTG-09,Fajar,0.0019,Low,1489.3480,2.8989,2,,,,"Account review: large account, no single warning sign"
,,OUT-11911,Mini Market Setia Kawan Timur,Minimarket,Jabodetabek,Jakarta Timur,SR-JKT-14,Nanda,0.0230,Low,125.4480,2.8877,30,No order for 30 days,No rep visit for 30 days,,Call this week to confirm next order; check shelf stock
,,OUT-10018,Toko Grosir Sejahtera Barat,Grosir,Jabodetabek,Jakarta Barat,SR-JKT-01,Andi,0.0041,Low,707.9400,2.8866,2,,,,"Account review: large account, no single warning sign"
,,OUT-10187,Toko Karya Mandiri Cimahi,Minimarket,Jawa Barat,Cimahi,SR-JBR-09,Hadi,0.0700,Low,41.1400,2.8799,6,Only 5 orders in 90 days (typical healthy: 10),No rep visit for 85 days,Pays 6 days late on average,Call this week to confirm next order; check shelf stock
,,OUT-12007,Toko Grosir Mekar Sari Magelang,Grosir,Jawa Tengah,Magelang,SR-JTG-06,Citra,0.0164,Low,175.2680,2.8722,1,Only 5 orders in 90 days (typical healthy: 10),,,Call this week to confirm next order; check shelf stock
,,OUT-12492,UD Karya Mandiri Bandung,Grosir,Jawa Barat,Bandung,SR-JBR-07,Dimas,0.0067,Low,429.4200,2.8642,15,No order for 15 days,,,Call this week to confirm next order; check shelf stock
,,OUT-11707,Mini Market Rukun 7,Minimarket,Jabodetabek,Depok,SR-JKT-16,Rizky,0.4689,High,6.0960,2.8583,84,Only 1 orders in 90 days (typical healthy: 10),No order for 84 days,No rep visit for 70 days,Call this week to confirm next order; check shelf stock
,,OUT-12296,Mini Market Cahaya Depok,Minimarket,Jabodetabek,Depok,SR-JKT-14,Nanda,0.0805,Low,35.3360,2.8439,6,Only 4 orders in 90 days (typical healthy: 10),Pays 9 days late on average,Only 8 SKUs per order (typical healthy: 10),Call this week to confirm next order; check shelf stock
,,OUT-12484,Toko Sentosa Karawang 6,Warung,Jawa Barat,Karawang,SR-JBR-06,Bayu,0.4294,High,6.6200,2.8429,51,No order for 51 days,Only 2 SKUs per order (typical healthy: 10),Only 3 orders in 90 days (typical healthy: 10),Call this week to confirm next order; check shelf stock
,,OUT-11127,Supermarket Mulia Solo 2,Supermarket,Jawa Tengah,Solo,SR-JTG-02,Yudi,0.0028,Low,1008.2000,2.8400,1,,,,"Account review: large account, no single warning sign"
,,OUT-12563,Toko Rukun Surabaya,Warung,Jawa Timur,Surabaya,SR-JTM-02,Hendra,0.1442,Low,19.6520,2.8331,41,No order for 41 days,Only 6 SKUs per order (typical healthy: 10),Only 5 orders in 90 days (typical healthy: 10),Call this week to confirm next order; check shelf stock
,,OUT-11056,Warung Harapan Baru Sidoarjo,Warung,Jawa Timur,Sidoarjo,SR-JTM-10,Rizky,0.2659,Medium,10.6520,2.8323,25,Only 3 SKUs per order (typical healthy: 10),No order for 25 days,Only 4 orders in 90 days (typical healthy: 10),Range review on visit: check for competitor SKUs on shelf
,,OUT-11025,Toko Maju Jaya Sidoarjo 8,Minimarket,Jawa Timur,Sidoarjo,SR-JTM-07,Maya,0.0358,Low,78.9080,2.8255,18,No order for 18 days,Jawa Timur: regional churn running high,Only 8 orders in 90 days (typical healthy: 10),Call this week to confirm next order; check shelf stock
,,OUT-12502,Warung Barokah Sidoarjo,Warung,Jawa Timur,Sidoarjo,SR-JTM-10,Rizky,0.3218,Medium,8.7640,2.8204,37,No order for 37 days,Only 3 SKUs per order (typical healthy: 10),Only 3 orders in 90 days (typical healthy: 10),Call this week to confirm next order; check shelf stock
,,OUT-11859,Warung Subur Barat 2,Warung,Jabodetabek,Jakarta Barat,SR-JKT-14,Nanda,0.1835,Medium,15.3640,2.8191,19,Only 4 SKUs per order (typical healthy: 10),Only 4 orders in 90 days (typical healthy: 10),No order for 19 days,Range review on visit: check for competitor SKUs on shelf
,,OUT-10034,Toko Sejahtera,Minimarket,Jawa Barat,Cimahi,SR-JBR-09,Hadi,0.0172,Low,163.7400,2.8186,7,No rep visit for 118 days,0 rep visits in 60 days,No order for 7 days,Book a rep visit within 7 days
,,OUT-11990,Swalayan Indah 7,Supermarket,Jabodetabek,Jakarta Barat,SR-JKT-08,Hendra,0.0023,Low,1233.1440,2.8158,1,,,,"Account review: large account, no single warning sign"
,,OUT-10069,Mini Market Makmur Depok 3,Minimarket,Jabodetabek,Depok,SR-JKT-07,Gita,0.0263,Low,107.1240,2.8153,4,Only 7 orders in 90 days (typical healthy: 10),No rep visit for 54 days,1 rep visits in 60 days,Call this week to confirm next order; check shelf stock
,,OUT-12526,Warung Rukun Depok 7,Warung,Jabodetabek,Depok,SR-JKT-06,Fajar,0.1498,Low,18.7320,2.8063,28,Only 3 SKUs per order (typical healthy: 10),No order for 28 days,Only 6 orders in 90 days (typical healthy: 10),Range review on visit: check for competitor SKUs on shelf
,,OUT-11886,Toko Sinar Abadi 2,Warung,Jawa Barat,Bandung,SR-JBR-09,Hadi,0.2050,Medium,13.6800,2.8037,37,No order for 37 days,Only 4 orders in 90 days (typical healthy: 10),Only 5 SKUs per order (typical healthy: 10),Call this week to confirm next order; check shelf stock
,,OUT-12187,Warung Barokah Gresik,Warung,Jawa Timur,Gresik,SR-JTM-04,Joko,0.2876,Medium,9.7120,2.7930,33,No order for 33 days,Only 6 SKUs per order (typical healthy: 10),Only 5 orders in 90 days (typical healthy: 10),Call this week to confirm next order; check shelf stock
,,OUT-10090,Toko Bintang Timur Magelang,Minimarket,Jawa Tengah,Magelang,SR-JTG-07,Dewi,0.0472,Low,59.1400,2.7924,23,No order for 23 days,Only 7 orders in 90 days (typical healthy: 10),Only 9 SKUs per order (typical healthy: 10),Call this week to confirm next order; check shelf stock
,,OUT-11879,UD Segar Jaya Semarang,Grosir,Jawa Tengah,Semarang,SR-JTG-09,Fajar,0.0036,Low,774.3640,2.7889,9,,,,"Account review: large account, no single warning sign"
,,OUT-11864,Swalayan Harapan Baru Pekalongan,Supermarket,Jawa Tengah,Pekalongan,SR-JTG-04,Andi,0.0024,Low,1138.5200,2.7888,2,,,,"Account review: large account, no single warning sign"
,,OUT-12213,Toko Bintang Timur Medan,Minimarket,Sumatera Utara,Medan,SR-SMU-01,Sari,0.0441,Low,63.2360,2.7874,11,Only 6 orders in 90 days (typical healthy: 10),No order for 11 days,Pays 6 days late on average,Call this week to confirm next order; check shelf stock
,,OUT-10885,Grosir Lancar Tangerang 6,Grosir,Jabodetabek,Tangerang,SR-JKT-06,Fajar,0.0048,Low,584.9640,2.7834,0,,,,"Account review: large account, no single warning sign"
,,OUT-10925,Toko Barokah 6,Minimarket,Jabodetabek,Jakarta Timur,SR-JKT-04,Dewi,0.0292,Low,95.4560,2.7829,3,Only 9 SKUs per order (typical healthy: 10),Pays 5 days late on average,1 complaint(s) in 90 days,Range review on visit: check for competitor SKUs on shelf
,,OUT-10788,Swalayan Mitra Usaha Bandung,Supermarket,Jawa Barat,Bandung,SR-JBR-08,Fitri,0.0027,Low,1034.9600,2.7819,8,,,,"Account review: large account, no single warning sign"
,,OUT-12253,Toko Grosir Anugerah Karawang,Grosir,Jawa Barat,Karawang,SR-JBR-06,Bayu,0.0034,Low,811.5320,2.7719,4,,,,"Account review: large account, no single warning sign"
,,OUT-10321,Supermarket Bintang Timur Binjai,Supermarket,Sumatera Utara,Binjai,SR-SMU-03,Wulan,0.0023,Low,1187.8080,2.7585,4,,,,"Account review: large account, no single warning sign"
,,OUT-11918,Warung Makmur Surabaya,Warung,Jawa Timur,Surabaya,SR-JTM-01,Gita,0.5253,High,5.2360,2.7506,37,Only 2 orders in 90 days (typical healthy: 10),No order for 37 days,Only 2 SKUs per order (typical healthy: 10),Call this week to confirm next order; check shelf stock
,,OUT-11871,Swalayan Sejahtera Karawang,Supermarket,Jawa Barat,Karawang,SR-JBR-10,Irma,0.0020,Low,1350.6320,2.7504,1,,,,"Account review: large account, no single warning sign"
,,OUT-11519,Warung Berkah Timur,Warung,Jabodetabek,Jakarta Timur,SR-JKT-03,Citra,0.3936,High,6.9480,2.7345,32,No order for 32 days,Only 3 orders in 90 days (typical healthy: 10),Only 4 SKUs per order (typical healthy: 10),Call this week to confirm next order; check shelf stock
,,OUT-10686,Mini Market Sinar Abadi Cirebon,Minimarket,Jawa Barat,Cirebon,SR-JBR-07,Dimas,0.0167,Low,162.8280,2.7209,5,Pays 6 days late on average,No rep visit for 54 days,,Agree a payment plan with Finance before pushing new stock
,,OUT-10071,Toko Sumber Rezeki Tangerang,Minimarket,Jabodetabek,Tangerang,SR-JKT-11,Kartika,0.0179,Low,151.6600,2.7193,10,No order for 10 days,Pays 6 days late on average,1 complaint(s) in 90 days,Call this week to confirm next order; check shelf stock
,,OUT-10473,UD Bintang Timur,Grosir,Jabodetabek,Tangerang,SR-JKT-01,Andi,0.0049,Low,550.5120,2.7174,5,,,,"Account review: large account, no single warning sign"
,,OUT-10581,Swalayan Makmur Magelang 6,Supermarket,Jawa Tengah,Magelang,SR-JTG-04,Andi,0.0030,Low,914.9400,2.7114,3,,,,"Account review: large account, no single warning sign"
,,OUT-11075,Toko Grosir Mulia Serdang,Grosir,Sumatera Utara,Deli Serdang,SR-SMU-06,Bayu,0.0046,Low,591.4000,2.6934,3,,,,"Account review: large account, no single warning sign"
,,OUT-10461,Mini Market Makmur Semarang 5,Minimarket,Jawa Tengah,Semarang,SR-JTG-06,Citra,0.0250,Low,107.5840,2.6844,7,Pays 9 days late on average,No order for 7 days,,Agree a payment plan with Finance before pushing new stock
,,OUT-11424,Supermarket Rukun Bandung,Supermarket,Jawa Barat,Bandung,SR-JBR-01,Sari,0.0018,Low,1457.9120,2.6826,1,,,,"Account review: large account, no single warning sign"
,,OUT-11443,Warung Makmur Depok 5,Warung,Jabodetabek,Depok,SR-JKT-04,Dewi,0.4460,High,6.0120,2.6816,52,No order for 52 days,Only 4 SKUs per order (typical healthy: 10),Only 4 orders in 90 days (typical healthy: 10),Call this week to confirm next order; check shelf stock
,,OUT-12155,Supermarket Mulia Pekalongan 7,Supermarket,Jawa Tengah,Pekalongan,SR-JTG-07,Dewi,0.0017,Low,1564.8680,2.6815,1,,,,"Account review: large account, no single warning sign"
,,OUT-10673,Mini Market Sentosa Gowa,Minimarket,Sulawesi Selatan,Gowa,SR-SLS-02,Fitri,0.0340,Low,78.3480,2.6622,4,Only 6 orders in 90 days (typical healthy: 10),Pays 5 days late on average,,Call this week to confirm next order; check shelf stock
,,OUT-10537,Grosir Sumber Rezeki,Grosir,Jawa Tengah,Purwokerto,SR-JTG-01,Teguh,0.0032,Low,820.1520,2.6500,4,,,,"Account review: large account, no single warning sign"
,,OUT-12565,Toko Rukun Purwokerto,Minimarket,Jawa Tengah,Purwokerto,SR-JTG-06,Citra,0.0505,Low,52.4040,2.6474,23,Only 3 orders in 90 days (typical healthy: 10),No order for 23 days,Pays 5 days late on average,Call this week to confirm next order; check shelf stock
,,OUT-10725,Toko Lancar 6,Minimarket,Jabodetabek,Unknown,SR-JKT-13,Maya,0.0286,Low,92.4960,2.6452,4,Only 8 SKUs per order (typical healthy: 10),No rep visit for 50 days,1 rep visits in 60 days,Range review on visit: check for competitor SKUs on shelf
,,OUT-12172,Warung Barokah 6,Warung,Jabodetabek,Tangerang,SR-JKT-12,Lukman,0.1305,Low,20.1600,2.6307,17,Only 5 SKUs per order (typical healthy: 10),No order for 17 days,Only 6 orders in 90 days (typical healthy: 10),Range review on visit: check for competitor SKUs on shelf
,,OUT-11398,Toko Pelita Pematangsiantar,Minimarket,Sumatera Utara,Pematangsiantar,SR-SMU-05,Agus,0.0155,Low,168.9600,2.6190,10,No order for 10 days,,,Call this week to confirm next order; check shelf stock
,,OUT-12214,Swalayan Anugerah Pekalongan,Supermarket,Jawa Tengah,Pekalongan,SR-JTG-06,Citra,0.0017,Low,1569.6000,2.6167,6,,,,"Account review: large account, no single warning sign"
,,OUT-10172,Grosir Bahagia,Grosir,Jawa Tengah,Semarang,SR-JTG-06,Citra,0.0052,Low,502.6840,2.6085,0,,,,"Account review: large account, no single warning sign"
,,OUT-12289,Toko Anugerah Bekasi,Warung,Jabodetabek,Bekasi,SR-JKT-10,Joko,0.2818,Medium,9.1840,2.5881,21,Only 3 SKUs per order (typical healthy: 10),Only 3 orders in 90 days (typical healthy: 10),Pays 25 days late on average,Range review on visit: check for competitor SKUs on shelf
,,OUT-10288,Swalayan Harapan Baru Cirebon,Supermarket,Jawa Barat,Cirebon,SR-JBR-09,Hadi,0.0016,Low,1554.2840,2.5645,6,,,,"Account review: large account, no single warning sign"
,,OUT-12341,Toko Grosir Karya Mandiri Bekasi,Grosir,Jabodetabek,Bekasi,SR-JKT-04,Dewi,0.0048,Low,536.7240,2.5636,1,,,,"Account review: large account, no single warning sign"
,,OUT-11726,Toko Mekar Sari Barat,Minimarket,Jabodetabek,Jakarta Barat,SR-JKT-11,Kartika,0.0184,Low,139.3840,2.5626,13,No order for 13 days,,,Call this week to confirm next order; check shelf stock
,,OUT-10718,Toko Karya Mandiri Depok,Warung,Jabodetabek,Depok,SR-JKT-01,Andi,0.1985,Medium,12.8920,2.5588,18,Only 3 SKUs per order (typical healthy: 10),No order for 18 days,Only 5 orders in 90 days (typical healthy: 10),Range review on visit: check for competitor SKUs on shelf
,,OUT-12312,Mini Market Setia Kawan Bekasi,Minimarket,Jabodetabek,Bekasi,SR-JKT-10,Joko,0.0925,Low,27.4680,2.5412,9,Only 3 orders in 90 days (typical healthy: 10),Only 6 SKUs per order (typical healthy: 10),Pays 14 days late on average,Call this week to confirm next order; check shelf stock
,,OUT-10355,Toko Rukun Tasikmalaya,Minimarket,Jawa Barat,Tasikmalaya,SR-JBR-09,Hadi,0.0201,Low,125.5240,2.5261,9,No order for 9 days,No rep visit for 78 days,0 rep visits in 60 days,Call this week to confirm next order; check shelf stock
,,OUT-10782,UD Subur 7,Grosir,Sumatera Utara,Binjai,SR-SMU-01,Sari,0.0098,Low,258.5080,2.5237,0,,,,"Account review: large account, no single warning sign"
,,OUT-10120,Toko Sejahtera Semarang 2,Minimarket,Jawa Tengah,Semarang,SR-JTG-09,Fajar,0.0247,Low,102.1040,2.5212,6,No rep visit for 27 days,,,Book a rep visit within 7 days
,,OUT-12191,Mini Market Indah 7,Minimarket,Jabodetabek,Jakarta Barat,SR-JKT-12,Lukman,0.0193,Low,130.6720,2.5209,5,Only 8 SKUs per order (typical healthy: 10),Pays 7 days late on average,1 complaint(s) in 90 days,Range review on visit: check for competitor SKUs on shelf
,,OUT-10666,Warung Bahagia,Warung,Jawa Timur,Malang,SR-JTM-09,Putri,0.1390,Low,18.0680,2.5117,13,Only 5 SKUs per order (typical healthy: 10),No order for 13 days,Only 6 orders in 90 days (typical healthy: 10),Range review on visit: check for competitor SKUs on shelf
,,OUT-12379,Toko Grosir Tunas Baru,Grosir,Jabodetabek,Bekasi,SR-JKT-04,Dewi,0.0043,Low,580.8160,2.5012,1,,,,"Account review: large account, no single warning sign"
,,OUT-11532,Mini Market Segar Jaya Timur 2,Minimarket,Jabodetabek,Jakarta Timur,SR-JKT-16,Rizky,0.0258,Low,96.4680,2.4863,1,Only 7 orders in 90 days (typical healthy: 10),2 complaint(s) in 90 days,Only 9 SKUs per order (typical healthy: 10),Call this week to confirm next order; check shelf stock
,,OUT-11655,UD Mulia 3,Grosir,Sulawesi Selatan,Maros,SR-SLS-02,Fitri,0.0040,Low,613.5320,2.4668,2,,,,"Account review: large account, no single warning sign"
,,OUT-10713,Mini Market Tunas Baru Gresik,Minimarket,Jawa Timur,Gresik,SR-JTM-03,Indra,0.0330,Low,74.7840,2.4664,4,Only 6 orders in 90 days (typical healthy: 10),Jawa Timur: regional churn running high,Pays 5 days late on average,Call this week to confirm next order; check shelf stock
,,OUT-10913,Swalayan Makmur 7,Supermarket,Sumatera Utara,Pematangsiantar,SR-SMU-06,Bayu,0.0025,Low,992.2200,2.4639,0,,,,"Account review: large account, no single warning sign"
,,OUT-10053,Toko Grosir Segar Jaya 5,Grosir,Jawa Timur,Gresik,SR-JTM-04,Joko,0.0035,Low,699.8920,2.4433,5,,,,"Account review: large account, no single warning sign"
,,OUT-11531,UD Barokah Cimahi,Grosir,Jawa Barat,Cimahi,SR-JBR-10,Irma,0.0046,Low,531.8680,2.4316,3,,,,"Account review: large account, no single warning sign"
,,OUT-10604,Mini Market Indah Malang,Minimarket,Jawa Timur,Malang,SR-JTM-10,Rizky,0.0470,Low,51.5600,2.4239,6,Only 5 orders in 90 days (typical healthy: 10),No rep visit on record,Jawa Timur: regional churn running high,Call this week to confirm next order; check shelf stock
,,OUT-11111,Grosir Bahagia Timur,Grosir,Jabodetabek,Jakarta Timur,SR-JKT-07,Gita,0.0057,Low,421.1400,2.4181,0,,,,"Account review: large account, no single warning sign"
,,OUT-10396,Toko Indah 1,Minimarket,Jawa Barat,Cimahi,SR-JBR-03,Wulan,0.0168,Low,143.1560,2.4109,7,No rep visit for 103 days,0 rep visits in 60 days,No order for 7 days,Book a rep visit within 7 days
,,OUT-10188,Toko Mulia Depok,Minimarket,Jabodetabek,Depok,SR-JKT-08,Hendra,0.0247,Low,97.1680,2.3968,8,No order for 8 days,Pays 6 days late on average,1 complaint(s) in 90 days,Call this week to confirm next order; check shelf stock
,,OUT-12285,Toko Grosir Segar Jaya 4,Grosir,Jabodetabek,Jakarta Barat,SR-JKT-06,Fajar,0.0095,Low,251.5480,2.3937,1,,,,"Account review: large account, no single warning sign"
,,OUT-12205,UD Cahaya Karawang,Grosir,Jawa Barat,Karawang,SR-JBR-09,Hadi,0.0045,Low,520.7240,2.3659,16,,,,"Account review: large account, no single warning sign"
,,OUT-11138,Toko Grosir Setia Kawan Cimahi 1,Grosir,Jawa Barat,Cimahi,SR-JBR-08,Fitri,0.0032,Low,739.0480,2.3539,0,,,,"Account review: large account, no single warning sign"
,,OUT-12063,Mini Market Segar Jaya Purwokerto,Minimarket,Jawa Tengah,Purwokerto,SR-JTG-01,Teguh,0.0156,Low,149.9320,2.3361,21,No order for 21 days,,,Call this week to confirm next order; check shelf stock
,,OUT-11367,Mini Market Damai 6,Minimarket,Jabodetabek,Depok,SR-JKT-06,Fajar,0.0121,Low,192.3840,2.3200,13,No order for 13 days,2 complaint(s) in 90 days,,Call this week to confirm next order; check shelf stock
,,OUT-10858,Supermarket Anugerah Medan 5,Supermarket,Sumatera Utara,Medan,SR-SMU-05,Agus,0.0019,Low,1230.8600,2.3193,1,,,,"Account review: large account, no single warning sign"
,,OUT-10890,Mini Market Subur Kediri,Minimarket,Jawa Timur,Kediri,SR-JTM-02,Hendra,0.0143,Low,161.2720,2.3125,12,No order for 12 days,Jawa Timur: regional churn running high,,Call this week to confirm next order; check shelf stock
,,OUT-11822,Warung Sinar Abadi Semarang,Warung,Jawa Tengah,Semarang,SR-JTG-01,Teguh,0.1523,Medium,15.0560,2.2927,16,Only 3 SKUs per order (typical healthy: 10),No order for 16 days,Only 5 orders in 90 days (typical healthy: 10),Range review on visit: check for competitor SKUs on shelf
,,OUT-11074,Warung Subur Maros,Warung,Sulawesi Selatan,Maros,SR-SLS-05,Rina,0.0973,Low,23.5320,2.2905,12,Only 5 SKUs per order (typical healthy: 10),Only 5 orders in 90 days (typical healthy: 10),No order for 12 days,Range review on visit: check for competitor SKUs on shelf
,,OUT-11664,Grosir Harapan Baru Bekasi,Grosir,Jabodetabek,Bekasi,SR-JKT-08,Hendra,0.0044,Low,520.6800,2.2897,1,,,,"Account review: large account, no single warning sign"
,,OUT-11352,Supermarket Cahaya,Supermarket,Sumatera Utara,Binjai,SR-SMU-05,Agus,0.0016,Low,1466.0120,2.2896,0,,,,"Account review: large account, no single warning sign"
,,OUT-10881,Mini Market Damai Bandung 2,Minimarket,Jawa Barat,Bandung,SR-JBR-09,Hadi,0.0361,Low,63.1920,2.2832,8,No rep visit for 165 days,No order for 8 days,Only 8 orders in 90 days (typical healthy: 10),Book a rep visit within 7 days
,,OUT-10735,Warung Sinar Abadi Bogor,Warung,Jabodetabek,Bogor,SR-JKT-13,Maya,0.0845,Low,26.9440,2.2781,18,Only 4 SKUs per order (typical healthy: 10),No order for 18 days,2 complaint(s) in 90 days,Range review on visit: check for competitor SKUs on shelf
,,OUT-10918,Toko Sinar Abadi Barat,Warung,Jabodetabek,Jakarta Barat,SR-JKT-10,Joko,0.1408,Low,16.1680,2.2765,46,No order for 46 days,Only 4 SKUs per order (typical healthy: 10),Only 4 orders in 90 days (typical healthy: 10),Call this week to confirm next order; check shelf stock
,,OUT-11194,Warung Sentosa Maros,Warung,Sulawesi Selatan,Maros,SR-SLS-04,Irma,0.3033,Medium,7.4840,2.2697,37,No order for 37 days,Only 3 SKUs per order (typical healthy: 10),Only 3 orders in 90 days (typical healthy: 10),Call this week to confirm next order; check shelf stock
,,OUT-11359,Warung Sentosa 1,Warung,Jawa Timur,Gresik,SR-JTM-06,Lukman,0.0939,Low,24.1520,2.2668,15,Only 5 SKUs per order (typical healthy: 10),No order for 15 days,Pays 6 days late on average,Range review on visit: check for competitor SKUs on shelf
,,OUT-12329,UD Mitra Usaha Purwokerto,Grosir,Jawa Tengah,Purwokerto,SR-JTG-09,Fajar,0.0099,Low,227.6720,2.2649,12,No order for 12 days,,,Call this week to confirm next order; check shelf stock
,,OUT-11021,Toko Tunas Baru Pematangsiantar,Minimarket,Sumatera Utara,Pematangsiantar,SR-SMU-04,Yoga,0.0166,Low,136.1840,2.2602,6,,,,"Account review: large account, no single warning sign"
,,OUT-10613,Toko Grosir Mitra Usaha Makassar,Grosir,Sulawesi Selatan,Makassar,SR-SLS-05,Rina,0.0042,Low,541.2320,2.2592,3,,,,"Account review: large account, no single warning sign"
,,OUT-11935,Toko Cahaya Kediri,Minimarket,Jawa Timur,Kediri,SR-JTM-07,Maya,0.0552,Low,40.7240,2.2484,4,Only 5 orders in 90 days (typical healthy: 10),Pays 14 days late on average,Only 8 SKUs per order (typical healthy: 10),Call this week to confirm next order; check shelf stock
,,OUT-11832,Swalayan Tunas Baru Parepare,Supermarket,Sulawesi Selatan,Parepare,SR-SLS-02,Fitri,0.0010,Low,2343.3560,2.2442,2,,,,"Account review: large account, no single warning sign"
,,OUT-10977,Toko Grosir Sejahtera Karawang,Grosir,Jawa Barat,Karawang,SR-JBR-09,Hadi,0.0032,Low,700.2480,2.2428,1,,,,"Account review: large account, no single warning sign"
,,OUT-12186,Grosir Berkah Bogor 4,Grosir,Jabodetabek,Bogor,SR-JKT-13,Maya,0.0032,Low,708.8720,2.2427,6,,,,"Account review: large account, no single warning sign"
,,OUT-11219,Mini Market Bahagia Sidoarjo 2,Minimarket,Jawa Timur,Sidoarjo,SR-JTM-07,Maya,0.0302,Low,74.3280,2.2411,2,Pays 9 days late on average,Only 8 SKUs per order (typical healthy: 10),Jawa Timur: regional churn running high,Agree a payment plan with Finance before pushing new stock
,,OUT-11121,Mini Market Setia Kawan 2,Minimarket,Jawa Timur,Kediri,SR-JTM-02,Hendra,0.0422,Low,53.0160,2.2385,9,No order for 9 days,Jawa Timur: regional churn running high,Only 8 orders in 90 days (typical healthy: 10),Call this week to confirm next order; check shelf stock
,,OUT-11116,UD Murah Meriah,Grosir,Jabodetabek,Bekasi,SR-JKT-04,Dewi,0.0045,Low,494.4680,2.2347,5,,,,"Account review: large account, no single warning sign"
,,OUT-12506,Mini Market Harapan Baru Bekasi,Minimarket,Jabodetabek,Bekasi,SR-JKT-07,Gita,0.0295,Low,75.6080,2.2291,4,Only 7 orders in 90 days (typical healthy: 10),1 complaint(s) in 90 days,No rep visit for 35 days,Call this week to confirm next order; check shelf stock
,,OUT-10817,Toko Berkah 8,Minimarket,Sumatera Utara,Pematangsiantar,SR-SMU-04,Yoga,0.0113,Low,196.4680,2.2276,14,No order for 14 days,,,Call this week to confirm next order; check shelf stock
,,OUT-10694,Mini Market Pelita Karawang 6,Minimarket,Jawa Barat,Karawang,SR-JBR-07,Dimas,0.0191,Low,116.8080,2.2258,5,Pays 8 days late on average,2 complaint(s) in 90 days,Only 9 SKUs per order (typical healthy: 10),Agree a payment plan with Finance before pushing new stock
,,OUT-10562,Supermarket Mekar Sari,Supermarket,Jabodetabek,Jakarta Barat,SR-JKT-01,Andi,0.0013,Low,1659.2240,2.2194,1,,,,"Account review: large account, no single warning sign"
,,OUT-12121,Mini Market Barokah 2,Minimarket,Jabodetabek,Jakarta Barat,SR-JKT-15,Putri,0.0165,Low,134.4120,2.2175,4,Pays 8 days late on average,Only 9 SKUs per order (typical healthy: 10),1 complaint(s) in 90 days,Agree a payment plan with Finance before pushing new stock
,,OUT-12170,Toko Grosir Sentosa Purwokerto,Grosir,Jawa Tengah,Purwokerto,SR-JTG-05,Budi,0.0032,Low,687.0560,2.2103,4,,,,"Account review: large account, no single warning sign"
,,OUT-10283,Toko Pelita 6,Minimarket,Jabodetabek,Depok,SR-JKT-08,Hendra,0.0237,Low,93.3280,2.2091,16,No order for 16 days,1 complaint(s) in 90 days,New partner (4 months),Call this week to confirm next order; check shelf stock
,,OUT-10938,Mini Market Mulia Tangerang 4,Minimarket,Jabodetabek,Tangerang,SR-JKT-15,Putri,0.0373,Low,59.1360,2.2082,7,Only 6 orders in 90 days (typical healthy: 10),Pays 9 days late on average,No order for 7 days,Call this week to confirm next order; check shelf stock
,,OUT-10942,Mini Market Segar Jaya Pematangsiantar,Minimarket,Sumatera Utara,Pematangsiantar,SR-SMU-02,Taufik,0.0213,Low,103.2840,2.2038,8,No order for 8 days,Only 9 SKUs per order (typical healthy: 10),,Call this week to confirm next order; check shelf stock
,,OUT-11933,Toko Cahaya Kediri 7,Minimarket,Jawa Timur,Kediri,SR-JTM-04,Joko,0.0148,Low,148.1680,2.1989,8,No order for 8 days,Jawa Timur: regional churn running high,,Call this week to confirm next order; check shelf stock
,,OUT-10117,Mini Market Cahaya,Minimarket,Jawa Timur,Gresik,SR-JTM-08,Nanda,0.0340,Low,64.6240,2.1986,9,No order for 9 days,Jawa Timur: regional churn running high,Pays 6 days late on average,Call this week to confirm next order; check shelf stock
,,OUT-12265,Toko Karya Mandiri Solo 8,Minimarket,Jawa Tengah,Solo,SR-JTG-01,Teguh,0.0405,Low,54.0120,2.1880,8,Only 6 orders in 90 days (typical healthy: 10),Pays 7 days late on average,No order for 8 days,Call this week to confirm next order; check shelf stock
,,OUT-10514,Mini Market Lancar Bandung,Minimarket,Jawa Barat,Bandung,SR-JBR-03,Wulan,0.0188,Low,116.1720,2.1797,9,No order for 9 days,1 complaint(s) in 90 days,,Call this week to confirm next order; check shelf stock
,,OUT-10588,UD Sinar Abadi,Grosir,Jawa Barat,Cimahi,SR-JBR-07,Dimas,0.0051,Low,427.1760,2.1692,0,,,,"Account review: large account, no single warning sign"
,,OUT-12500,Grosir Tunas Baru Pekalongan,Grosir,Jawa Tengah,Pekalongan,SR-JTG-05,Budi,0.0029,Low,746.4120,2.1682,0,,,,"Account review: large account, no single warning sign"
,,OUT-10325,Warung Murah Meriah Serdang 8,Warung,Sumatera Utara,Deli Serdang,SR-SMU-01,Sari,0.2758,Medium,7.8520,2.1652,51,No order for 51 days,Only 4 SKUs per order (typical healthy: 10),Only 4 orders in 90 days (typical healthy: 10),Call this week to confirm next order; check shelf stock
,,OUT-10150,Warung Tunas Baru Bekasi,Warung,Jabodetabek,Bekasi,SR-JKT-08,Hendra,0.1155,Low,18.6960,2.1600,16,Only 5 SKUs per order (typical healthy: 10),No order for 16 days,No rep visit on record,Range review on visit: check for competitor SKUs on shelf
,,OUT-10933,Mini Market Barokah Karawang,Minimarket,Jawa Barat,Karawang,SR-JBR-08,Fitri,0.0553,Low,39.0120,2.1589,5,Pays 11 days late on average,Only 8 SKUs per order (typical healthy: 10),Only 7 orders in 90 days (typical healthy: 10),Agree a payment plan with Finance before pushing new stock
,,OUT-10894,Mini Market Pelita Tangerang,Minimarket,Jabodetabek,Tangerang,SR-JKT-16,Rizky,0.0272,Low,79.3880,2.1589,5,Only 8 orders in 90 days (typical healthy: 10),1 rep visits in 60 days,No rep visit for 29 days,Call this week to confirm next order; check shelf stock
,,OUT-12504,Mini Market Sejahtera Binjai,Minimarket,Sumatera Utara,Binjai,SR-SMU-03,Wulan,0.0360,Low,59.8800,2.1545,5,Only 5 orders in 90 days (typical healthy: 10),Pays 9 days late on average,Only 9 SKUs per order (typical healthy: 10),Call this week to confirm next order; check shelf stock
,,OUT-11949,UD Setia Kawan Depok,Grosir,Jabodetabek,Depok,SR-JKT-15,Putri,0.0049,Low,440.2240,2.1419,3,,,,"Account review: large account, no single warning sign"
,,OUT-10236,Toko Bintang Timur Gresik,Minimarket,Jawa Timur,Gresik,SR-JTM-09,Putri,0.0480,Low,44.6400,2.1416,2,Only 5 orders in 90 days (typical healthy: 10),Jawa Timur: regional churn running high,Revenue -66% vs prior 90 days,Call this week to confirm next order; check shelf stock
,,OUT-11682,Toko Bintang Timur Binjai,Warung,Sumatera Utara,Binjai,SR-SMU-05,Agus,0.4463,High,4.7800,2.1332,59,No order for 59 days,Only 2 orders in 90 days (typical healthy: 10),Only 4 SKUs per order (typical healthy: 10),Call this week to confirm next order; check shelf stock
,,OUT-10182,Warung Mulia,Warung,Sumatera Utara,Binjai,SR-SMU-05,Agus,0.1058,Low,20.1080,2.1279,27,Only 4 SKUs per order (typical healthy: 10),No order for 27 days,Only 7 orders in 90 days (typical healthy: 10),Range review on visit: check for competitor SKUs on shelf
,,OUT-10407,Toko Bintang Timur Tasikmalaya,Minimarket,Jawa Barat,Tasikmalaya,SR-JBR-07,Dimas,0.0339,Low,62.7880,2.1274,3,Only 8 SKUs per order (typical healthy: 10),Only 7 orders in 90 days (typical healthy: 10),Pays 8 days late on average,Range review on visit: check for competitor SKUs on shelf
,,OUT-11339,Toko Indah Medan,Minimarket,Sumatera Utara,Medan,SR-SMU-02,Taufik,0.0151,Low,139.1680,2.1056,6,,,,"Account review: large account, no single warning sign"
,,OUT-12017,Warung Bahagia 8,Warung,Jabodetabek,Bogor,SR-JKT-11,Kartika,0.2452,Medium,8.5640,2.0998,13,Only 5 SKUs per order (typical healthy: 10),Only 4 orders in 90 days (typical healthy: 10),Pays 14 days late on average,Range review on visit: check for competitor SKUs on shelf
,,OUT-11274,Warung Barokah Purwokerto,Warung,Jawa Tengah,Purwokerto,SR-JTG-04,Andi,0.2241,Medium,9.3600,2.0972,25,No order for 25 days,Only 4 orders in 90 days (typical healthy: 10),Only 5 SKUs per order (typical healthy: 10),Call this week to confirm next order; check shelf stock
,,OUT-11858,Mini Market Sentosa Cirebon 1,Minimarket,Jawa Barat,Cirebon,SR-JBR-05,Agus,0.0086,Low,243.8480,2.0950,7,,,,"Account review: large account, no single warning sign"
,,OUT-10727,Warung Cahaya Timur,Warung,Jabodetabek,Jakarta Timur,SR-JKT-15,Putri,0.2912,Medium,7.1680,2.0874,24,Only 3 SKUs per order (typical healthy: 10),Only 3 orders in 90 days (typical healthy: 10),No order for 24 days,Range review on visit: check for competitor SKUs on shelf
,,OUT-11530,Swalayan Harapan Baru Depok 7,Supermarket,Jabodetabek,Depok,SR-JKT-02,Budi,0.0023,Low,925.2880,2.0871,2,,,,"Account review: large account, no single warning sign"
,,OUT-11084,Toko Mulia Pematangsiantar,Minimarket,Sumatera Utara,Pematangsiantar,SR-SMU-06,Bayu,0.0168,Low,123.9360,2.0843,7,No order for 7 days,,,Call this week to confirm next order; check shelf stock
,,OUT-11701,Mini Market Sejahtera Pematangsiantar,Minimarket,Sumatera Utara,Pematangsiantar,SR-SMU-01,Sari,0.0236,Low,88.1040,2.0825,6,Only 7 orders in 90 days (typical healthy: 10),Pays 5 days late on average,1 rep visits in 60 days,Call this week to confirm next order; check shelf stock
,,OUT-12108,Warung Damai Gowa,Warung,Sulawesi Selatan,Gowa,SR-SLS-02,Fitri,0.2202,Medium,9.4520,2.0813,41,No order for 41 days,Only 3 orders in 90 days (typical healthy: 10),Only 4 SKUs per order (typical healthy: 10),Call this week to confirm next order; check shelf stock
,,OUT-11187,Supermarket Setia Kawan Bandung,Supermarket,Jawa Barat,Bandung,SR-JBR-02,Taufik,0.0025,Low,837.9200,2.0781,0,,,,"Account review: large account, no single warning sign"
,,OUT-10264,Toko Subur Depok 7,Warung,Jabodetabek,Depok,SR-JKT-16,Rizky,0.1857,Medium,11.1120,2.0631,25,Only 2 SKUs per order (typical healthy: 10),No order for 25 days,Only 4 orders in 90 days (typical healthy: 10),Range review on visit: check for competitor SKUs on shelf
,,OUT-11983,Toko Grosir Berkah Medan,Grosir,Sumatera Utara,Medan,SR-SMU-03,Wulan,0.0036,Low,571.3240,2.0361,2,,,,"Account review: large account, no single warning sign"
,,OUT-11645,Toko Grosir Mitra Usaha Depok,Grosir,Jabodetabek,Depok,SR-JKT-01,Andi,0.0073,Low,278.4360,2.0349,0,Only 5 orders in 90 days (typical healthy: 10),,,Call this week to confirm next order; check shelf stock
,,OUT-12467,Mini Market Murah Meriah Pematangsiantar,Minimarket,Sumatera Utara,Pematangsiantar,SR-SMU-05,Agus,0.0109,Low,186.6120,2.0332,13,No order for 13 days,,,Call this week to confirm next order; check shelf stock
,,OUT-11389,Supermarket Subur Pematangsiantar,Supermarket,Sumatera Utara,Pematangsiantar,SR-SMU-01,Sari,0.0011,Low,1864.9840,2.0326,4,,,,"Account review: large account, no single warning sign"
,,OUT-11169,Mini Market Mitra Usaha Malang,Minimarket,Jawa Timur,Malang,SR-JTM-05,Kartika,0.0176,Low,114.7840,2.0222,2,Only 8 SKUs per order (typical healthy: 10),Pays 8 days late on average,Jawa Timur: regional churn running high,Range review on visit: check for competitor SKUs on shelf
,,OUT-10714,Mini Market Karya Mandiri 2,Minimarket,Sumatera Utara,Binjai,SR-SMU-01,Sari,0.0187,Low,107.7960,2.0187,13,No order for 13 days,,,Call this week to confirm next order; check shelf stock
,,OUT-12541,Mini Market Berkah 1,Minimarket,Jawa Tengah,Pekalongan,SR-JTG-07,Dewi,0.0248,Low,81.3040,2.0152,5,Pays 10 days late on average,,,Agree a payment plan with Finance before pushing new stock
,,OUT-11529,Grosir Bintang Timur 2,Grosir,Jabodetabek,Bogor,SR-JKT-15,Putri,0.0050,Low,400.9720,2.0110,1,,,,"Account review: large account, no single warning sign"
,,OUT-10079,Grosir Sumber Rezeki Pekalongan,Grosir,Jawa Tengah,Pekalongan,SR-JTG-04,Andi,0.0041,Low,489.1320,2.0083,4,,,,"Account review: large account, no single warning sign"
,,OUT-12071,Warung Damai Medan,Warung,Sumatera Utara,Medan,SR-SMU-05,Agus,0.0721,Low,27.8320,2.0064,21,No order for 21 days,Only 6 SKUs per order (typical healthy: 10),No rep visit for 95 days,Call this week to confirm next order; check shelf stock
,,OUT-10627,Mini Market Tunas Baru,Minimarket,Jawa Timur,Kediri,SR-JTM-04,Joko,0.0110,Low,181.4400,2.0048,1,,,,"Account review: large account, no single warning sign"
,,OUT-12220,Mini Market Barokah Tasikmalaya,Minimarket,Jawa Barat,Tasikmalaya,SR-JBR-03,Wulan,0.0326,Low,61.4280,2.0015,7,Only 7 orders in 90 days (typical healthy: 10),Only 9 SKUs per order (typical healthy: 10),Pays 6 days late on average,Call this week to confirm next order; check shelf stock
,,OUT-11888,Toko Sinar Abadi Tangerang 2,Warung,Jabodetabek,Tangerang,SR-JKT-07,Gita,0.1294,Low,15.4600,2.0008,18,Only 3 SKUs per order (typical healthy: 10),No order for 18 days,Only 5 orders in 90 days (typical healthy: 10),Range review on visit: check for competitor SKUs on shelf
,,OUT-11086,Warung Mulia Kediri,Warung,Jawa Timur,Kediri,SR-JTM-01,Gita,0.1783,Medium,11.2160,1.9999,30,No order for 30 days,Only 5 SKUs per order (typical healthy: 10),Only 4 orders in 90 days (typical healthy: 10),Call this week to confirm next order; check shelf stock
,,OUT-12332,Mini Market Harapan Baru Cimahi 3,Minimarket,Jawa Barat,Cimahi,SR-JBR-06,Bayu,0.0445,Low,44.9080,1.9984,32,No order for 32 days,Only 6 orders in 90 days (typical healthy: 10),Pays 6 days late on average,Call this week to confirm next order; check shelf stock
,,OUT-11899,UD Karya Mandiri 4,Grosir,Jabodetabek,Depok,SR-JKT-06,Fajar,0.0025,Low,810.0000,1.9957,6,,,,"Account review: large account, no single warning sign"
,,OUT-10381,Mini Market Bahagia Solo,Minimarket,Jawa Tengah,Solo,SR-JTG-02,Yudi,0.0165,Low,120.6600,1.9908,8,No order for 8 days,,,Call this week to confirm next order; check shelf stock
,,OUT-12295,Toko Grosir Mulia Cirebon,Grosir,Jawa Barat,Unknown,SR-JBR-05,Agus,0.0025,Low,804.8240,1.9896,2,,,,"Account review: large account, no single warning sign"
,,OUT-12114,Swalayan Damai 2,Supermarket,Jawa Tengah,Pekalongan,SR-JTG-01,Teguh,0.0013,Low,1555.7240,1.9625,4,,,,"Account review: large account, no single warning sign"
,,OUT-10457,Mini Market Sumber Rezeki Maros,Minimarket,Sulawesi Selatan,Maros,SR-SLS-02,Fitri,0.0113,Low,172.7680,1.9601,4,,,,"Account review: large account, no single warning sign"
,,OUT-11373,Mini Market Anugerah Cimahi,Minimarket,Jawa Barat,Cimahi,SR-JBR-01,Sari,0.0402,Low,48.6160,1.9565,14,Only 5 orders in 90 days (typical healthy: 10),No order for 14 days,1 complaint(s) in 90 days,Call this week to confirm next order; check shelf stock
,,OUT-11671,Supermarket Pelita Cimahi,Supermarket,Jawa Barat,Cimahi,SR-JBR-06,Bayu,0.0028,Low,694.9440,1.9555,5,,,,"Account review: large account, no single warning sign"
,,OUT-11051,Toko Sentosa Kediri,Warung,Jawa Timur,Kediri,SR-JTM-02,Hendra,0.4295,High,4.5360,1.9481,73,No order for 73 days,Only 2 orders in 90 days (typical healthy: 10),Only 4 SKUs per order (typical healthy: 10),Call this week to confirm next order; check shelf stock
,,OUT-11502,Mini Market Maju Jaya Gowa,Minimarket,Sulawesi Selatan,Gowa,SR-SLS-02,Fitri,0.0617,Low,31.5400,1.9467,23,No order for 23 days,Only 4 orders in 90 days (typical healthy: 10),Revenue -57% vs prior 90 days,Call this week to confirm next order; check shelf stock
,,OUT-11120,Mini Market Segar Jaya Medan,Minimarket,Sumatera Utara,Medan,SR-SMU-02,Taufik,0.0240,Low,80.9240,1.9417,18,No order for 18 days,Only 7 orders in 90 days (typical healthy: 10),,Call this week to confirm next order; check shelf stock
,,OUT-11298,Warung Lancar Barat 5,Warung,Jabodetabek,Jakarta Barat,SR-JKT-11,Kartika,0.1233,Low,15.7280,1.9398,28,No order for 28 days,Only 4 SKUs per order (typical healthy: 10),Only 6 orders in 90 days (typical healthy: 10),Call this week to confirm next order; check shelf stock
,,OUT-11307,Toko Grosir Damai,Grosir,Jawa Tengah,Purwokerto,SR-JTG-04,Andi,0.0022,Low,868.2240,1.9351,1,,,,"Account review: large account, no single warning sign"
,,OUT-11312,Mini Market Tunas Baru Parepare,Minimarket,Sulawesi Selatan,Parepare,SR-SLS-01,Dimas,0.0322,Low,59.7560,1.9269,11,Only 6 orders in 90 days (typical healthy: 10),No order for 11 days,Revenue -75% vs prior 90 days,Call this week to confirm next order; check shelf stock
,,OUT-12163,Swalayan Indah,Supermarket,Jawa Barat,Tasikmalaya,SR-JBR-07,Dimas,0.0012,Low,1640.1720,1.9178,10,,,,"Account review: large account, no single warning sign"
,,OUT-10676,Grosir Sentosa Tasikmalaya,Grosir,Jawa Barat,Tasikmalaya,SR-JBR-03,Wulan,0.0029,Low,668.9520,1.9089,2,,,,"Account review: large account, no single warning sign"
,,OUT-11646,Toko Karya Mandiri Bandung,Warung,Jawa Barat,Bandung,SR-JBR-05,Agus,0.1140,Low,16.7000,1.9041,14,Only 4 SKUs per order (typical healthy: 10),No order for 14 days,Only 6 orders in 90 days (typical healthy: 10),Range review on visit: check for competitor SKUs on shelf
,,OUT-11651,Toko Anugerah Barat,Warung,Jabodetabek,Jakarta Barat,SR-JKT-03,Citra,0.0677,Low,27.8840,1.8882,15,Only 4 SKUs per order (typical healthy: 10),No order for 15 days,No rep visit for 40 days,Range review on visit: check for competitor SKUs on shelf
,,OUT-10984,Toko Grosir Cahaya,Grosir,Jawa Barat,Bandung,SR-JBR-11,Rina,0.0033,Low,569.2240,1.8864,9,,,,"Account review: large account, no single warning sign"
,,OUT-11240,Toko Rukun Bekasi,Warung,Jabodetabek,Bekasi,SR-JKT-11,Kartika,0.4027,High,4.6840,1.8862,38,Only 2 orders in 90 days (typical healthy: 10),No order for 38 days,Only 4 SKUs per order (typical healthy: 10),Call this week to confirm next order; check shelf stock
,,OUT-11452,Mini Market Sejahtera Semarang 6,Minimarket,Jawa Tengah,Semarang,SR-JTG-09,Fajar,0.0166,Low,113.1280,1.8825,4,Pays 6 days late on average,1 complaint(s) in 90 days,,Agree a payment plan with Finance before pushing new stock
,,OUT-10250,Toko Damai Bandung,Warung,Jawa Barat,Unknown,SR-JBR-07,Dimas,0.1429,Low,13.1520,1.8788,13,Only 4 SKUs per order (typical healthy: 10),Only 5 orders in 90 days (typical healthy: 10),No order for 13 days,Range review on visit: check for competitor SKUs on shelf
,,OUT-12587,Warung Indah Cirebon,Warung,Jawa Barat,Cirebon,SR-JBR-09,Hadi,0.0834,Low,22.5200,1.8786,9,Only 5 SKUs per order (typical healthy: 10),No rep visit for 261 days,Pays 10 days late on average,Range review on visit: check for competitor SKUs on shelf
,,OUT-10235,Toko Tunas Baru Makassar 7,Minimarket,Sulawesi Selatan,Makassar,SR-SLS-04,Irma,0.0283,Low,66.2560,1.8749,5,2 complaint(s) in 90 days,Revenue -63% vs prior 90 days,Pays 5 days late on average,Close the open complaint first (service recovery)
,,OUT-11110,Grosir Segar Jaya Barat,Grosir,Jabodetabek,Jakarta Barat,SR-JKT-05,Eko,0.0037,Low,510.4440,1.8718,4,,,,"Account review: large account, no single warning sign"
,,OUT-10156,UD Bahagia 2,Grosir,Jawa Timur,Kediri,SR-JTM-04,Joko,0.0050,Low,377.0600,1.8710,1,,,,"Account review: large account, no single warning sign"
,,OUT-10198,Warung Murah Meriah 6,Warung,Sumatera Utara,Binjai,SR-SMU-05,Agus,0.0558,Low,33.3200,1.8577,22,No order for 22 days,Only 5 SKUs per order (typical healthy: 10),1 complaint(s) in 90 days,Call this week to confirm next order; check shelf stock
,,OUT-12387,Toko Subur Makassar,Minimarket,Sulawesi Selatan,Makassar,SR-SLS-02,Fitri,0.0151,Low,123.0200,1.8568,9,No order for 9 days,No rep visit for 69 days,0 rep visits in 60 days,Call this week to confirm next order; check shelf stock
,,OUT-10139,Grosir Lancar 1,Grosir,Jawa Timur,Surabaya,SR-JTM-02,Hendra,0.0053,Low,352.9960,1.8566,0,,,,"Account review: large account, no single warning sign"
,,OUT-12255,Warung Cahaya Maros 8,Warung,Sulawesi Selatan,Maros,SR-SLS-02,Fitri,0.2676,Medium,6.9280,1.8541,16,Only 2 orders in 90 days (typical healthy: 10),Only 2 SKUs per order (typical healthy: 10),No order for 16 days,Call this week to confirm next order; check shelf stock
,,OUT-11087,Warung Sentosa Sidoarjo,Warung,Jawa Timur,Sidoarjo,SR-JTM-10,Rizky,0.1512,Medium,12.2440,1.8514,34,No order for 34 days,Only 4 orders in 90 days (typical healthy: 10),Only 6 SKUs per order (typical healthy: 10),Call this week to confirm next order; check shelf stock
,,OUT-11445,Toko Harapan Baru Barat 5,Minimarket,Jabodetabek,Jakarta Barat,SR-JKT-03,Citra,0.0084,Low,220.0800,1.8504,11,No order for 11 days,,,Call this week to confirm next order; check shelf stock
,,OUT-10133,Toko Makmur Pekalongan,Minimarket,Jawa Tengah,Pekalongan,SR-JTG-09,Fajar,0.0364,Low,50.7680,1.8473,9,Pays 9 days late on average,Only 7 orders in 90 days (typical healthy: 10),No order for 9 days,Agree a payment plan with Finance before pushing new stock
,,OUT-10898,Grosir Bintang Timur Bekasi,Grosir,Jabodetabek,Bekasi,SR-JKT-15,Putri,0.0026,Low,711.5200,1.8469,4,,,,"Account review: large account, no single warning sign"
,,OUT-10658,Toko Setia Kawan Karawang,Warung,Jawa Barat,Karawang,SR-JBR-09,Hadi,0.1009,Low,18.2640,1.8435,20,No order for 20 days,Only 6 SKUs per order (typical healthy: 10),Only 6 orders in 90 days (typical healthy: 10),Call this week to confirm next order; check shelf stock
,,OUT-10047,Toko Grosir Maju Jaya,Grosir,Jawa Barat,Cirebon,SR-JBR-07,Dimas,0.0053,Low,345.6560,1.8428,0,,,,"Account review: large account, no single warning sign"
,,OUT-10224,Supermarket Mekar Sari Gowa,Supermarket,Sulawesi Selatan,Gowa,SR-SLS-03,Hadi,0.0013,Low,1395.4840,1.8419,0,,,,"Account review: large account, no single warning sign"
,,OUT-10089,Toko Harapan Baru,Warung,Jabodetabek,Bogor,SR-JKT-12,Lukman,0.1606,Medium,11.4640,1.8416,8,Only 3 SKUs per order (typical healthy: 10),Only 4 orders in 90 days (typical healthy: 10),Pays 14 days late on average,Range review on visit: check for competitor SKUs on shelf
,,OUT-11975,Grosir Sentosa Barat,Grosir,Jabodetabek,Jakarta Barat,SR-JKT-01,Andi,0.0020,Low,918.3840,1.8346,14,,,,"Account review: large account, no single warning sign"
,,OUT-11702,UD Indah Gowa,Grosir,Sulawesi Selatan,Gowa,SR-SLS-02,Fitri,0.0021,Low,855.2000,1.8335,1,,,,"Account review: large account, no single warning sign"
,,OUT-10552,Mini Market Setia Kawan 7,Minimarket,Jabodetabek,Jakarta Barat,SR-JKT-12,Lukman,0.0314,Low,58.3800,1.8329,2,Only 5 orders in 90 days (typical healthy: 10),Only 8 SKUs per order (typical healthy: 10),Pays 7 days late on average,Call this week to confirm next order; check shelf stock
,,OUT-12275,Mini Market Bintang Timur Pematangsiantar,Minimarket,Sumatera Utara,Pematangsiantar,SR-SMU-03,Wulan,0.0244,Low,74.8840,1.8266,4,2 complaint(s) in 90 days,Only 8 orders in 90 days (typical healthy: 10),Pays 6 days late on average,Close the open complaint first (service recovery)
,,OUT-11634,UD Segar Jaya,Grosir,Jawa Timur,Surabaya,SR-JTM-08,Nanda,0.0036,Low,509.1400,1.8250,0,,,,"Account review: large account, no single warning sign"
,,OUT-12137,Mini Market Setia Kawan Cirebon,Minimarket,Jawa Barat,Cirebon,SR-JBR-02,Taufik,0.0304,Low,59.9520,1.8227,11,No order for 11 days,Only 7 orders in 90 days (typical healthy: 10),Pays 5 days late on average,Call this week to confirm next order; check shelf stock
,,OUT-12074,Toko Barokah 2,Warung,Sumatera Utara,Binjai,SR-SMU-03,Wulan,0.1033,Low,17.6440,1.8226,30,No order for 30 days,Only 4 SKUs per order (typical healthy: 10),Only 5 orders in 90 days (typical healthy: 10),Call this week to confirm next order; check shelf stock
,,OUT-11721,Grosir Damai Depok 2,Grosir,Jabodetabek,Depok,SR-JKT-08,Hendra,0.0035,Low,513.5440,1.8191,0,,,,"Account review: large account, no single warning sign"
,,OUT-10170,Supermarket Indah,Supermarket,Sulawesi Selatan,Makassar,SR-SLS-04,Irma,0.0014,Low,1311.9200,1.8190,4,,,,"Account review: large account, no single warning sign"
,,OUT-11601,Toko Indah Pematangsiantar,Warung,Sumatera Utara,Pematangsiantar,SR-SMU-05,Agus,0.1341,Low,13.5320,1.8142,25,No order for 25 days,Only 5 SKUs per order (typical healthy: 10),Only 5 orders in 90 days (typical healthy: 10),Call this week to confirm next order; check shelf stock
,,OUT-10639,Warung Mulia Kediri 4,Warung,Jawa Timur,Kediri,SR-JTM-03,Indra,0.0496,Low,36.5120,1.8114,17,Only 4 SKUs per order (typical healthy: 10),No order for 17 days,Jawa Timur: regional churn running high,Range review on visit: check for competitor SKUs on shelf
,,OUT-11195,Mini Market Pelita Pematangsiantar,Minimarket,Sumatera Utara,Pematangsiantar,SR-SMU-01,Sari,0.0200,Low,90.5920,1.8104,3,Pays 6 days late on average,Only 9 SKUs per order (typical healthy: 10),1 complaint(s) in 90 days,Agree a payment plan with Finance before pushing new stock
,,OUT-10690,Toko Setia Kawan Magelang,Warung,Jawa Tengah,Magelang,SR-JTG-04,Andi,0.0578,Low,31.3240,1.8104,27,No order for 27 days,Only 6 SKUs per order (typical healthy: 10),Pays 6 days late on average,Call this week to confirm next order; check shelf stock
,,OUT-10825,Toko Harapan Baru Serdang,Warung,Sumatera Utara,Deli Serdang,SR-SMU-02,Taufik,0.1691,Medium,10.6880,1.8074,14,Only 3 orders in 90 days (typical healthy: 10),Only 5 SKUs per order (typical healthy: 10),No order for 14 days,Call this week to confirm next order; check shelf stock
,,OUT-10345,Warung Anugerah Gresik 3,Warung,Jawa Timur,Gresik,SR-JTM-03,Indra,0.0762,Low,23.6840,1.8053,15,Only 5 SKUs per order (typical healthy: 10),No order for 15 days,Jawa Timur: regional churn running high,Range review on visit: check for competitor SKUs on shelf
,,OUT-12202,Toko Tunas Baru Makassar,Warung,Sulawesi Selatan,Makassar,SR-SLS-02,Fitri,0.2270,Medium,7.9320,1.8008,26,Only 3 SKUs per order (typical healthy: 10),No order for 26 days,Only 4 orders in 90 days (typical healthy: 10),Range review on visit: check for competitor SKUs on shelf
,,OUT-12000,Warung Mulia Purwokerto,Warung,Jawa Tengah,Purwokerto,SR-JTG-03,Lestari,0.0515,Low,34.9320,1.7985,21,No order for 21 days,Only 6 SKUs per order (typical healthy: 10),Only 7 orders in 90 days (typical healthy: 10),Call this week to confirm next order; check shelf stock
,,OUT-12542,Mini Market Bahagia Cirebon,Minimarket,Jawa Barat,Cirebon,SR-JBR-04,Yoga,0.0144,Low,124.5760,1.7949,3,Pays 8 days late on average,,,Agree a payment plan with Finance before pushing new stock
,,OUT-10426,Toko Indah Sidoarjo,Warung,Jawa Timur,Sidoarjo,SR-JTM-05,Kartika,0.0818,Low,21.8480,1.7871,8,Only 4 SKUs per order (typical healthy: 10),No order for 8 days,Jawa Timur: regional churn running high,Range review on visit: check for competitor SKUs on shelf
,,OUT-11571,Swalayan Anugerah,Supermarket,Jawa Barat,Tasikmalaya,SR-JBR-04,Yoga,0.0012,Low,1469.9160,1.7849,0,,,,"Account review: large account, no single warning sign"
,,OUT-11357,Supermarket Segar Jaya Semarang,Supermarket,Jawa Tengah,Semarang,SR-JTG-02,Yudi,0.0008,Low,2126.3400,1.7836,1,,,,"Account review: large account, no single warning sign"
,,OUT-11326,Mini Market Damai 5,Minimarket,Sumatera Utara,Pematangsiantar,SR-SMU-06,Bayu,0.0327,Low,54.4960,1.7793,8,No order for 8 days,Pays 6 days late on average,Only 8 orders in 90 days (typical healthy: 10),Call this week to confirm next order; check shelf stock
,,OUT-10846,Warung Maju Jaya Pematangsiantar 4,Warung,Sumatera Utara,Pematangsiantar,SR-SMU-02,Taufik,0.1201,Low,14.8080,1.7785,33,No order for 33 days,Only 5 SKUs per order (typical healthy: 10),Only 5 orders in 90 days (typical healthy: 10),Call this week to confirm next order; check shelf stock
,,OUT-10747,Toko Grosir Sentosa,Grosir,Jawa Barat,Cimahi,SR-JBR-06,Bayu,0.0028,Low,625.4280,1.7773,3,,,,"Account review: large account, no single warning sign"
,,OUT-11971,Warung Karya Mandiri Bandung,Warung,Jawa Barat,Bandung,SR-JBR-08,Fitri,0.1874,Medium,9.4840,1.7773,64,No order for 64 days,Only 5 SKUs per order (typical healthy: 10),Only 4 orders in 90 days (typical healthy: 10),Call this week to confirm next order; check shelf stock
,,OUT-12477,Mini Market Berkah 3,Minimarket,Jabodetabek,Bogor,SR-JKT-09,Indra,0.0138,Low,128.6720,1.7737,23,No order for 23 days,,,Call this week to confirm next order; check shelf stock
,,OUT-10002,Mini Market Murah Meriah 5,Minimarket,Jawa Barat,Cimahi,SR-JBR-05,Agus,0.0154,Low,114.7120,1.7720,3,Pays 11 days late on average,2 complaint(s) in 90 days,,Agree a payment plan with Finance before pushing new stock
,,OUT-11563,UD Harapan Baru 2,Grosir,Sumatera Utara,Medan,SR-SMU-01,Sari,0.0021,Low,848.6480,1.7686,0,,,,"Account review: large account, no single warning sign"
,,OUT-12513,UD Segar Jaya Depok,Grosir,Jabodetabek,Depok,SR-JKT-15,Putri,0.0045,Low,395.3200,1.7670,1,,,,"Account review: large account, no single warning sign"
,,OUT-10352,UD Berkah 2,Grosir,Jabodetabek,Depok,SR-JKT-01,Andi,0.0040,Low,441.9080,1.7630,0,,,,"Account review: large account, no single warning sign"
,,OUT-10824,Toko Mekar Sari Kediri,Warung,Jawa Timur,Kediri,SR-JTM-07,Maya,0.1998,Medium,8.8080,1.7599,31,No order for 31 days,Only 5 SKUs per order (typical healthy: 10),Only 4 orders in 90 days (typical healthy: 10),Call this week to confirm next order; check shelf stock
,,OUT-12089,UD Indah Surabaya,Grosir,Jawa Timur,Surabaya,SR-JTM-04,Joko,0.0036,Low,494.5320,1.7586,0,,,,"Account review: large account, no single warning sign"
,,OUT-11199,Toko Lancar Cirebon 2,Warung,Jawa Barat,Cirebon,SR-JBR-07,Dimas,0.1223,Low,14.3680,1.7576,21,Only 4 SKUs per order (typical healthy: 10),No order for 21 days,Only 6 orders in 90 days (typical healthy: 10),Range review on visit: check for competitor SKUs on shelf
,,OUT-11689,Supermarket Sejahtera Pekalongan,Supermarket,Jawa Tengah,Pekalongan,SR-JTG-06,Citra,0.0010,Low,1711.6600,1.7561,4,,,,"Account review: large account, no single warning sign"
,,OUT-11729,Toko Grosir Sentosa Depok 3,Grosir,Jabodetabek,Depok,SR-JKT-15,Putri,0.0043,Low,408.2160,1.7459,0,,,,"Account review: large account, no single warning sign"
,,OUT-12259,Toko Sumber Rezeki Barat,Warung,Jabodetabek,Jakarta Barat,SR-JKT-10,Joko,0.3073,Medium,5.6680,1.7417,22,Only 2 orders in 90 days (typical healthy: 10),Only 3 SKUs per order (typical healthy: 10),No order for 22 days,Call this week to confirm next order; check shelf stock
,,OUT-10123,Toko Lancar Timur,Warung,Jabodetabek,Jakarta Timur,SR-JKT-07,Gita,0.0592,Low,29.4240,1.7413,17,Only 3 SKUs per order (typical healthy: 10),No order for 17 days,Pays 7 days late on average,Range review on visit: check for competitor SKUs on shelf
,,OUT-12491,Toko Sentosa Makassar 4,Warung,Sulawesi Selatan,Makassar,SR-SLS-01,Dimas,0.0713,Low,24.3840,1.7379,19,No order for 19 days,Only 6 SKUs per order (typical healthy: 10),Only 6 orders in 90 days (typical healthy: 10),Call this week to confirm next order; check shelf stock
,,OUT-10076,Toko Mekar Sari Bandung 1,Minimarket,Jawa Barat,Bandung,SR-JBR-06,Bayu,0.0433,Low,40.1000,1.7371,6,Only 5 orders in 90 days (typical healthy: 10),Pays 10 days late on average,Revenue -76% vs prior 90 days,Call this week to confirm next order; check shelf stock
,,OUT-11825,Mini Market Tunas Baru Malang,Minimarket,Jawa Timur,Malang,SR-JTM-05,Kartika,0.0119,Low,146.1320,1.7357,6,Jawa Timur: regional churn running high,,,Competitor watch: secure top-10 SKU availability
,,OUT-10871,Warung Setia Kawan 3,Warung,Jawa Timur,Malang,SR-JTM-05,Kartika,0.1109,Low,15.6480,1.7355,37,No order for 37 days,Only 4 orders in 90 days (typical healthy: 10),Only 5 SKUs per order (typical healthy: 10),Call this week to confirm next order; check shelf stock
,,OUT-11114,Toko Grosir Lancar 2,Grosir,Sulawesi Selatan,Makassar,SR-SLS-01,Dimas,0.0028,Low,623.6120,1.7273,1,,,,"Account review: large account, no single warning sign"
,,OUT-10766,Warung Bintang Timur 5,Warung,Jabodetabek,Jakarta Timur,SR-JKT-04,Dewi,0.1476,Low,11.7000,1.7264,25,No order for 25 days,Only 4 orders in 90 days (typical healthy: 10),Only 6 SKUs per order (typical healthy: 10),Call this week to confirm next order; check shelf stock
,,OUT-11566,Warung Lancar Karawang,Warung,Jawa Barat,Karawang,SR-JBR-03,Wulan,0.0984,Low,17.5160,1.7227,10,Only 3 SKUs per order (typical healthy: 10),Only 6 orders in 90 days (typical healthy: 10),No order for 10 days,Range review on visit: check for competitor SKUs on shelf
,,OUT-12248,Toko Barokah Semarang,Minimarket,Jawa Tengah,Semarang,SR-JTG-01,Teguh,0.0137,Low,125.6920,1.7214,2,Pays 6 days late on average,,,Agree a payment plan with Finance before pushing new stock
,,OUT-10349,Swalayan Rukun Semarang,Supermarket,Jawa Tengah,Semarang,SR-JTG-05,Budi,0.0020,Low,855.4440,1.7181,0,,,,"Account review: large account, no single warning sign"
,,OUT-11670,UD Harapan Baru Serdang 4,Grosir,Sumatera Utara,Deli Serdang,SR-SMU-01,Sari,0.0032,Low,532.7680,1.7141,0,,,,"Account review: large account, no single warning sign"
,,OUT-12151,Toko Rukun Sidoarjo,Warung,Jawa Timur,Sidoarjo,SR-JTM-03,Indra,0.2601,Medium,6.5800,1.7116,23,No order for 23 days,Only 4 SKUs per order (typical healthy: 10),Only 4 orders in 90 days (typical healthy: 10),Call this week to confirm next order; check shelf stock
,,OUT-10905,Toko Grosir Indah Maros,Grosir,Sulawesi Selatan,Maros,SR-SLS-01,Dimas,0.0025,Low,686.0440,1.7111,0,,,,"Account review: large account, no single warning sign"
,,OUT-11327,Mini Market Bintang Timur Tasikmalaya,Minimarket,Jawa Barat,Tasikmalaya,SR-JBR-01,Sari,0.0194,Low,87.8720,1.7007,2,No rep visit for 148 days,Pays 7 days late on average,Only 8 SKUs per order (typical healthy: 10),Book a rep visit within 7 days
,,OUT-12509,Toko Rukun Solo,Minimarket,Jawa Tengah,Solo,SR-JTG-09,Fajar,0.0109,Low,156.5000,1.6999,14,No order for 14 days,,,Call this week to confirm next order; check shelf stock
,,OUT-12517,Mini Market Segar Jaya Depok,Minimarket,Jabodetabek,Depok,SR-JKT-02,Budi,0.0120,Low,141.6640,1.6963,3,Pays 7 days late on average,,,Agree a payment plan with Finance before pushing new stock
,,OUT-12103,Toko Barokah Surabaya,Warung,Jawa Timur,Surabaya,SR-JTM-05,Kartika,0.1129,Low,14.9680,1.6904,21,No order for 21 days,Only 6 SKUs per order (typical healthy: 10),Only 5 orders in 90 days (typical healthy: 10),Call this week to confirm next order; check shelf stock
,,OUT-10854,Warung Mitra Usaha Pematangsiantar,Warung,Sumatera Utara,Pematangsiantar,SR-SMU-01,Sari,0.1418,Low,11.9080,1.6888,34,No order for 34 days,Only 4 orders in 90 days (typical healthy: 10),Only 6 SKUs per order (typical healthy: 10),Call this week to confirm next order; check shelf stock
,,OUT-12433,Toko Karya Mandiri Semarang,Warung,Jawa Tengah,Unknown,SR-JTG-04,Andi,0.1828,Medium,9.2280,1.6873,46,No order for 46 days,Only 3 orders in 90 days (typical healthy: 10),Only 4 SKUs per order (typical healthy: 10),Call this week to confirm next order; check shelf stock
,,OUT-11681,Warung Damai Malang,Warung,Jawa Timur,Malang,SR-JTM-09,Putri,0.0712,Low,23.6760,1.6863,3,Only 4 SKUs per order (typical healthy: 10),No rep visit for 150 days,Only 7 orders in 90 days (typical healthy: 10),Range review on visit: check for competitor SKUs on shelf
,,OUT-12386,Toko Murah Meriah 8,Warung,Jawa Timur,Sidoarjo,SR-JTM-04,Joko,0.0879,Low,19.1600,1.6837,7,Only 3 SKUs per order (typical healthy: 10),Jawa Timur: regional churn running high,Pays 6 days late on average,Range review on visit: check for competitor SKUs on shelf
,,OUT-10511,Warung Lancar Tangerang,Warung,Jabodetabek,Tangerang,SR-JKT-10,Joko,0.0928,Low,18.0680,1.6763,28,Only 3 SKUs per order (typical healthy: 10),No order for 28 days,Pays 12 days late on average,Range review on visit: check for competitor SKUs on shelf
,,OUT-10350,UD Mekar Sari,Grosir,Jabodetabek,Tangerang,SR-JKT-03,Citra,0.0040,Low,414.6920,1.6746,1,,,,"Account review: large account, no single warning sign"
,,OUT-10478,Mini Market Pelita Purwokerto,Minimarket,Jawa Tengah,Purwokerto,SR-JTG-02,Yudi,0.0200,Low,83.7120,1.6729,6,Pays 10 days late on average,1 complaint(s) in 90 days,,Agree a payment plan with Finance before pushing new stock
,,OUT-11924,Grosir Cahaya 5,Grosir,Jawa Barat,Cirebon,SR-JBR-02,Taufik,0.0038,Low,436.0840,1.6672,2,,,,"Account review: large account, no single warning sign"
,,OUT-11626,Toko Grosir Cahaya Surabaya 7,Grosir,Jawa Timur,Surabaya,SR-JTM-03,Indra,0.0048,Low,345.0240,1.6629,3,,,,"Account review: large account, no single warning sign"
,,OUT-10570,Mini Market Anugerah,Minimarket,Jawa Tengah,Purwokerto,SR-JTG-07,Dewi,0.0169,Low,98.3040,1.6629,8,No order for 8 days,1 complaint(s) in 90 days,,Call this week to confirm next order; check shelf stock
,,OUT-12226,Warung Anugerah Bogor 4,Warung,Jabodetabek,Bogor,SR-JKT-14,Nanda,0.1280,Low,12.9800,1.6618,9,Only 2 SKUs per order (typical healthy: 10),Pays 26 days late on average,Only 7 orders in 90 days (typical healthy: 10),Range review on visit: check for competitor SKUs on shelf
,,OUT-11684,Warung Sejahtera Bandung 5,Warung,Jawa Barat,Bandung,SR-JBR-03,Wulan,0.1028,Low,16.1480,1.6599,24,Only 4 SKUs per order (typical healthy: 10),No order for 24 days,Only 5 orders in 90 days (typical healthy: 10),Range review on visit: check for competitor SKUs on shelf
,,OUT-10541,Toko Setia Kawan Gowa,Warung,Sulawesi Selatan,Gowa,SR-SLS-01,Dimas,0.0944,Low,17.4960,1.6515,22,No order for 22 days,Only 5 SKUs per order (typical healthy: 10),Only 6 orders in 90 days (typical healthy: 10),Call this week to confirm next order; check shelf stock
,,OUT-11706,Toko Tunas Baru Parepare,Warung,Sulawesi Selatan,Parepare,SR-SLS-03,Hadi,0.1836,Medium,8.9080,1.6354,35,No order for 35 days,Only 3 orders in 90 days (typical healthy: 10),Only 6 SKUs per order (typical healthy: 10),Call this week to confirm next order; check shelf stock
,,OUT-12279,Warung Berkah Pematangsiantar 8,Warung,Sumatera Utara,Unknown,SR-SMU-02,Taufik,0.0645,Low,25.3280,1.6327,24,No order for 24 days,Only 5 SKUs per order (typical healthy: 10),Only 8 orders in 90 days (typical healthy: 10),Call this week to confirm next order; check shelf stock
,,OUT-12064,Warung Setia Kawan 5,Warung,Jabodetabek,Bekasi,SR-JKT-04,Dewi,0.0909,Low,17.9600,1.6325,12,Only 4 SKUs per order (typical healthy: 10),No order for 12 days,Only 6 orders in 90 days (typical healthy: 10),Range review on visit: check for competitor SKUs on shelf
,,OUT-10126,Toko Grosir Segar Jaya,Grosir,Jawa Tengah,Semarang,SR-JTG-05,Budi,0.0022,Low,748.3960,1.6253,0,,,,"Account review: large account, no single warning sign"
,,OUT-11941,Warung Bintang Timur Tangerang 6,Warung,Jabodetabek,Tangerang,SR-JKT-10,Joko,0.1171,Low,13.8520,1.6226,24,Only 4 SKUs per order (typical healthy: 10),No order for 24 days,Pays 12 days late on average,Range review on visit: check for competitor SKUs on shelf
,,OUT-12459,Toko Mulia Bogor 4,Minimarket,Jabodetabek,Bogor,SR-JKT-13,Maya,0.0237,Low,68.5280,1.6211,10,No order for 10 days,,,Call this week to confirm next order; check shelf stock
,,OUT-12110,Toko Anugerah Bogor 2,Warung,Jabodetabek,Bogor,SR-JKT-13,Maya,0.0860,Low,18.7760,1.6147,61,No order for 61 days,Only 7 SKUs per order (typical healthy: 10),Only 7 orders in 90 days (typical healthy: 10),Call this week to confirm next order; check shelf stock
,,OUT-10323,Toko Sumber Rezeki Bandung,Warung,Jawa Barat,Bandung,SR-JBR-11,Rina,0.1461,Low,11.0480,1.6145,36,No order for 36 days,Only 4 orders in 90 days (typical healthy: 10),Only 5 SKUs per order (typical healthy: 10),Call this week to confirm next order; check shelf stock
,,OUT-10498,Warung Mitra Usaha Magelang,Warung,Jawa Tengah,Magelang,SR-JTG-06,Citra,0.4663,High,3.4560,1.6114,46,Only 2 orders in 90 days (typical healthy: 10),No order for 46 days,Only 2 SKUs per order (typical healthy: 10),Call this week to confirm next order; check shelf stock
,,OUT-11904,Toko Harapan Baru Depok 4,Minimarket,Jabodetabek,Depok,SR-JKT-01,Andi,0.0120,Low,133.4440,1.6056,4,,,,"Account review: large account, no single warning sign"
,,OUT-10805,UD Sejahtera,Grosir,Jabodetabek,Jakarta Timur,SR-JKT-01,Andi,0.0026,Low,627.6920,1.6010,3,,,,"Account review: large account, no single warning sign"
,,OUT-12320,Toko Berkah Binjai 4,Warung,Sumatera Utara,Binjai,SR-SMU-02,Taufik,0.4926,High,3.2440,1.5980,12,Only 1 orders in 90 days (typical healthy: 10),Only 1 SKUs per order (typical healthy: 10),No order for 12 days,Call this week to confirm next order; check shelf stock
,,OUT-11771,Toko Sejahtera Pekalongan,Warung,Jawa Tengah,Pekalongan,SR-JTG-09,Fajar,0.0769,Low,20.7680,1.5967,20,Only 4 SKUs per order (typical healthy: 10),No order for 20 days,Only 8 orders in 90 days (typical healthy: 10),Range review on visit: check for competitor SKUs on shelf
,,OUT-10643,Swalayan Anugerah Timur,Supermarket,Jabodetabek,Jakarta Timur,SR-JKT-16,Rizky,0.0007,Low,2275.2000,1.5948,1,,,,"Account review: large account, no single warning sign"
,,OUT-11223,Mini Market Harapan Baru Serdang,Minimarket,Sumatera Utara,Deli Serdang,SR-SMU-01,Sari,0.0185,Low,86.2600,1.5942,2,No rep visit for 97 days,Pays 6 days late on average,0 rep visits in 60 days,Book a rep visit within 7 days
,,OUT-10245,Toko Sinar Abadi Purwokerto,Warung,Jawa Tengah,Purwokerto,SR-JTG-07,Dewi,0.1024,Low,15.4440,1.5816,45,No order for 45 days,Only 5 SKUs per order (typical healthy: 10),Only 5 orders in 90 days (typical healthy: 10),Call this week to confirm next order; check shelf stock
,,OUT-11791,Toko Subur Kediri 3,Warung,Jawa Timur,Kediri,SR-JTM-05,Kartika,0.1061,Low,14.9080,1.5813,30,No order for 30 days,Only 4 SKUs per order (typical healthy: 10),Only 4 orders in 90 days (typical healthy: 10),Call this week to confirm next order; check shelf stock
,,OUT-12231,Mini Market Setia Kawan Bandung 4,Minimarket,Jawa Barat,Bandung,SR-JBR-09,Hadi,0.0169,Low,93.6600,1.5803,3,Only 8 orders in 90 days (typical healthy: 10),1 complaint(s) in 90 days,,Call this week to confirm next order; check shelf stock
,,OUT-10320,Grosir Indah,Grosir,Sulawesi Selatan,Parepare,SR-SLS-02,Fitri,0.0025,Low,627.5560,1.5734,5,,,,"Account review: large account, no single warning sign"
,,OUT-11800,Grosir Tunas Baru Semarang,Grosir,Jawa Tengah,Semarang,SR-JTG-06,Citra,0.0040,Low,389.8760,1.5721,0,,,,"Account review: large account, no single warning sign"
,,OUT-12546,Toko Grosir Murah Meriah 7,Grosir,Jawa Barat,Karawang,SR-JBR-01,Sari,0.0042,Low,370.0480,1.5718,1,,,,"Account review: large account, no single warning sign"
,,OUT-10335,Toko Mulia Bekasi,Minimarket,Jabodetabek,Bekasi,SR-JKT-05,Eko,0.0280,Low,56.0640,1.5695,6,Only 6 orders in 90 days (typical healthy: 10),Only 8 SKUs per order (typical healthy: 10),2 complaint(s) in 90 days,Call this week to confirm next order; check shelf stock
,,OUT-10740,Toko Murah Meriah Karawang 6,Minimarket,Jawa Barat,Karawang,SR-JBR-10,Irma,0.0359,Low,43.4440,1.5575,8,Only 6 orders in 90 days (typical healthy: 10),No order for 8 days,Revenue -60% vs prior 90 days,Call this week to confirm next order; check shelf stock
,,OUT-11686,Toko Mitra Usaha Depok,Warung,Jabodetabek,Depok,SR-JKT-16,Rizky,0.1635,Medium,9.5120,1.5556,12,Only 3 orders in 90 days (typical healthy: 10),Only 4 SKUs per order (typical healthy: 10),Pays 12 days late on average,Call this week to confirm next order; check shelf stock
,,OUT-11054,Warung Tunas Baru Tangerang 1,Warung,Jabodetabek,Tangerang,SR-JKT-09,Indra,0.1156,Low,13.4480,1.5541,52,No order for 52 days,Only 4 SKUs per order (typical healthy: 10),Only 4 orders in 90 days (typical healthy: 10),Call this week to confirm next order; check shelf stock
,,OUT-12382,Warung Sejahtera Barat 6,Warung,Jabodetabek,Jakarta Barat,SR-JKT-04,Dewi,0.1144,Low,13.5680,1.5517,11,Only 4 SKUs per order (typical healthy: 10),Only 6 orders in 90 days (typical healthy: 10),No order for 11 days,Range review on visit: check for competitor SKUs on shelf
,,OUT-10505,Mini Market Rukun Magelang,Minimarket,Jawa Tengah,Magelang,SR-JTG-08,Eko,0.0109,Low,141.7400,1.5437,14,No order for 14 days,,,Call this week to confirm next order; check shelf stock
,,OUT-10386,Warung Harapan Baru Parepare,Warung,Sulawesi Selatan,Parepare,SR-SLS-02,Fitri,0.1589,Medium,9.7080,1.5424,26,Only 4 SKUs per order (typical healthy: 10),No order for 26 days,Only 4 orders in 90 days (typical healthy: 10),Range review on visit: check for competitor SKUs on shelf
,,OUT-11366,Warung Harapan Baru 7,Warung,Jawa Tengah,Pekalongan,SR-JTG-07,Dewi,0.0582,Low,26.5080,1.5421,13,Only 5 SKUs per order (typical healthy: 10),No order for 13 days,2 complaint(s) in 90 days,Range review on visit: check for competitor SKUs on shelf
,,OUT-11104,Toko Pelita Binjai,Minimarket,Sumatera Utara,Binjai,SR-SMU-05,Agus,0.0155,Low,99.0800,1.5380,7,Pays 6 days late on average,No order for 7 days,,Agree a payment plan with Finance before pushing new stock
,,OUT-10863,Toko Maju Jaya Kediri,Warung,Jawa Timur,Kediri,SR-JTM-10,Rizky,0.1390,Low,11.0560,1.5370,6,Only 5 SKUs per order (typical healthy: 10),Only 5 orders in 90 days (typical healthy: 10),Pays 10 days late on average,Range review on visit: check for competitor SKUs on shelf
,,OUT-12535,Toko Grosir Indah Parepare,Grosir,Sulawesi Selatan,Parepare,SR-SLS-02,Fitri,0.0020,Low,756.8920,1.5357,1,,,,"Account review: large account, no single warning sign"
,,OUT-11855,Toko Cahaya Serdang,Minimarket,Sumatera Utara,Deli Serdang,SR-SMU-02,Taufik,0.0192,Low,79.7800,1.5317,1,Pays 8 days late on average,2 complaint(s) in 90 days,Only 9 SKUs per order (typical healthy: 10),Agree a payment plan with Finance before pushing new stock
,,OUT-12209,Warung Mitra Usaha 8,Warung,Jabodetabek,Bekasi,SR-JKT-08,Hendra,0.2015,Medium,7.5960,1.5307,22,Only 4 SKUs per order (typical healthy: 10),No order for 22 days,Only 4 orders in 90 days (typical healthy: 10),Range review on visit: check for competitor SKUs on shelf
,,OUT-10178,Mini Market Segar Jaya,Minimarket,Sulawesi Selatan,Gowa,SR-SLS-01,Dimas,0.0243,Low,62.9960,1.5285,8,No order for 8 days,,,Call this week to confirm next order; check shelf stock
,,OUT-10277,Warung Tunas Baru Cimahi 6,Warung,Jawa Barat,Cimahi,SR-JBR-08,Fitri,0.1128,Low,13.5360,1.5264,32,No order for 32 days,Only 4 SKUs per order (typical healthy: 10),Only 6 orders in 90 days (typical healthy: 10),Call this week to confirm next order; check shelf stock
,,OUT-12268,Toko Mitra Usaha 5,Warung,Jawa Tengah,Magelang,SR-JTG-06,Citra,0.5139,High,2.9680,1.5254,71,No order for 71 days,Only 2 orders in 90 days (typical healthy: 10),Only 2 SKUs per order (typical healthy: 10),Call this week to confirm next order; check shelf stock
,,OUT-11667,Warung Cahaya Binjai 1,Warung,Sumatera Utara,Binjai,SR-SMU-05,Agus,0.1468,Low,10.3840,1.5239,57,No order for 57 days,Only 4 orders in 90 days (typical healthy: 10),Only 6 SKUs per order (typical healthy: 10),Call this week to confirm next order; check shelf stock
,,OUT-11767,Mini Market Makmur Maros,Minimarket,Sulawesi Selatan,Maros,SR-SLS-04,Irma,0.0110,Low,138.5640,1.5224,4,Pays 7 days late on average,,,Agree a payment plan with Finance before pushing new stock
,,OUT-11262,Warung Bahagia Tasikmalaya,Warung,Jawa Barat,Tasikmalaya,SR-JBR-09,Hadi,0.2032,Medium,7.4880,1.5216,30,Only 3 orders in 90 days (typical healthy: 10),No order for 30 days,Only 4 SKUs per order (typical healthy: 10),Call this week to confirm next order; check shelf stock
,,OUT-11200,Toko Bintang Timur 1,Warung,Jawa Timur,Sidoarjo,SR-JTM-07,Maya,0.1111,Low,13.6880,1.5203,6,Only 3 SKUs per order (typical healthy: 10),Pays 12 days late on average,Only 6 orders in 90 days (typical healthy: 10),Range review on visit: check for competitor SKUs on shelf
,,OUT-11885,UD Makmur Tasikmalaya,Grosir,Jawa Barat,Tasikmalaya,SR-JBR-03,Wulan,0.0024,Low,628.1280,1.5165,8,,,,"Account review: large account, no single warning sign"
,,OUT-11140,Mini Market Bintang Timur Kediri,Minimarket,Jawa Timur,Kediri,SR-JTM-07,Maya,0.0106,Low,143.3280,1.5145,8,,,,"Account review: large account, no single warning sign"
,,OUT-12436,Toko Damai 1,Warung,Sulawesi Selatan,Makassar,SR-SLS-04,Irma,0.1105,Low,13.6720,1.5109,30,No order for 30 days,Only 4 orders in 90 days (typical healthy: 10),Only 6 SKUs per order (typical healthy: 10),Call this week to confirm next order; check shelf stock
,,OUT-10130,Supermarket Maju Jaya Solo,Supermarket,Jawa Tengah,Solo,SR-JTG-03,Lestari,0.0023,Low,658.1960,1.5096,4,,,,"Account review: large account, no single warning sign"
,,OUT-10293,Toko Makmur 1,Minimarket,Sulawesi Selatan,Maros,SR-SLS-01,Dimas,0.0085,Low,176.4960,1.5058,1,,,,"Account review: large account, no single warning sign"
,,OUT-11873,Toko Karya Mandiri Gowa,Minimarket,Sulawesi Selatan,Gowa,SR-SLS-02,Fitri,0.0098,Low,152.7640,1.5036,2,,,,"Account review: large account, no single warning sign"
,,OUT-10601,Toko Grosir Pelita,Grosir,Jawa Tengah,Purwokerto,SR-JTG-04,Andi,0.0036,Low,418.4440,1.5024,3,,,,"Account review: large account, no single warning sign"
,,OUT-12199,Grosir Segar Jaya,Grosir,Jabodetabek,Bekasi,SR-JKT-16,Rizky,0.0025,Low,592.6720,1.5014,0,,,,"Account review: large account, no single warning sign"
,,OUT-12419,Mini Market Indah Barat 1,Minimarket,Jabodetabek,Jakarta Barat,SR-JKT-10,Joko,0.0128,Low,117.3560,1.4993,2,Pays 9 days late on average,,,Agree a payment plan with Finance before pushing new stock
,,OUT-10857,Swalayan Anugerah Surabaya,Supermarket,Jawa Timur,Surabaya,SR-JTM-07,Maya,0.0012,Low,1210.5600,1.4987,2,,,,"Account review: large account, no single warning sign"
,,OUT-12086,Toko Damai Barat,Warung,Jabodetabek,Jakarta Barat,SR-JKT-01,Andi,0.1936,Medium,7.7360,1.4978,26,Only 3 orders in 90 days (typical healthy: 10),No order for 26 days,Only 5 SKUs per order (typical healthy: 10),Call this week to confirm next order; check shelf stock
,,OUT-12404,Warung Mitra Usaha Medan,Warung,Sumatera Utara,Medan,SR-SMU-03,Wulan,0.0631,Low,23.6800,1.4948,25,No order for 25 days,Only 6 SKUs per order (typical healthy: 10),Pays 6 days late on average,Call this week to confirm next order; check shelf stock
,,OUT-12309,Toko Anugerah Pekalongan 3,Minimarket,Jawa Tengah,Pekalongan,SR-JTG-05,Budi,0.0157,Low,95.0680,1.4908,6,,,,"Account review: large account, no single warning sign"
,,OUT-10526,Warung Setia Kawan Bandung,Warung,Jawa Barat,Bandung,SR-JBR-09,Hadi,0.0460,Low,32.3480,1.4869,24,No order for 24 days,Only 5 SKUs per order (typical healthy: 10),No rep visit on record,Call this week to confirm next order; check shelf stock
,,OUT-12325,Mini Market Segar Jaya Bogor,Minimarket,Jabodetabek,Bogor,SR-JKT-14,Nanda,0.0353,Low,42.1320,1.4858,7,Only 5 orders in 90 days (typical healthy: 10),No order for 7 days,Revenue -60% vs prior 90 days,Call this week to confirm next order; check shelf stock
,,OUT-11766,Toko Cahaya Tangerang,Warung,Jabodetabek,Tangerang,SR-JKT-06,Fajar,0.1094,Low,13.5800,1.4853,15,Only 4 SKUs per order (typical healthy: 10),Only 4 orders in 90 days (typical healthy: 10),No order for 15 days,Range review on visit: check for competitor SKUs on shelf
,,OUT-11953,Warung Tunas Baru Malang,Warung,Jawa Timur,Malang,SR-JTM-06,Lukman,0.3504,High,4.2160,1.4773,65,No order for 65 days,Only 2 orders in 90 days (typical healthy: 10),Only 5 SKUs per order (typical healthy: 10),Call this week to confirm next order; check shelf stock
,,OUT-11669,Grosir Rukun Bogor,Grosir,Jabodetabek,Bogor,SR-JKT-15,Putri,0.0036,Low,407.6680,1.4693,0,,,,"Account review: large account, no single warning sign"
,,OUT-10469,UD Bintang Timur 6,Grosir,Jabodetabek,Bekasi,SR-JKT-05,Eko,0.0026,Low,565.2360,1.4687,1,,,,"Account review: large account, no single warning sign"
,,OUT-11213,Mini Market Berkah 8,Minimarket,Jawa Tengah,Purwokerto,SR-JTG-07,Dewi,0.0173,Low,84.7840,1.4656,7,Pays 7 days late on average,No order for 7 days,Only 9 SKUs per order (typical healthy: 10),Agree a payment plan with Finance before pushing new stock
,,OUT-11610,Toko Subur Bandung,Warung,Jawa Barat,Bandung,SR-JBR-06,Bayu,0.2017,Medium,7.2320,1.4589,24,Only 3 orders in 90 days (typical healthy: 10),Only 4 SKUs per order (typical healthy: 10),No order for 24 days,Call this week to confirm next order; check shelf stock
,,OUT-12286,Grosir Murah Meriah Bogor,Grosir,Jabodetabek,Bogor,SR-JKT-11,Kartika,0.0049,Low,297.4920,1.4560,0,,,,"Account review: large account, no single warning sign"
,,OUT-12139,Toko Rukun Surabaya 1,Warung,Jawa Timur,Surabaya,SR-JTM-03,Indra,0.1321,Low,10.9880,1.4515,7,Only 5 SKUs per order (typical healthy: 10),Only 4 orders in 90 days (typical healthy: 10),Pays 13 days late on average,Range review on visit: check for competitor SKUs on shelf
,,OUT-12157,Toko Segar Jaya Timur,Warung,Jabodetabek,Jakarta Timur,SR-JKT-14,Nanda,0.0796,Low,18.2120,1.4494,10,Only 4 SKUs per order (typical healthy: 10),Only 6 orders in 90 days (typical healthy: 10),Pays 10 days late on average,Range review on visit: check for competitor SKUs on shelf
,,OUT-12290,Swalayan Tunas Baru Cimahi 8,Supermarket,Jawa Barat,Cimahi,SR-JBR-05,Agus,0.0011,Low,1270.1800,1.4494,1,,,,"Account review: large account, no single warning sign"
,,OUT-11882,Mini Market Makmur Surabaya,Minimarket,Jawa Timur,Surabaya,SR-JTM-08,Nanda,0.0105,Low,136.8480,1.4366,2,,,,"Account review: large account, no single warning sign"
,,OUT-10528,Warung Murah Meriah Maros,Warung,Sulawesi Selatan,Maros,SR-SLS-03,Hadi,0.1783,Medium,8.0560,1.4363,19,Only 3 orders in 90 days (typical healthy: 10),No order for 19 days,Only 5 SKUs per order (typical healthy: 10),Call this week to confirm next order; check shelf stock
,,OUT-11348,Warung Damai Bandung,Warung,Jawa Barat,Bandung,SR-JBR-03,Wulan,0.1091,Low,13.1240,1.4324,38,No order for 38 days,Only 5 SKUs per order (typical healthy: 10),Only 5 orders in 90 days (typical healthy: 10),Call this week to confirm next order; check shelf stock
,,OUT-11599,Toko Berkah Sidoarjo 8,Warung,Jawa Timur,Sidoarjo,SR-JTM-02,Hendra,0.1260,Low,11.3200,1.4262,43,No order for 43 days,Only 4 orders in 90 days (typical healthy: 10),Only 5 SKUs per order (typical healthy: 10),Call this week to confirm next order; check shelf stock
,,OUT-11611,Grosir Berkah Barat,Grosir,Jabodetabek,Jakarta Barat,SR-JKT-12,Lukman,0.0026,Low,538.3560,1.4257,2,,,,"Account review: large account, no single warning sign"
,,OUT-12313,Warung Lancar Cimahi 3,Warung,Jawa Barat,Cimahi,SR-JBR-11,Rina,0.0489,Low,29.1160,1.4226,17,No order for 17 days,Only 6 SKUs per order (typical healthy: 10),No rep visit for 278 days,Call this week to confirm next order; check shelf stock
,,OUT-11455,Grosir Harapan Baru,Grosir,Jawa Barat,Tasikmalaya,SR-JBR-02,Taufik,0.0026,Low,547.4360,1.4218,2,,,,"Account review: large account, no single warning sign"
,,OUT-10595,Toko Indah 8,Minimarket,Jabodetabek,Jakarta Timur,SR-JKT-13,Maya,0.0190,Low,73.8080,1.4038,3,Only 7 orders in 90 days (typical healthy: 10),1 complaint(s) in 90 days,,Call this week to confirm next order; check shelf stock
,,OUT-11465,Warung Damai Gresik,Warung,Jawa Timur,Gresik,SR-JTM-01,Gita,0.2418,Medium,5.7760,1.3968,4,Only 1 orders in 90 days (typical healthy: 10),Only 3 SKUs per order (typical healthy: 10),No rep visit for 216 days,Call this week to confirm next order; check shelf stock
,,OUT-10625,Warung Mekar Sari 8,Warung,Sulawesi Selatan,Makassar,SR-SLS-05,Rina,0.0516,Low,27.0160,1.3946,10,Only 6 SKUs per order (typical healthy: 10),No order for 10 days,Only 7 orders in 90 days (typical healthy: 10),Range review on visit: check for competitor SKUs on shelf
,,OUT-12234,UD Karya Mandiri 8,Grosir,Sulawesi Selatan,Maros,SR-SLS-04,Irma,0.0021,Low,656.4200,1.3936,0,,,,"Account review: large account, no single warning sign"
,,OUT-11823,Mini Market Sentosa 7,Minimarket,Jawa Tengah,Magelang,SR-JTG-01,Teguh,0.0194,Low,71.5200,1.3906,3,Only 7 orders in 90 days (typical healthy: 10),No rep visit for 45 days,Revenue -58% vs prior 90 days,Call this week to confirm next order; check shelf stock
,,OUT-11951,Toko Bahagia Makassar,Warung,Sulawesi Selatan,Makassar,SR-SLS-05,Rina,0.1643,Medium,8.4360,1.3856,10,Only 3 orders in 90 days (typical healthy: 10),Only 6 SKUs per order (typical healthy: 10),No order for 10 days,Call this week to confirm next order; check shelf stock
,,OUT-10037,Toko Makmur,Minimarket,Jabodetabek,Bekasi,SR-JKT-13,Maya,0.0097,Low,142.6600,1.3849,11,No order for 11 days,,,Call this week to confirm next order; check shelf stock
,,OUT-10687,Toko Sentosa Cirebon,Minimarket,Jawa Barat,Cirebon,SR-JBR-04,Yoga,0.0187,Low,73.7880,1.3831,2,Pays 8 days late on average,Only 9 SKUs per order (typical healthy: 10),,Agree a payment plan with Finance before pushing new stock
,,OUT-10094,Swalayan Indah 8,Supermarket,Jawa Barat,Cirebon,SR-JBR-02,Taufik,0.0008,Low,1701.2920,1.3818,2,,,,"Account review: large account, no single warning sign"
,,OUT-11428,Toko Rukun Timur 2,Minimarket,Jabodetabek,Jakarta Timur,SR-JKT-01,Andi,0.0140,Low,98.6960,1.3774,8,No order for 8 days,,,Call this week to confirm next order; check shelf stock
,,OUT-12033,Warung Pelita Tasikmalaya,Warung,Jawa Barat,Tasikmalaya,SR-JBR-01,Sari,0.0908,Low,15.1160,1.3719,26,No order for 26 days,Only 6 SKUs per order (typical healthy: 10),Only 6 orders in 90 days (typical healthy: 10),Call this week to confirm next order; check shelf stock
,,OUT-11421,Warung Sentosa Kediri,Warung,Jawa Timur,Kediri,SR-JTM-03,Indra,0.0632,Low,21.6880,1.3709,9,Only 4 SKUs per order (typical healthy: 10),Pays 9 days late on average,Only 7 orders in 90 days (typical healthy: 10),Range review on visit: check for competitor SKUs on shelf
,,OUT-10425,Warung Sumber Rezeki Pekalongan 4,Warung,Jawa Tengah,Pekalongan,SR-JTG-05,Budi,0.4918,High,2.7840,1.3693,77,No order for 77 days,Only 2 orders in 90 days (typical healthy: 10),Only 2 SKUs per order (typical healthy: 10),Call this week to confirm next order; check shelf stock
,,OUT-11901,Warung Barokah Pekalongan,Warung,Jawa Tengah,Pekalongan,SR-JTG-01,Teguh,0.0922,Low,14.8040,1.3649,18,Only 4 SKUs per order (typical healthy: 10),No order for 18 days,Only 7 orders in 90 days (typical healthy: 10),Range review on visit: check for competitor SKUs on shelf
,,OUT-11867,Warung Berkah Gowa,Warung,Sulawesi Selatan,Gowa,SR-SLS-01,Dimas,0.0442,Low,30.8680,1.3647,27,No order for 27 days,Only 5 SKUs per order (typical healthy: 10),Only 8 orders in 90 days (typical healthy: 10),Call this week to confirm next order; check shelf stock
,,OUT-12143,Toko Grosir Sinar Abadi 5,Grosir,Jawa Timur,Surabaya,SR-JTM-03,Indra,0.0021,Low,648.3600,1.3611,1,,,,"Account review: large account, no single warning sign"
,,OUT-11993,Grosir Mekar Sari 2,Grosir,Jawa Barat,Cirebon,SR-JBR-02,Taufik,0.0014,Low,967.2240,1.3560,1,,,,"Account review: large account, no single warning sign"
,,OUT-11480,Toko Pelita Purwokerto,Minimarket,Jawa Tengah,Purwokerto,SR-JTG-08,Eko,0.0072,Low,186.7160,1.3515,5,,,,"Account review: large account, no single warning sign"
,,OUT-12001,Toko Berkah Medan,Minimarket,Sumatera Utara,Medan,SR-SMU-03,Wulan,0.0228,Low,59.2200,1.3511,14,No order for 14 days,Only 6 orders in 90 days (typical healthy: 10),Revenue -49% vs prior 90 days,Call this week to confirm next order; check shelf stock
,,OUT-11334,Toko Berkah Parepare,Warung,Sulawesi Selatan,Parepare,SR-SLS-01,Dimas,0.0869,Low,15.5400,1.3503,2,Only 3 SKUs per order (typical healthy: 10),Only 3 orders in 90 days (typical healthy: 10),No rep visit for 65 days,Range review on visit: check for competitor SKUs on shelf
,,OUT-11281,Toko Grosir Pelita 5,Grosir,Jawa Barat,Cimahi,SR-JBR-06,Bayu,0.0023,Low,581.9880,1.3473,10,,,,"Account review: large account, no single warning sign"
,,OUT-12579,Toko Mulia 7,Minimarket,Jabodetabek,Jakarta Timur,SR-JKT-06,Fajar,0.0067,Low,200.5160,1.3465,10,,,,"Account review: large account, no single warning sign"
,,OUT-12489,Supermarket Makmur Bogor 3,Supermarket,Jabodetabek,Bogor,SR-JKT-11,Kartika,0.0008,Low,1736.3640,1.3445,2,,,,"Account review: large account, no single warning sign"
,,OUT-10797,Toko Damai Timur 8,Warung,Jabodetabek,Jakarta Timur,SR-JKT-14,Nanda,0.0676,Low,19.8480,1.3420,12,Only 4 SKUs per order (typical healthy: 10),No order for 12 days,Only 6 orders in 90 days (typical healthy: 10),Range review on visit: check for competitor SKUs on shelf
,,OUT-10563,Warung Setia Kawan Medan,Warung,Sumatera Utara,Medan,SR-SMU-03,Wulan,0.0659,Low,20.3360,1.3411,32,No order for 32 days,Only 6 SKUs per order (typical healthy: 10),1 complaint(s) in 90 days,Call this week to confirm next order; check shelf stock
,,OUT-11204,Warung Sumber Rezeki Kediri,Warung,Jawa Timur,Kediri,SR-JTM-04,Joko,0.0622,Low,21.5280,1.3396,2,Only 4 SKUs per order (typical healthy: 10),Only 6 orders in 90 days (typical healthy: 10),No rep visit for 153 days,Range review on visit: check for competitor SKUs on shelf
,,OUT-12370,Mini Market Damai 4,Minimarket,Jawa Tengah,Semarang,SR-JTG-05,Budi,0.0179,Low,74.8560,1.3371,24,No order for 24 days,Only 7 orders in 90 days (typical healthy: 10),,Call this week to confirm next order; check shelf stock
,,OUT-10115,Grosir Segar Jaya Bekasi 8,Grosir,Jabodetabek,Bekasi,SR-JKT-10,Joko,0.0018,Low,739.5680,1.3250,1,,,,"Account review: large account, no single warning sign"
,,OUT-11115,Grosir Indah Maros,Grosir,Sulawesi Selatan,Maros,SR-SLS-02,Fitri,0.0030,Low,435.0960,1.3237,0,,,,"Account review: large account, no single warning sign"
,,OUT-10339,Toko Sejahtera 6,Warung,Jabodetabek,Jakarta Barat,SR-JKT-14,Nanda,0.0526,Low,25.1720,1.3229,8,Only 4 SKUs per order (typical healthy: 10),No rep visit for 77 days,No order for 8 days,Range review on visit: check for competitor SKUs on shelf
,,OUT-12594,Mini Market Tunas Baru Bekasi 1,Minimarket,Jabodetabek,Bekasi,SR-JKT-08,Hendra,0.0081,Low,162.8240,1.3202,2,,,,"Account review: large account, no single warning sign"
,,OUT-11484,Warung Setia Kawan Tangerang,Warung,Jabodetabek,Tangerang,SR-JKT-10,Joko,0.0818,Low,16.1160,1.3183,15,Only 3 SKUs per order (typical healthy: 10),No order for 15 days,Only 7 orders in 90 days (typical healthy: 10),Range review on visit: check for competitor SKUs on shelf
,,OUT-11913,UD Sentosa 6,Grosir,Sumatera Utara,Pematangsiantar,SR-SMU-05,Agus,0.0015,Low,850.7840,1.3110,1,,,,"Account review: large account, no single warning sign"
,,OUT-11991,Warung Setia Kawan Barat,Warung,Jabodetabek,Jakarta Barat,SR-JKT-08,Hendra,0.0239,Low,54.8120,1.3107,12,Only 5 SKUs per order (typical healthy: 10),No order for 12 days,No rep visit for 120 days,Range review on visit: check for competitor SKUs on shelf
,,OUT-10310,Toko Bahagia Bogor 1,Minimarket,Jabodetabek,Bogor,SR-JKT-09,Indra,0.0099,Low,131.7480,1.3099,2,,,,"Account review: large account, no single warning sign"
,,OUT-12364,Warung Sinar Abadi Serdang,Warung,Sumatera Utara,Deli Serdang,SR-SMU-01,Sari,0.0978,Low,13.3640,1.3069,3,Only 4 SKUs per order (typical healthy: 10),Only 4 orders in 90 days (typical healthy: 10),Pays 6 days late on average,Range review on visit: check for competitor SKUs on shelf
,,OUT-10926,Toko Damai Tangerang,Warung,Jabodetabek,Tangerang,SR-JKT-15,Putri,0.0543,Low,23.9680,1.3014,17,Only 5 SKUs per order (typical healthy: 10),No order for 17 days,Only 7 orders in 90 days (typical healthy: 10),Range review on visit: check for competitor SKUs on shelf
,,OUT-12280,Toko Berkah 4,Warung,Jawa Timur,Kediri,SR-JTM-06,Lukman,0.1377,Low,9.4480,1.3010,8,Only 3 orders in 90 days (typical healthy: 10),Only 4 SKUs per order (typical healthy: 10),No rep visit for 251 days,Call this week to confirm next order; check shelf stock
,,OUT-12145,Warung Berkah Tasikmalaya,Warung,Jawa Barat,Tasikmalaya,SR-JBR-05,Agus,0.0693,Low,18.7640,1.3004,13,Only 4 SKUs per order (typical healthy: 10),No order for 13 days,Only 6 orders in 90 days (typical healthy: 10),Range review on visit: check for competitor SKUs on shelf
,,OUT-12021,Toko Bahagia Malang 1,Warung,Jawa Timur,Malang,SR-JTM-06,Lukman,0.0930,Low,13.8880,1.2919,5,Only 4 SKUs per order (typical healthy: 10),Only 6 orders in 90 days (typical healthy: 10),Pays 11 days late on average,Range review on visit: check for competitor SKUs on shelf
,,OUT-12539,Warung Harapan Baru 3,Warung,Jabodetabek,Depok,SR-JKT-12,Lukman,0.0560,Low,22.9080,1.2822,13,Only 4 SKUs per order (typical healthy: 10),No order for 13 days,Pays 8 days late on average,Range review on visit: check for competitor SKUs on shelf
,,OUT-10904,Toko Sejahtera Magelang,Minimarket,Jawa Tengah,Magelang,SR-JTG-08,Eko,0.0102,Low,125.4000,1.2765,5,,,,"Account review: large account, no single warning sign"
,,OUT-10497,Warung Berkah Tasikmalaya 7,Warung,Jawa Barat,Tasikmalaya,SR-JBR-05,Agus,0.0587,Low,21.6720,1.2722,29,No order for 29 days,Only 5 SKUs per order (typical healthy: 10),Only 8 orders in 90 days (typical healthy: 10),Call this week to confirm next order; check shelf stock
,,OUT-11757,Supermarket Mulia Bogor,Supermarket,Jabodetabek,Bogor,SR-JKT-15,Putri,0.0010,Low,1219.9240,1.2659,1,,,,"Account review: large account, no single warning sign"
,,OUT-12029,Warung Karya Mandiri Purwokerto,Warung,Jawa Tengah,Purwokerto,SR-JTG-08,Eko,0.3336,Medium,3.7880,1.2635,57,Only 1 orders in 90 days (typical healthy: 10),No order for 57 days,Only 5 SKUs per order (typical healthy: 10),Call this week to confirm next order; check shelf stock
,,OUT-10751,Toko Tunas Baru Barat 2,Warung,Jabodetabek,Jakarta Barat,SR-JKT-03,Citra,0.3332,Medium,3.7920,1.2634,51,No order for 51 days,Only 2 orders in 90 days (typical healthy: 10),Only 6 SKUs per order (typical healthy: 10),Call this week to confirm next order; check shelf stock
,,OUT-11242,Mini Market Bahagia,Minimarket,Jawa Barat,Tasikmalaya,SR-JBR-03,Wulan,0.0118,Low,107.4680,1.2628,5,,,,"Account review: large account, no single warning sign"
,,OUT-11712,Grosir Damai Bandung 6,Grosir,Jawa Barat,Bandung,SR-JBR-04,Yoga,0.0045,Low,283.2680,1.2622,0,,,,"Account review: large account, no single warning sign"
,,OUT-12228,Toko Berkah Barat 2,Warung,Jabodetabek,Jakarta Barat,SR-JKT-03,Citra,0.2413,Medium,5.2200,1.2597,11,Only 2 orders in 90 days (typical healthy: 10),Only 4 SKUs per order (typical healthy: 10),No order for 11 days,Call this week to confirm next order; check shelf stock
,,OUT-12112,Warung Anugerah Purwokerto,Warung,Jawa Tengah,Purwokerto,SR-JTG-03,Lestari,0.0988,Low,12.7360,1.2582,4,Only 3 orders in 90 days (typical healthy: 10),Only 5 SKUs per order (typical healthy: 10),No rep visit for 82 days,Call this week to confirm next order; check shelf stock
,,OUT-11030,Warung Tunas Baru Bandung,Warung,Jawa Barat,Bandung,SR-JBR-03,Wulan,0.0812,Low,15.4880,1.2575,18,Only 3 SKUs per order (typical healthy: 10),No order for 18 days,Only 7 orders in 90 days (typical healthy: 10),Range review on visit: check for competitor SKUs on shelf
,,OUT-10397,Toko Bahagia 8,Minimarket,Sumatera Utara,Binjai,SR-SMU-03,Wulan,0.0127,Low,98.7800,1.2566,3,,,,"Account review: large account, no single warning sign"
,,OUT-10624,UD Mitra Usaha Cirebon,Grosir,Jawa Barat,Cirebon,SR-JBR-08,Fitri,0.0016,Low,801.7240,1.2564,1,,,,"Account review: large account, no single warning sign"
,,OUT-12218,Mini Market Subur 2,Minimarket,Sulawesi Selatan,Gowa,SR-SLS-02,Fitri,0.0160,Low,78.6560,1.2552,2,Only 7 orders in 90 days (typical healthy: 10),Pays 5 days late on average,,Call this week to confirm next order; check shelf stock
,,OUT-10651,Supermarket Cahaya Karawang 7,Supermarket,Jawa Barat,Karawang,SR-JBR-03,Wulan,0.0007,Low,1848.7920,1.2508,3,,,,"Account review: large account, no single warning sign"
,,OUT-12478,Toko Segar Jaya Bogor 5,Warung,Jabodetabek,Bogor,SR-JKT-03,Citra,0.1711,Medium,7.3080,1.2506,11,Only 3 orders in 90 days (typical healthy: 10),Only 5 SKUs per order (typical healthy: 10),No order for 11 days,Call this week to confirm next order; check shelf stock
,,OUT-11921,Toko Sinar Abadi Semarang,Warung,Jawa Tengah,Semarang,SR-JTG-05,Budi,0.0774,Low,16.1640,1.2506,32,No order for 32 days,Only 5 SKUs per order (typical healthy: 10),Only 7 orders in 90 days (typical healthy: 10),Call this week to confirm next order; check shelf stock
,,OUT-12106,Warung Sejahtera Malang,Warung,Jawa Timur,Malang,SR-JTM-07,Maya,0.1530,Medium,8.1040,1.2400,62,No order for 62 days,Only 3 orders in 90 days (typical healthy: 10),Only 6 SKUs per order (typical healthy: 10),Call this week to confirm next order; check shelf stock
,,OUT-11364,Toko Murah Meriah Timur,Warung,Jabodetabek,Jakarta Timur,SR-JKT-15,Putri,0.0548,Low,22.5560,1.2360,14,Only 5 SKUs per order (typical healthy: 10),No order for 14 days,No rep visit for 69 days,Range review on visit: check for competitor SKUs on shelf
,,OUT-10209,Warung Mulia Barat 7,Warung,Jabodetabek,Jakarta Barat,SR-JKT-06,Fajar,0.1719,Medium,7.1800,1.2341,35,No order for 35 days,Only 3 orders in 90 days (typical healthy: 10),Only 6 SKUs per order (typical healthy: 10),Call this week to confirm next order; check shelf stock
,,OUT-12189,Toko Tunas Baru Tangerang,Warung,Jabodetabek,Tangerang,SR-JKT-12,Lukman,0.0870,Low,14.1360,1.2295,21,Only 4 SKUs per order (typical healthy: 10),No order for 21 days,Only 7 orders in 90 days (typical healthy: 10),Range review on visit: check for competitor SKUs on shelf
,,OUT-11658,Mini Market Subur 6,Minimarket,Sumatera Utara,Deli Serdang,SR-SMU-06,Bayu,0.0085,Low,143.9880,1.2263,1,,,,"Account review: large account, no single warning sign"
,,OUT-10481,Warung Sumber Rezeki Bandung 5,Warung,Jawa Barat,Bandung,SR-JBR-04,Yoga,0.0662,Low,18.4440,1.2211,4,Only 3 SKUs per order (typical healthy: 10),Pays 10 days late on average,Only 7 orders in 90 days (typical healthy: 10),Range review on visit: check for competitor SKUs on shelf
,,OUT-11376,Warung Damai Barat 1,Warung,Jabodetabek,Jakarta Barat,SR-JKT-10,Joko,0.0546,Low,22.3520,1.2205,4,Only 4 SKUs per order (typical healthy: 10),Pays 17 days late on average,Only 7 orders in 90 days (typical healthy: 10),Range review on visit: check for competitor SKUs on shelf
,,OUT-11640,Mini Market Anugerah 2,Minimarket,Jawa Timur,Gresik,SR-JTM-07,Maya,0.0078,Low,156.3240,1.2194,2,,,,"Account review: large account, no single warning sign"
,,OUT-10776,Warung Makmur Binjai,Warung,Sumatera Utara,Binjai,SR-SMU-06,Bayu,0.1501,Medium,8.0840,1.2135,28,Only 3 orders in 90 days (typical healthy: 10),No order for 28 days,Only 4 SKUs per order (typical healthy: 10),Call this week to confirm next order; check shelf stock
,,OUT-10701,Swalayan Cahaya Bogor,Supermarket,Jabodetabek,Bogor,SR-JKT-11,Kartika,0.0009,Low,1403.5320,1.2123,0,,,,"Account review: large account, no single warning sign"
,,OUT-11168,Warung Murah Meriah Purwokerto,Warung,Jawa Tengah,Purwokerto,SR-JTG-01,Teguh,0.1344,Low,9.0160,1.2121,45,No order for 45 days,Only 4 SKUs per order (typical healthy: 10),Only 4 orders in 90 days (typical healthy: 10),Call this week to confirm next order; check shelf stock
,,OUT-10838,Warung Segar Jaya Maros,Warung,Sulawesi Selatan,Maros,SR-SLS-03,Hadi,0.0782,Low,15.4960,1.2112,25,No order for 25 days,Only 6 SKUs per order (typical healthy: 10),Only 6 orders in 90 days (typical healthy: 10),Call this week to confirm next order; check shelf stock
,,OUT-11080,Toko Anugerah 2,Warung,Jawa Barat,Cimahi,SR-JBR-09,Hadi,0.0685,Low,17.6480,1.2083,13,Only 4 SKUs per order (typical healthy: 10),No order for 13 days,Only 6 orders in 90 days (typical healthy: 10),Range review on visit: check for competitor SKUs on shelf
,,OUT-11105,Toko Barokah Timur,Warung,Jabodetabek,Jakarta Timur,SR-JKT-13,Maya,0.0571,Low,21.1200,1.2055,21,No order for 21 days,Only 5 SKUs per order (typical healthy: 10),Only 7 orders in 90 days (typical healthy: 10),Call this week to confirm next order; check shelf stock
,,OUT-12276,Mini Market Maju Jaya 2,Minimarket,Jabodetabek,Bekasi,SR-JKT-06,Fajar,0.0111,Low,108.4360,1.1983,3,Pays 7 days late on average,,,Agree a payment plan with Finance before pushing new stock
,,OUT-10648,Toko Grosir Rukun Pekalongan,Grosir,Jawa Tengah,Pekalongan,SR-JTG-05,Budi,0.0022,Low,548.7960,1.1969,4,,,,"Account review: large account, no single warning sign"
,,OUT-10203,Toko Sentosa 7,Warung,Jawa Tengah,Semarang,SR-JTG-09,Fajar,0.2020,Medium,5.9120,1.1943,37,No order for 37 days,Only 3 orders in 90 days (typical healthy: 10),Only 6 SKUs per order (typical healthy: 10),Call this week to confirm next order; check shelf stock
,,OUT-11272,Warung Berkah 4,Warung,Jawa Barat,Bandung,SR-JBR-11,Rina,0.0383,Low,31.1840,1.1940,28,No order for 28 days,Only 6 SKUs per order (typical healthy: 10),Only 7 orders in 90 days (typical healthy: 10),Call this week to confirm next order; check shelf stock
,,OUT-11464,Mini Market Sentosa Cimahi,Minimarket,Jawa Barat,Cimahi,SR-JBR-03,Wulan,0.0083,Low,144.6240,1.1939,5,,,,"Account review: large account, no single warning sign"
,,OUT-10672,Mini Market Sentosa,Minimarket,Jawa Tengah,Pekalongan,SR-JTG-04,Andi,0.0072,Low,165.2160,1.1930,1,,,,"Account review: large account, no single warning sign"
,,OUT-10329,Toko Bintang Timur Malang,Warung,Jawa Timur,Malang,SR-JTM-03,Indra,0.1455,Low,8.1840,1.1908,10,Only 4 SKUs per order (typical healthy: 10),Only 4 orders in 90 days (typical healthy: 10),Pays 16 days late on average,Range review on visit: check for competitor SKUs on shelf
,,OUT-12430,Toko Cahaya Malang 2,Warung,Jawa Timur,Malang,SR-JTM-05,Kartika,0.0781,Low,15.2280,1.1894,20,Only 5 SKUs per order (typical healthy: 10),No order for 20 days,Only 5 orders in 90 days (typical healthy: 10),Range review on visit: check for competitor SKUs on shelf
,,OUT-11617,Mini Market Lancar Bekasi,Minimarket,Jabodetabek,Bekasi,SR-JKT-04,Dewi,0.0094,Low,126.6560,1.1893,3,,,,"Account review: large account, no single warning sign"
,,OUT-10331,Mini Market Pelita,Minimarket,Jawa Timur,Malang,SR-JTM-05,Kartika,0.0227,Low,52.3320,1.1876,0,Only 5 orders in 90 days (typical healthy: 10),Jawa Timur: regional churn running high,No rep visit for 42 days,Call this week to confirm next order; check shelf stock
,,OUT-12560,Warung Sejahtera Bekasi,Warung,Jabodetabek,Bekasi,SR-JKT-03,Citra,0.0816,Low,14.5440,1.1865,6,Only 4 orders in 90 days (typical healthy: 10),Only 5 SKUs per order (typical healthy: 10),No rep visit for 81 days,Call this week to confirm next order; check shelf stock
,,OUT-12061,Mini Market Mekar Sari Gowa 8,Minimarket,Sulawesi Selatan,Gowa,SR-SLS-04,Irma,0.0113,Low,104.8920,1.1854,1,,,,"Account review: large account, no single warning sign"
,,OUT-10853,Toko Murah Meriah 7,Warung,Sumatera Utara,Binjai,SR-SMU-06,Bayu,0.1235,Low,9.5880,1.1837,10,Only 3 orders in 90 days (typical healthy: 10),Only 5 SKUs per order (typical healthy: 10),Pays 9 days late on average,Call this week to confirm next order; check shelf stock
,,OUT-10065,Toko Damai,Minimarket,Jawa Timur,Sidoarjo,SR-JTM-08,Nanda,0.0066,Low,178.4640,1.1825,5,,,,"Account review: large account, no single warning sign"
,,OUT-11408,Warung Damai Depok,Warung,Jabodetabek,Depok,SR-JKT-13,Maya,0.0675,Low,17.4960,1.1815,14,Only 5 SKUs per order (typical healthy: 10),No order for 14 days,Only 6 orders in 90 days (typical healthy: 10),Range review on visit: check for competitor SKUs on shelf
,,OUT-11793,Mini Market Tunas Baru 3,Minimarket,Jabodetabek,Bekasi,SR-JKT-16,Rizky,0.0077,Low,153.5800,1.1799,1,,,,"Account review: large account, no single warning sign"
,,OUT-10924,Warung Murah Meriah Semarang,Warung,Jawa Tengah,Semarang,SR-JTG-03,Lestari,0.0743,Low,15.8520,1.1775,7,Only 4 SKUs per order (typical healthy: 10),Pays 24 days late on average,Only 7 orders in 90 days (typical healthy: 10),Range review on visit: check for competitor SKUs on shelf
,,OUT-10330,UD Bahagia Karawang,Grosir,Jawa Barat,Karawang,SR-JBR-01,Sari,0.0013,Low,880.3320,1.1752,0,,,,"Account review: large account, no single warning sign"
,,OUT-11388,Toko Sejahtera Karawang 5,Minimarket,Jawa Barat,Karawang,SR-JBR-02,Taufik,0.0083,Low,140.1360,1.1599,4,,,,"Account review: large account, no single warning sign"
,,OUT-10888,UD Segar Jaya Bekasi,Grosir,Jabodetabek,Bekasi,SR-JKT-11,Kartika,0.0015,Low,786.9680,1.1527,2,,,,"Account review: large account, no single warning sign"
,,OUT-10754,Warung Anugerah Purwokerto 1,Warung,Jawa Tengah,Purwokerto,SR-JTG-05,Budi,0.1305,Low,8.8280,1.1523,14,Only 4 orders in 90 days (typical healthy: 10),Only 6 SKUs per order (typical healthy: 10),No order for 14 days,Call this week to confirm next order; check shelf stock
,,OUT-10219,Toko Makmur Parepare,Warung,Sulawesi Selatan,Parepare,SR-SLS-04,Irma,0.1294,Low,8.8920,1.1504,29,Only 3 orders in 90 days (typical healthy: 10),No order for 29 days,Only 5 SKUs per order (typical healthy: 10),Call this week to confirm next order; check shelf stock
,,OUT-10278,Toko Maju Jaya Purwokerto,Warung,Jawa Tengah,Purwokerto,SR-JTG-03,Lestari,0.0397,Low,28.9360,1.1499,18,No order for 18 days,Only 6 SKUs per order (typical healthy: 10),Only 8 orders in 90 days (typical healthy: 10),Call this week to confirm next order; check shelf stock
,,OUT-10228,Toko Cahaya,Warung,Jawa Tengah,Pekalongan,SR-JTG-02,Yudi,0.3036,Medium,3.7760,1.1465,17,Only 2 orders in 90 days (typical healthy: 10),Only 2 SKUs per order (typical healthy: 10),No order for 17 days,Call this week to confirm next order; check shelf stock
,,OUT-10556,Warung Harapan Baru Bekasi 2,Warung,Jabodetabek,Bekasi,SR-JKT-03,Citra,0.0647,Low,17.6440,1.1419,14,Only 5 SKUs per order (typical healthy: 10),Only 5 orders in 90 days (typical healthy: 10),No order for 14 days,Range review on visit: check for competitor SKUs on shelf
,,OUT-12050,Mini Market Damai Cirebon,Minimarket,Jawa Barat,Cirebon,SR-JBR-08,Fitri,0.0120,Low,95.2640,1.1419,4,Only 7 orders in 90 days (typical healthy: 10),,,Call this week to confirm next order; check shelf stock
,,OUT-10395,Mini Market Bintang Timur Timur,Minimarket,Jabodetabek,Jakarta Timur,SR-JKT-04,Dewi,0.0153,Low,74.6960,1.1417,3,,,,"Account review: large account, no single warning sign"
,,OUT-11267,Mini Market Damai Bekasi 8,Minimarket,Jabodetabek,Bekasi,SR-JKT-03,Citra,0.0148,Low,77.1680,1.1415,0,Only 7 orders in 90 days (typical healthy: 10),No rep visit for 109 days,0 rep visits in 60 days,Call this week to confirm next order; check shelf stock
,,OUT-11048,Toko Damai Gresik,Warung,Jawa Timur,Gresik,SR-JTM-05,Kartika,0.0467,Low,24.3880,1.1396,12,Only 6 SKUs per order (typical healthy: 10),No order for 12 days,Pays 6 days late on average,Range review on visit: check for competitor SKUs on shelf
,,OUT-10360,Supermarket Subur 6,Supermarket,Jawa Tengah,Purwokerto,SR-JTG-04,Andi,0.0006,Low,1924.3120,1.1375,0,,,,"Account review: large account, no single warning sign"
,,OUT-10444,Mini Market Cahaya Bekasi,Minimarket,Jabodetabek,Bekasi,SR-JKT-15,Putri,0.0087,Low,131.1520,1.1345,0,,,,"Account review: large account, no single warning sign"
,,OUT-11624,Toko Sentosa Depok 8,Warung,Jabodetabek,Depok,SR-JKT-07,Gita,0.0260,Low,43.4600,1.1300,23,No order for 23 days,Only 5 SKUs per order (typical healthy: 10),,Call this week to confirm next order; check shelf stock
,,OUT-11462,Grosir Barokah Purwokerto 2,Grosir,Jawa Tengah,Purwokerto,SR-JTG-06,Citra,0.0018,Low,645.1160,1.1294,1,,,,"Account review: large account, no single warning sign"
,,OUT-11438,Toko Grosir Murah Meriah Purwokerto,Grosir,Jawa Tengah,Purwokerto,SR-JTG-06,Citra,0.0018,Low,625.0840,1.1286,1,,,,"Account review: large account, no single warning sign"
,,OUT-12298,Mini Market Harapan Baru 7,Minimarket,Jabodetabek,Bekasi,SR-JKT-01,Andi,0.0067,Low,168.3640,1.1266,5,,,,"Account review: large account, no single warning sign"
,,OUT-10499,Toko Sinar Abadi Tasikmalaya,Warung,Jawa Barat,Tasikmalaya,SR-JBR-06,Bayu,0.1215,Low,9.2560,1.1250,56,No order for 56 days,Only 4 SKUs per order (typical healthy: 10),Only 4 orders in 90 days (typical healthy: 10),Call this week to confirm next order; check shelf stock
,,OUT-11590,Mini Market Cahaya Tangerang,Minimarket,Jabodetabek,Tangerang,SR-JKT-03,Citra,0.0143,Low,78.8280,1.1237,5,,,,"Account review: large account, no single warning sign"
,,OUT-10157,Toko Grosir Sejahtera,Grosir,Jawa Barat,Tasikmalaya,SR-JBR-06,Bayu,0.0015,Low,737.9920,1.1216,13,,,,"Account review: large account, no single warning sign"
,,OUT-11246,Mini Market Rukun Depok,Minimarket,Jabodetabek,Depok,SR-JKT-14,Nanda,0.0112,Low,99.6680,1.1208,10,No order for 10 days,Only 7 orders in 90 days (typical healthy: 10),,Call this week to confirm next order; check shelf stock
,,OUT-10622,Grosir Berkah Semarang,Grosir,Jawa Tengah,Semarang,SR-JTG-09,Fajar,0.0030,Low,370.5360,1.1205,0,,,,"Account review: large account, no single warning sign"
,,OUT-11119,Swalayan Bahagia Barat,Supermarket,Jabodetabek,Jakarta Barat,SR-JKT-05,Eko,0.0009,Low,1209.2000,1.1185,0,,,,"Account review: large account, no single warning sign"
,,OUT-12077,Toko Pelita Makassar,Warung,Sulawesi Selatan,Makassar,SR-SLS-04,Irma,0.1537,Medium,7.2640,1.1166,40,No order for 40 days,Only 3 orders in 90 days (typical healthy: 10),Only 5 SKUs per order (typical healthy: 10),Call this week to confirm next order; check shelf stock
,,OUT-10830,Grosir Bahagia Tangerang,Grosir,Jabodetabek,Tangerang,SR-JKT-09,Indra,0.0021,Low,534.4720,1.1148,8,,,,"Account review: large account, no single warning sign"
,,OUT-11821,Warung Segar Jaya 5,Warung,Sulawesi Selatan,Maros,SR-SLS-02,Fitri,0.1078,Low,10.2920,1.1097,29,No order for 29 days,Only 4 orders in 90 days (typical healthy: 10),Only 7 SKUs per order (typical healthy: 10),Call this week to confirm next order; check shelf stock
,,OUT-11459,Warung Setia Kawan Makassar 4,Warung,Sulawesi Selatan,Makassar,SR-SLS-05,Rina,0.0824,Low,13.3920,1.1041,29,No order for 29 days,Only 4 SKUs per order (typical healthy: 10),Only 6 orders in 90 days (typical healthy: 10),Call this week to confirm next order; check shelf stock
,,OUT-12223,Toko Harapan Baru Cimahi,Minimarket,Jawa Barat,Cimahi,SR-JBR-08,Fitri,0.0137,Low,80.5840,1.1039,4,No rep visit for 72 days,,,Book a rep visit within 7 days
,,OUT-12161,Mini Market Bahagia Cimahi,Minimarket,Jawa Barat,Cimahi,SR-JBR-10,Irma,0.0095,Low,116.6160,1.1023,3,,,,"Account review: large account, no single warning sign"
,,OUT-10896,UD Lancar 7,Grosir,Sumatera Utara,Medan,SR-SMU-01,Sari,0.0026,Low,423.1280,1.0986,1,,,,"Account review: large account, no single warning sign"
,,OUT-11968,Toko Mulia Pematangsiantar 4,Warung,Sumatera Utara,Pematangsiantar,SR-SMU-04,Yoga,0.2020,Medium,5.4200,1.0948,11,Only 3 orders in 90 days (typical healthy: 10),Only 4 SKUs per order (typical healthy: 10),No order for 11 days,Call this week to confirm next order; check shelf stock
,,OUT-12493,Warung Makmur Timur,Warung,Jabodetabek,Jakarta Timur,SR-JKT-16,Rizky,0.0992,Low,10.9640,1.0872,22,No order for 22 days,Only 4 orders in 90 days (typical healthy: 10),Only 6 SKUs per order (typical healthy: 10),Call this week to confirm next order; check shelf stock
,,OUT-11346,Supermarket Damai Semarang,Supermarket,Jawa Tengah,Semarang,SR-JTG-08,Eko,0.0006,Low,1896.5640,1.0849,0,,,,"Account review: large account, no single warning sign"
,,OUT-10031,Toko Maju Jaya,Warung,Jawa Timur,Malang,SR-JTM-02,Hendra,0.2767,Medium,3.9040,1.0803,12,Only 2 SKUs per order (typical healthy: 10),Only 3 orders in 90 days (typical healthy: 10),Pays 19 days late on average,Range review on visit: check for competitor SKUs on shelf
,,OUT-12088,Toko Karya Mandiri Tasikmalaya,Minimarket,Jawa Barat,Tasikmalaya,SR-JBR-09,Hadi,0.0074,Low,146.5440,1.0775,7,,,,"Account review: large account, no single warning sign"
,,OUT-12411,Warung Barokah Surabaya,Warung,Jawa Timur,Surabaya,SR-JTM-04,Joko,0.1409,Low,7.6240,1.0743,6,Only 2 SKUs per order (typical healthy: 10),Only 3 orders in 90 days (typical healthy: 10),No rep visit on record,Range review on visit: check for competitor SKUs on shelf
,,OUT-11638,Toko Grosir Damai Maros,Grosir,Sulawesi Selatan,Maros,SR-SLS-02,Fitri,0.0014,Low,792.6880,1.0734,1,,,,"Account review: large account, no single warning sign"
,,OUT-10764,Mini Market Sentosa 3,Minimarket,Jabodetabek,Bekasi,SR-JKT-06,Fajar,0.0119,Low,90.3040,1.0706,1,Only 6 orders in 90 days (typical healthy: 10),,,Call this week to confirm next order; check shelf stock
,,OUT-11622,Toko Setia Kawan Pekalongan,Warung,Jawa Tengah,Pekalongan,SR-JTG-01,Teguh,0.1711,Medium,6.2480,1.0687,21,Only 3 orders in 90 days (typical healthy: 10),Only 3 SKUs per order (typical healthy: 10),No order for 21 days,Call this week to confirm next order; check shelf stock
,,OUT-10196,Mini Market Mitra Usaha Timur 4,Minimarket,Jabodetabek,Jakarta Timur,SR-JKT-02,Budi,0.0087,Low,123.0440,1.0682,0,Pays 14 days late on average,,,Agree a payment plan with Finance before pushing new stock
,,OUT-12269,Mini Market Sejahtera Gresik,Minimarket,Jawa Timur,Gresik,SR-JTM-07,Maya,0.0493,Low,21.5840,1.0648,1,Only 3 orders in 90 days (typical healthy: 10),Pays 10 days late on average,Only 8 SKUs per order (typical healthy: 10),Call this week to confirm next order; check shelf stock
,,OUT-10225,Supermarket Sumber Rezeki,Supermarket,Jawa Barat,Karawang,SR-JBR-11,Rina,0.0006,Low,1926.8240,1.0600,1,,,,"Account review: large account, no single warning sign"
,,OUT-11432,Toko Rukun Magelang,Warung,Jawa Tengah,Magelang,SR-JTG-05,Budi,0.0419,Low,25.0960,1.0524,18,Only 4 SKUs per order (typical healthy: 10),No order for 18 days,Pays 6 days late on average,Range review on visit: check for competitor SKUs on shelf
,,OUT-10990,Warung Sinar Abadi Kediri 7,Warung,Jawa Timur,Kediri,SR-JTM-08,Nanda,0.0381,Low,27.5680,1.0510,11,Only 4 SKUs per order (typical healthy: 10),No order for 11 days,Jawa Timur: regional churn running high,Range review on visit: check for competitor SKUs on shelf
,,OUT-10035,Mini Market Setia Kawan,Minimarket,Jawa Barat,Tasikmalaya,SR-JBR-11,Rina,0.0098,Low,106.8200,1.0510,2,,,,"Account review: large account, no single warning sign"
,,OUT-11315,Warung Damai Tangerang,Warung,Jabodetabek,Tangerang,SR-JKT-12,Lukman,0.0443,Low,23.7320,1.0504,17,Only 6 SKUs per order (typical healthy: 10),No order for 17 days,Only 6 orders in 90 days (typical healthy: 10),Range review on visit: check for competitor SKUs on shelf
,,OUT-10168,Mini Market Bahagia Sidoarjo 7,Minimarket,Jawa Timur,Sidoarjo,SR-JTM-07,Maya,0.0056,Low,186.6800,1.0489,1,,,,"Account review: large account, no single warning sign"
,,OUT-10722,Toko Mitra Usaha Karawang,Warung,Jawa Barat,Karawang,SR-JBR-06,Bayu,0.0362,Low,28.9560,1.0482,23,No order for 23 days,Only 6 SKUs per order (typical healthy: 10),No rep visit for 58 days,Call this week to confirm next order; check shelf stock
,,OUT-10255,Toko Grosir Indah Timur,Grosir,Jabodetabek,Jakarta Timur,SR-JKT-01,Andi,0.0013,Low,831.7280,1.0407,3,,,,"Account review: large account, no single warning sign"
,,OUT-10763,Mini Market Tunas Baru 6,Minimarket,Jabodetabek,Tangerang,SR-JKT-09,Indra,0.0110,Low,94.7960,1.0404,3,,,,"Account review: large account, no single warning sign"
,,OUT-10233,Toko Maju Jaya Maros,Minimarket,Sulawesi Selatan,Maros,SR-SLS-04,Irma,0.0125,Low,83.3160,1.0383,5,Only 6 orders in 90 days (typical healthy: 10),,,Call this week to confirm next order; check shelf stock
,,OUT-11780,Warung Subur Tasikmalaya,Warung,Jawa Barat,Tasikmalaya,SR-JBR-02,Taufik,0.0397,Low,26.0400,1.0343,10,Only 5 SKUs per order (typical healthy: 10),No order for 10 days,Pays 7 days late on average,Range review on visit: check for competitor SKUs on shelf
,,OUT-11728,Grosir Mekar Sari Binjai,Grosir,Sumatera Utara,Binjai,SR-SMU-05,Agus,0.0019,Low,555.1160,1.0278,1,,,,"Account review: large account, no single warning sign"
,,OUT-11417,Warung Indah Magelang,Warung,Jawa Tengah,Magelang,SR-JTG-05,Budi,0.3604,High,2.8480,1.0265,32,Only 1 orders in 90 days (typical healthy: 10),No order for 32 days,Only 6 SKUs per order (typical healthy: 10),Call this week to confirm next order; check shelf stock
,,OUT-10419,Toko Segar Jaya Tangerang 3,Warung,Jabodetabek,Tangerang,SR-JKT-16,Rizky,0.1095,Low,9.3560,1.0240,10,Only 3 SKUs per order (typical healthy: 10),Only 4 orders in 90 days (typical healthy: 10),No order for 10 days,Range review on visit: check for competitor SKUs on shelf
,,OUT-11215,Warung Berkah Depok,Warung,Jabodetabek,Depok,SR-JKT-09,Indra,0.0580,Low,17.6320,1.0226,19,Only 5 SKUs per order (typical healthy: 10),No order for 19 days,Only 6 orders in 90 days (typical healthy: 10),Range review on visit: check for competitor SKUs on shelf
,,OUT-10628,Warung Makmur Timur 4,Warung,Jabodetabek,Jakarta Timur,SR-JKT-11,Kartika,0.0372,Low,27.4200,1.0206,14,No order for 14 days,Only 7 SKUs per order (typical healthy: 10),Only 7 orders in 90 days (typical healthy: 10),Call this week to confirm next order; check shelf stock
,,OUT-10213,Toko Grosir Murah Meriah 4,Grosir,Jabodetabek,Jakarta Barat,SR-JKT-05,Eko,0.0011,Low,956.8520,1.0196,0,,,,"Account review: large account, no single warning sign"
,,OUT-10093,UD Makmur,Grosir,Jawa Barat,Bandung,SR-JBR-07,Dimas,0.0013,Low,755.7920,1.0135,0,,,,"Account review: large account, no single warning sign"
,,OUT-10154,Warung Mitra Usaha Magelang 8,Warung,Jawa Tengah,Magelang,SR-JTG-05,Budi,0.0731,Low,13.8640,1.0133,19,Only 4 SKUs per order (typical healthy: 10),No order for 19 days,Only 6 orders in 90 days (typical healthy: 10),Range review on visit: check for competitor SKUs on shelf
,,OUT-12306,Toko Harapan Baru Tasikmalaya 2,Minimarket,Jawa Barat,Tasikmalaya,SR-JBR-05,Agus,0.0074,Low,136.9560,1.0120,10,,,,"Account review: large account, no single warning sign"
,,OUT-10752,Warung Lancar Bandung,Warung,Jawa Barat,Bandung,SR-JBR-06,Bayu,0.0635,Low,15.8440,1.0067,15,Only 4 SKUs per order (typical healthy: 10),No order for 15 days,Only 6 orders in 90 days (typical healthy: 10),Range review on visit: check for competitor SKUs on shelf
,,OUT-11494,Toko Maju Jaya Surabaya 1,Warung,Jawa Timur,Surabaya,SR-JTM-03,Indra,0.0268,Low,37.5760,1.0063,4,Only 5 SKUs per order (typical healthy: 10),Jawa Timur: regional churn running high,No rep visit for 32 days,Range review on visit: check for competitor SKUs on shelf
,,OUT-12005,Toko Grosir Murah Meriah,Grosir,Jabodetabek,Jakarta Timur,SR-JKT-03,Citra,0.0015,Low,666.4280,1.0062,0,,,,"Account review: large account, no single warning sign"
,,OUT-12534,Toko Lancar 1,Minimarket,Jabodetabek,Jakarta Timur,SR-JKT-10,Joko,0.0212,Low,47.4200,1.0054,7,Only 4 orders in 90 days (typical healthy: 10),No order for 7 days,Revenue -72% vs prior 90 days,Call this week to confirm next order; check shelf stock
,,OUT-12294,Warung Mitra Usaha Karawang,Warung,Jawa Barat,Karawang,SR-JBR-07,Dimas,0.0500,Low,19.9960,0.9992,15,Only 5 SKUs per order (typical healthy: 10),No order for 15 days,Only 7 orders in 90 days (typical healthy: 10),Range review on visit: check for competitor SKUs on shelf
,,OUT-11316,Toko Damai Malang,Warung,Jawa Timur,Malang,SR-JTM-09,Putri,0.0812,Low,12.2880,0.9974,7,Only 6 SKUs per order (typical healthy: 10),Only 5 orders in 90 days (typical healthy: 10),No rep visit on record,Range review on visit: check for competitor SKUs on shelf
,,OUT-12545,Warung Indah Pekalongan,Warung,Jawa Tengah,Pekalongan,SR-JTG-08,Eko,0.0407,Low,24.4400,0.9951,8,Only 5 SKUs per order (typical healthy: 10),Only 7 orders in 90 days (typical healthy: 10),No rep visit for 78 days,Range review on visit: check for competitor SKUs on shelf
,,OUT-11435,Warung Sentosa Bogor,Warung,Jabodetabek,Bogor,SR-JKT-02,Budi,0.0812,Low,12.2320,0.9933,11,Only 4 SKUs per order (typical healthy: 10),Only 6 orders in 90 days (typical healthy: 10),No order for 11 days,Range review on visit: check for competitor SKUs on shelf
,,OUT-10430,Toko Tunas Baru Kediri 6,Warung,Jawa Timur,Kediri,SR-JTM-10,Rizky,0.0606,Low,16.3520,0.9902,2,Only 4 SKUs per order (typical healthy: 10),Only 5 orders in 90 days (typical healthy: 10),No rep visit for 283 days,Range review on visit: check for competitor SKUs on shelf
,,OUT-11568,Warung Setia Kawan Bekasi,Warung,Jabodetabek,Bekasi,SR-JKT-11,Kartika,0.0943,Low,10.4840,0.9886,10,Only 4 SKUs per order (typical healthy: 10),Only 4 orders in 90 days (typical healthy: 10),No order for 10 days,Range review on visit: check for competitor SKUs on shelf
,,OUT-11576,Mini Market Mekar Sari Bekasi,Minimarket,Jabodetabek,Bekasi,SR-JKT-04,Dewi,0.0052,Low,191.5840,0.9880,6,,,,"Account review: large account, no single warning sign"
,,OUT-11570,Mini Market Cahaya Pekalongan,Minimarket,Jawa Tengah,Pekalongan,SR-JTG-02,Yudi,0.0074,Low,132.7120,0.9836,4,,,,"Account review: large account, no single warning sign"
,,OUT-10045,Toko Segar Jaya,Warung,Sumatera Utara,Unknown,SR-SMU-04,Yoga,0.1093,Low,8.9920,0.9832,28,No order for 28 days,Only 4 orders in 90 days (typical healthy: 10),Only 6 SKUs per order (typical healthy: 10),Call this week to confirm next order; check shelf stock
,,OUT-12571,Toko Grosir Sentosa Depok 4,Grosir,Jabodetabek,Depok,SR-JKT-11,Kartika,0.0012,Low,842.5560,0.9819,0,,,,"Account review: large account, no single warning sign"
,,OUT-10142,UD Karya Mandiri Purwokerto,Grosir,Jawa Tengah,Unknown,SR-JTG-06,Citra,0.0013,Low,778.1640,0.9814,4,,,,"Account review: large account, no single warning sign"
,,OUT-11535,Mini Market Setia Kawan Barat,Minimarket,Jabodetabek,Jakarta Barat,SR-JKT-14,Nanda,0.0052,Low,186.8600,0.9806,8,,,,"Account review: large account, no single warning sign"
,,OUT-12431,Warung Sentosa Serdang,Warung,Sumatera Utara,Deli Serdang,SR-SMU-04,Yoga,0.1894,Medium,5.1600,0.9771,38,Only 2 orders in 90 days (typical healthy: 10),No order for 38 days,Only 5 SKUs per order (typical healthy: 10),Call this week to confirm next order; check shelf stock
,,OUT-10028,Warung Maju Jaya,Warung,Jabodetabek,Bogor,SR-JKT-03,Citra,0.0569,Low,17.0560,0.9701,14,Only 6 SKUs per order (typical healthy: 10),No order for 14 days,Only 7 orders in 90 days (typical healthy: 10),Range review on visit: check for competitor SKUs on shelf
,,OUT-10558,Warung Indah Magelang 2,Warung,Jawa Tengah,Magelang,SR-JTG-05,Budi,0.0280,Low,34.6240,0.9700,20,No order for 20 days,Only 6 SKUs per order (typical healthy: 10),No rep visit for 66 days,Call this week to confirm next order; check shelf stock
,,OUT-10125,Warung Murah Meriah,Warung,Jabodetabek,Bekasi,SR-JKT-11,Kartika,0.0548,Low,17.6680,0.9681,13,Only 4 SKUs per order (typical healthy: 10),No order for 13 days,Only 6 orders in 90 days (typical healthy: 10),Range review on visit: check for competitor SKUs on shelf
,,OUT-10949,Toko Barokah 1,Warung,Sumatera Utara,Medan,SR-SMU-01,Sari,0.2282,Medium,4.2400,0.9677,22,Only 3 orders in 90 days (typical healthy: 10),Only 4 SKUs per order (typical healthy: 10),No order for 22 days,Call this week to confirm next order; check shelf stock
,,OUT-10684,Warung Sinar Abadi Cirebon,Warung,Jawa Barat,Cirebon,SR-JBR-07,Dimas,0.2762,Medium,3.4880,0.9634,40,Only 2 orders in 90 days (typical healthy: 10),No order for 40 days,Only 6 SKUs per order (typical healthy: 10),Call this week to confirm next order; check shelf stock
,,OUT-11214,Toko Bahagia 4,Warung,Jawa Barat,Tasikmalaya,SR-JBR-07,Dimas,0.0315,Low,30.5240,0.9624,13,Only 5 SKUs per order (typical healthy: 10),No order for 13 days,No rep visit for 174 days,Range review on visit: check for competitor SKUs on shelf
,,OUT-10313,Mini Market Mulia,Minimarket,Jabodetabek,Tangerang,SR-JKT-13,Maya,0.0094,Low,101.8200,0.9621,4,,,,"Account review: large account, no single warning sign"
,,OUT-10140,Mini Market Sumber Rezeki Bekasi,Minimarket,Jabodetabek,Bekasi,SR-JKT-07,Gita,0.0125,Low,76.6760,0.9612,4,,,,"Account review: large account, no single warning sign"
,,OUT-11708,Warung Bahagia Cimahi 2,Warung,Jawa Barat,Cimahi,SR-JBR-04,Yoga,0.0454,Low,21.1440,0.9609,41,No order for 41 days,Only 5 SKUs per order (typical healthy: 10),Only 7 orders in 90 days (typical healthy: 10),Call this week to confirm next order; check shelf stock
,,OUT-10620,Toko Mulia Tangerang,Warung,Jabodetabek,Tangerang,SR-JKT-10,Joko,0.0497,Low,19.3400,0.9603,11,Only 5 SKUs per order (typical healthy: 10),No order for 11 days,Only 7 orders in 90 days (typical healthy: 10),Range review on visit: check for competitor SKUs on shelf
,,OUT-11585,Supermarket Tunas Baru Pekalongan,Supermarket,Jawa Tengah,Pekalongan,SR-JTG-09,Fajar,0.0006,Low,1582.6800,0.9599,2,,,,"Account review: large account, no single warning sign"
,,OUT-10415,Toko Bintang Timur,Warung,Jabodetabek,Jakarta Barat,SR-JKT-04,Dewi,0.0487,Low,19.6320,0.9569,8,Only 6 SKUs per order (typical healthy: 10),Only 6 orders in 90 days (typical healthy: 10),Pays 8 days late on average,Range review on visit: check for competitor SKUs on shelf
,,OUT-11677,Toko Mulia Kediri,Warung,Jawa Timur,Kediri,SR-JTM-02,Hendra,0.1598,Medium,5.9640,0.9529,6,Only 2 orders in 90 days (typical healthy: 10),Only 4 SKUs per order (typical healthy: 10),Pays 6 days late on average,Call this week to confirm next order; check shelf stock
,,OUT-10580,Mini Market Indah Tasikmalaya 7,Minimarket,Jawa Barat,Tasikmalaya,SR-JBR-02,Taufik,0.0108,Low,87.8880,0.9497,1,Pays 11 days late on average,,,Agree a payment plan with Finance before pushing new stock
,,OUT-11253,Toko Harapan Baru Bekasi,Warung,Jabodetabek,Bekasi,SR-JKT-02,Budi,0.0761,Low,12.4800,0.9493,3,Only 3 SKUs per order (typical healthy: 10),Only 5 orders in 90 days (typical healthy: 10),Pays 7 days late on average,Range review on visit: check for competitor SKUs on shelf
,,OUT-11471,Warung Barokah Makassar,Warung,Sulawesi Selatan,Makassar,SR-SLS-01,Dimas,0.0444,Low,21.3640,0.9479,9,Only 4 SKUs per order (typical healthy: 10),No order for 9 days,1 complaint(s) in 90 days,Range review on visit: check for competitor SKUs on shelf
,,OUT-10051,Swalayan Setia Kawan Depok,Supermarket,Jabodetabek,Depok,SR-JKT-01,Andi,0.0006,Low,1530.2840,0.9466,0,,,,"Account review: large account, no single warning sign"
,,OUT-11100,Toko Sentosa 6,Warung,Jabodetabek,Bogor,SR-JKT-07,Gita,0.0488,Low,19.3440,0.9445,24,No order for 24 days,Only 6 SKUs per order (typical healthy: 10),Only 6 orders in 90 days (typical healthy: 10),Call this week to confirm next order; check shelf stock
,,OUT-10038,Warung Makmur Solo,Warung,Jawa Tengah,Solo,SR-JTG-05,Budi,0.0604,Low,15.6120,0.9437,17,No order for 17 days,Only 6 SKUs per order (typical healthy: 10),Only 6 orders in 90 days (typical healthy: 10),Call this week to confirm next order; check shelf stock
,,OUT-11547,Toko Sumber Rezeki Bekasi,Warung,Jabodetabek,Bekasi,SR-JKT-15,Putri,0.0663,Low,14.1520,0.9381,40,No order for 40 days,Only 5 orders in 90 days (typical healthy: 10),Only 7 SKUs per order (typical healthy: 10),Call this week to confirm next order; check shelf stock
,,OUT-12407,Grosir Harapan Baru Semarang,Grosir,Jawa Tengah,Semarang,SR-JTG-01,Teguh,0.0012,Low,807.7320,0.9377,0,,,,"Account review: large account, no single warning sign"
,,OUT-12030,Warung Cahaya Solo,Warung,Jawa Tengah,Solo,SR-JTG-07,Dewi,0.0371,Low,25.2000,0.9361,4,Only 3 SKUs per order (typical healthy: 10),Pays 6 days late on average,Only 8 orders in 90 days (typical healthy: 10),Range review on visit: check for competitor SKUs on shelf
,,OUT-12582,Warung Sumber Rezeki Binjai,Warung,Sumatera Utara,Binjai,SR-SMU-06,Bayu,0.0337,Low,27.6240,0.9321,17,No order for 17 days,Only 6 SKUs per order (typical healthy: 10),Pays 6 days late on average,Call this week to confirm next order; check shelf stock
,,OUT-12047,Swalayan Maju Jaya Bandung 1,Supermarket,Jawa Barat,Bandung,SR-JBR-02,Taufik,0.0008,Low,1142.1840,0.9318,0,,,,"Account review: large account, no single warning sign"
,,OUT-11231,Toko Maju Jaya Tangerang,Minimarket,Jabodetabek,Tangerang,SR-JKT-04,Dewi,0.0045,Low,208.8880,0.9316,5,,,,"Account review: large account, no single warning sign"
,,OUT-11887,Grosir Cahaya Bekasi 7,Grosir,Jabodetabek,Bekasi,SR-JKT-05,Eko,0.0008,Low,1196.7560,0.9302,2,,,,"Account review: large account, no single warning sign"
,,OUT-11368,Toko Sejahtera Bogor,Warung,Jabodetabek,Bogor,SR-JKT-04,Dewi,0.0621,Low,14.9240,0.9265,16,Only 5 SKUs per order (typical healthy: 10),No order for 16 days,Only 7 orders in 90 days (typical healthy: 10),Range review on visit: check for competitor SKUs on shelf
,,OUT-12408,Mini Market Subur Cirebon,Minimarket,Jawa Barat,Cirebon,SR-JBR-04,Yoga,0.0057,Low,163.3040,0.9259,1,,,,"Account review: large account, no single warning sign"
,,OUT-11849,Toko Mekar Sari Karawang,Minimarket,Jawa Barat,Karawang,SR-JBR-08,Fitri,0.0125,Low,73.5560,0.9211,3,,,,"Account review: large account, no single warning sign"
,,OUT-11479,Toko Lancar Purwokerto,Warung,Jawa Tengah,Purwokerto,SR-JTG-03,Lestari,0.0523,Low,17.5800,0.9201,16,Only 4 SKUs per order (typical healthy: 10),No order for 16 days,Only 5 orders in 90 days (typical healthy: 10),Range review on visit: check for competitor SKUs on shelf
,,OUT-11806,Mini Market Karya Mandiri Gresik 8,Minimarket,Jawa Timur,Gresik,SR-JTM-08,Nanda,0.0064,Low,144.4120,0.9197,0,,,,"Account review: large account, no single warning sign"
,,OUT-10818,Grosir Harapan Baru Magelang,Grosir,Jawa Tengah,Magelang,SR-JTG-04,Andi,0.0015,Low,628.9760,0.9172,5,,,,"Account review: large account, no single warning sign"
,,OUT-11392,Warung Anugerah Serdang,Warung,Sumatera Utara,Deli Serdang,SR-SMU-03,Wulan,0.0488,Low,18.7800,0.9165,18,No order for 18 days,Only 6 SKUs per order (typical healthy: 10),Only 6 orders in 90 days (typical healthy: 10),Call this week to confirm next order; check shelf stock
,,OUT-11758,Warung Pelita Makassar,Warung,Sulawesi Selatan,Makassar,SR-SLS-02,Fitri,0.1919,Medium,4.7720,0.9157,21,Only 3 orders in 90 days (typical healthy: 10),Only 4 SKUs per order (typical healthy: 10),No order for 21 days,Call this week to confirm next order; check shelf stock
,,OUT-10707,Toko Damai 4,Warung,Jawa Timur,Kediri,SR-JTM-03,Indra,0.0602,Low,15.1600,0.9127,10,Only 6 SKUs per order (typical healthy: 10),Only 6 orders in 90 days (typical healthy: 10),No order for 10 days,Range review on visit: check for competitor SKUs on shelf
,,OUT-12420,Toko Subur Makassar 5,Warung,Sulawesi Selatan,Makassar,SR-SLS-05,Rina,0.0368,Low,24.7200,0.9089,4,Only 4 SKUs per order (typical healthy: 10),Only 6 orders in 90 days (typical healthy: 10),Pays 7 days late on average,Range review on visit: check for competitor SKUs on shelf
,,OUT-10165,Warung Murah Meriah Purwokerto 5,Warung,Jawa Tengah,Purwokerto,SR-JTG-01,Teguh,0.0265,Low,34.2080,0.9065,18,No order for 18 days,Only 6 SKUs per order (typical healthy: 10),Only 8 orders in 90 days (typical healthy: 10),Call this week to confirm next order; check shelf stock
,,OUT-11291,Warung Bahagia Bandung,Warung,Jawa Barat,Bandung,SR-JBR-09,Hadi,0.0574,Low,15.7400,0.9038,10,Only 6 SKUs per order (typical healthy: 10),Only 6 orders in 90 days (typical healthy: 10),No rep visit for 235 days,Range review on visit: check for competitor SKUs on shelf
,,OUT-12474,Toko Karya Mandiri Magelang 3,Minimarket,Jawa Tengah,Magelang,SR-JTG-02,Yudi,0.0072,Low,125.5240,0.9016,7,,,,"Account review: large account, no single warning sign"
,,OUT-10097,Grosir Berkah,Grosir,Jawa Barat,Cirebon,SR-JBR-09,Hadi,0.0011,Low,826.2040,0.9013,0,,,,"Account review: large account, no single warning sign"
,,OUT-10944,Warung Indah Karawang,Warung,Jawa Barat,Karawang,SR-JBR-08,Fitri,0.0258,Low,34.8480,0.8997,6,Only 4 SKUs per order (typical healthy: 10),No rep visit for 57 days,1 rep visits in 60 days,Range review on visit: check for competitor SKUs on shelf
,,OUT-10273,Toko Damai Timur 7,Warung,Jabodetabek,Jakarta Timur,SR-JKT-01,Andi,0.0540,Low,16.6400,0.8992,7,Only 6 SKUs per order (typical healthy: 10),Only 6 orders in 90 days (typical healthy: 10),No rep visit for 54 days,Range review on visit: check for competitor SKUs on shelf
,,OUT-10262,Mini Market Murah Meriah,Minimarket,Sumatera Utara,Deli Serdang,SR-SMU-05,Agus,0.0164,Low,54.7880,0.8984,6,Pays 6 days late on average,Only 8 orders in 90 days (typical healthy: 10),,Agree a payment plan with Finance before pushing new stock
,,OUT-11775,Mini Market Bahagia Surabaya,Minimarket,Jawa Timur,Surabaya,SR-JTM-03,Indra,0.0223,Low,40.2200,0.8980,1,Only 5 orders in 90 days (typical healthy: 10),2 complaint(s) in 90 days,Jawa Timur: regional churn running high,Call this week to confirm next order; check shelf stock
,,OUT-11678,UD Barokah Cimahi 7,Grosir,Jawa Barat,Cimahi,SR-JBR-05,Agus,0.0033,Low,269.8760,0.8979,0,,,,"Account review: large account, no single warning sign"
,,OUT-12549,Swalayan Tunas Baru Cirebon,Supermarket,Jawa Barat,Cirebon,SR-JBR-04,Yoga,0.0005,Low,1978.2080,0.8963,0,,,,"Account review: large account, no single warning sign"
,,OUT-10516,Toko Bintang Timur 4,Minimarket,Jabodetabek,Tangerang,SR-JKT-03,Citra,0.0139,Low,64.1520,0.8942,3,Only 7 orders in 90 days (typical healthy: 10),,,Call this week to confirm next order; check shelf stock
,,OUT-10206,Toko Berkah Depok,Warung,Jabodetabek,Depok,SR-JKT-12,Lukman,0.0489,Low,18.2680,0.8925,18,Only 5 SKUs per order (typical healthy: 10),No order for 18 days,Only 6 orders in 90 days (typical healthy: 10),Range review on visit: check for competitor SKUs on shelf
,,OUT-11226,Mini Market Mulia 8,Minimarket,Sumatera Utara,Pematangsiantar,SR-SMU-03,Wulan,0.0040,Low,220.9680,0.8921,5,,,,"Account review: large account, no single warning sign"
,,OUT-10665,Warung Berkah Karawang,Warung,Jawa Barat,Karawang,SR-JBR-10,Irma,0.0456,Low,19.4960,0.8895,31,No order for 31 days,Only 6 SKUs per order (typical healthy: 10),Only 7 orders in 90 days (typical healthy: 10),Call this week to confirm next order; check shelf stock
,,OUT-10811,Toko Sumber Rezeki Bekasi 3,Minimarket,Jabodetabek,Bekasi,SR-JKT-07,Gita,0.0052,Low,171.6080,0.8868,10,,,,"Account review: large account, no single warning sign"
,,OUT-10743,Toko Makmur Serdang,Warung,Sumatera Utara,Deli Serdang,SR-SMU-01,Sari,0.0478,Low,18.4480,0.8814,10,Only 4 SKUs per order (typical healthy: 10),No order for 10 days,Only 7 orders in 90 days (typical healthy: 10),Range review on visit: check for competitor SKUs on shelf
,,OUT-10303,Toko Mitra Usaha,Warung,Jawa Tengah,Magelang,SR-JTG-03,Lestari,0.0393,Low,22.3920,0.8807,8,Only 3 SKUs per order (typical healthy: 10),Pays 7 days late on average,No order for 8 days,Range review on visit: check for competitor SKUs on shelf
,,OUT-11511,Warung Mulia Timur,Warung,Jabodetabek,Jakarta Timur,SR-JKT-16,Rizky,0.0502,Low,17.5080,0.8793,10,Only 4 SKUs per order (typical healthy: 10),Only 6 orders in 90 days (typical healthy: 10),No order for 10 days,Range review on visit: check for competitor SKUs on shelf
,,OUT-11332,Toko Harapan Baru Solo,Minimarket,Jawa Tengah,Solo,SR-JTG-05,Budi,0.0051,Low,172.8840,0.8788,8,,,,"Account review: large account, no single warning sign"
,,OUT-12045,Warung Lancar 8,Warung,Sulawesi Selatan,Gowa,SR-SLS-01,Dimas,0.0670,Low,13.0840,0.8765,32,No order for 32 days,Only 4 orders in 90 days (typical healthy: 10),Only 6 SKUs per order (typical healthy: 10),Call this week to confirm next order; check shelf stock
,,OUT-11870,Toko Indah Binjai 5,Warung,Sumatera Utara,Binjai,SR-SMU-06,Bayu,0.0823,Low,10.6280,0.8748,25,No order for 25 days,Only 4 orders in 90 days (typical healthy: 10),Only 6 SKUs per order (typical healthy: 10),Call this week to confirm next order; check shelf stock
,,OUT-10179,Toko Cahaya Pematangsiantar 3,Warung,Sumatera Utara,Pematangsiantar,SR-SMU-05,Agus,0.0742,Low,11.7800,0.8744,25,No order for 25 days,Only 4 SKUs per order (typical healthy: 10),Only 6 orders in 90 days (typical healthy: 10),Call this week to confirm next order; check shelf stock
,,OUT-11762,Mini Market Makmur Timur,Minimarket,Jabodetabek,Jakarta Timur,SR-JKT-01,Andi,0.0063,Low,138.8400,0.8710,3,,,,"Account review: large account, no single warning sign"
,,OUT-11131,Supermarket Subur Maros,Supermarket,Sulawesi Selatan,Maros,SR-SLS-04,Irma,0.0004,Low,1967.9480,0.8700,2,,,,"Account review: large account, no single warning sign"
,,OUT-12463,Toko Sejahtera Tangerang,Warung,Jabodetabek,Tangerang,SR-JKT-07,Gita,0.0350,Low,24.7520,0.8661,22,No order for 22 days,Only 5 SKUs per order (typical healthy: 10),Only 5 orders in 90 days (typical healthy: 10),Call this week to confirm next order; check shelf stock
,,OUT-10781,Warung Anugerah Bekasi,Warung,Jabodetabek,Bekasi,SR-JKT-10,Joko,0.0625,Low,13.8480,0.8659,18,Only 5 SKUs per order (typical healthy: 10),No order for 18 days,Only 5 orders in 90 days (typical healthy: 10),Range review on visit: check for competitor SKUs on shelf
,,OUT-10032,Toko Tunas Baru,Minimarket,Sulawesi Selatan,Gowa,SR-SLS-02,Fitri,0.0069,Low,125.9280,0.8644,4,,,,"Account review: large account, no single warning sign"
,,OUT-11232,Mini Market Karya Mandiri Pekalongan 5,Minimarket,Jawa Tengah,Pekalongan,SR-JTG-09,Fajar,0.0083,Low,103.6040,0.8627,1,,,,"Account review: large account, no single warning sign"
,,OUT-11754,Toko Bintang Timur Kediri,Warung,Jawa Timur,Kediri,SR-JTM-08,Nanda,0.0396,Low,21.6760,0.8593,14,Only 5 SKUs per order (typical healthy: 10),No order for 14 days,Jawa Timur: regional churn running high,Range review on visit: check for competitor SKUs on shelf
,,OUT-10307,Swalayan Mekar Sari,Supermarket,Jawa Barat,Tasikmalaya,SR-JBR-07,Dimas,0.0005,Low,1689.4320,0.8590,1,,,,"Account review: large account, no single warning sign"
,,OUT-11840,Warung Lancar Surabaya,Warung,Jawa Timur,Surabaya,SR-JTM-10,Rizky,0.0567,Low,15.1200,0.8579,9,Only 4 SKUs per order (typical healthy: 10),Only 5 orders in 90 days (typical healthy: 10),No order for 9 days,Range review on visit: check for competitor SKUs on shelf
,,OUT-12336,Toko Harapan Baru Sidoarjo 4,Warung,Jawa Timur,Sidoarjo,SR-JTM-05,Kartika,0.5008,High,1.7080,0.8553,59,Only 1 orders in 90 days (typical healthy: 10),No order for 59 days,Only 6 SKUs per order (typical healthy: 10),Call this week to confirm next order; check shelf stock
,,OUT-11815,Toko Maju Jaya Medan,Warung,Sumatera Utara,Medan,SR-SMU-04,Yoga,0.0558,Low,15.2680,0.8527,28,No order for 28 days,Only 5 SKUs per order (typical healthy: 10),Only 5 orders in 90 days (typical healthy: 10),Call this week to confirm next order; check shelf stock
,,OUT-10551,Toko Rukun 3,Warung,Jawa Barat,Bandung,SR-JBR-06,Bayu,0.0974,Low,8.7240,0.8493,14,Only 3 orders in 90 days (typical healthy: 10),Only 6 SKUs per order (typical healthy: 10),No order for 14 days,Call this week to confirm next order; check shelf stock
,,OUT-10962,Mini Market Harapan Baru Karawang,Minimarket,Jawa Barat,Karawang,SR-JBR-06,Bayu,0.0048,Low,177.2680,0.8486,24,No order for 24 days,,,Call this week to confirm next order; check shelf stock
,,OUT-10790,Toko Mekar Sari 4,Warung,Jawa Tengah,Magelang,SR-JTG-02,Yudi,0.0349,Low,24.2440,0.8470,5,Only 5 SKUs per order (typical healthy: 10),No rep visit for 121 days,0 rep visits in 60 days,Range review on visit: check for competitor SKUs on shelf
,,OUT-12015,Toko Subur Bandung 2,Warung,Jawa Barat,Bandung,SR-JBR-09,Hadi,0.0377,Low,22.4360,0.8465,10,Only 6 SKUs per order (typical healthy: 10),No rep visit for 313 days,No order for 10 days,Range review on visit: check for competitor SKUs on shelf
,,OUT-10289,Warung Harapan Baru Purwokerto,Warung,Jawa Tengah,Purwokerto,SR-JTG-07,Dewi,0.0425,Low,19.7160,0.8379,11,Only 5 SKUs per order (typical healthy: 10),Only 6 orders in 90 days (typical healthy: 10),No order for 11 days,Range review on visit: check for competitor SKUs on shelf
,,OUT-10147,Toko Barokah Karawang,Warung,Jawa Barat,Karawang,SR-JBR-07,Dimas,0.0369,Low,22.6720,0.8362,29,No order for 29 days,Only 5 SKUs per order (typical healthy: 10),Only 8 orders in 90 days (typical healthy: 10),Call this week to confirm next order; check shelf stock
,,OUT-11752,Warung Makmur Tangerang 6,Warung,Jabodetabek,Tangerang,SR-JKT-15,Putri,0.2113,Medium,3.9440,0.8333,23,Only 2 orders in 90 days (typical healthy: 10),Only 4 SKUs per order (typical healthy: 10),No order for 23 days,Call this week to confirm next order; check shelf stock
,,OUT-11252,Toko Cahaya 4,Warung,Jabodetabek,Jakarta Barat,SR-JKT-12,Lukman,0.0587,Low,14.1840,0.8330,21,No order for 21 days,Only 4 orders in 90 days (typical healthy: 10),Only 5 SKUs per order (typical healthy: 10),Call this week to confirm next order; check shelf stock
,,OUT-10502,Toko Damai 8,Warung,Sumatera Utara,Medan,SR-SMU-04,Yoga,0.0272,Low,30.4640,0.8282,6,Only 5 SKUs per order (typical healthy: 10),1 complaint(s) in 90 days,1 rep visits in 60 days,Range review on visit: check for competitor SKUs on shelf
,,OUT-11733,Toko Anugerah Sidoarjo,Warung,Jawa Timur,Sidoarjo,SR-JTM-07,Maya,0.0432,Low,19.1520,0.8279,34,No order for 34 days,Only 7 SKUs per order (typical healthy: 10),Only 6 orders in 90 days (typical healthy: 10),Call this week to confirm next order; check shelf stock
,,OUT-11781,Toko Mekar Sari Depok,Minimarket,Jabodetabek,Depok,SR-JKT-04,Dewi,0.0061,Low,134.9280,0.8270,1,,,,"Account review: large account, no single warning sign"
,,OUT-10389,Toko Sumber Rezeki Barat 6,Warung,Jabodetabek,Jakarta Barat,SR-JKT-09,Indra,0.0288,Low,28.7560,0.8268,9,Only 8 SKUs per order (typical healthy: 10),Only 7 orders in 90 days (typical healthy: 10),No order for 9 days,Range review on visit: check for competitor SKUs on shelf
,,OUT-10394,Toko Damai Sidoarjo 8,Minimarket,Jawa Timur,Sidoarjo,SR-JTM-10,Rizky,0.0046,Low,179.6840,0.8255,0,,,,"Account review: large account, no single warning sign"
,,OUT-10893,UD Mitra Usaha Depok,Grosir,Jabodetabek,Depok,SR-JKT-09,Indra,0.0019,Low,429.2040,0.8232,1,,,,"Account review: large account, no single warning sign"
,,OUT-10260,Mini Market Karya Mandiri Solo,Minimarket,Jawa Tengah,Solo,SR-JTG-03,Lestari,0.0055,Low,147.3720,0.8171,9,,,,"Account review: large account, no single warning sign"
,,OUT-11833,Grosir Berkah Cirebon 4,Grosir,Jawa Barat,Cirebon,SR-JBR-11,Rina,0.0016,Low,499.1120,0.8168,1,,,,"Account review: large account, no single warning sign"
,,OUT-12363,Mini Market Indah 4,Minimarket,Jawa Tengah,Semarang,SR-JTG-05,Budi,0.0079,Low,103.3880,0.8159,4,,,,"Account review: large account, no single warning sign"
,,OUT-11526,Warung Bintang Timur Bekasi,Warung,Jabodetabek,Bekasi,SR-JKT-07,Gita,0.0604,Low,13.4880,0.8142,7,Only 5 SKUs per order (typical healthy: 10),Only 6 orders in 90 days (typical healthy: 10),No rep visit for 86 days,Range review on visit: check for competitor SKUs on shelf
,,OUT-10663,Toko Cahaya Bekasi,Warung,Jabodetabek,Bekasi,SR-JKT-15,Putri,0.0833,Low,9.7640,0.8131,62,No order for 62 days,Only 4 orders in 90 days (typical healthy: 10),Only 6 SKUs per order (typical healthy: 10),Call this week to confirm next order; check shelf stock
,,OUT-10163,Toko Anugerah Timur,Warung,Jabodetabek,Jakarta Timur,SR-JKT-09,Indra,0.1140,Low,7.0960,0.8091,35,No order for 35 days,Only 3 orders in 90 days (typical healthy: 10),Only 5 SKUs per order (typical healthy: 10),Call this week to confirm next order; check shelf stock
,,OUT-10836,Toko Cahaya Purwokerto 1,Minimarket,Jawa Tengah,Purwokerto,SR-JTG-05,Budi,0.0046,Low,175.0360,0.8082,1,,,,"Account review: large account, no single warning sign"
,,OUT-11295,Supermarket Bahagia Karawang 3,Supermarket,Jawa Barat,Karawang,SR-JBR-07,Dimas,0.0004,Low,2170.0960,0.8074,0,,,,"Account review: large account, no single warning sign"
,,OUT-11058,Warung Setia Kawan Bogor,Warung,Jabodetabek,Bogor,SR-JKT-11,Kartika,0.0382,Low,21.1440,0.8069,7,Only 6 SKUs per order (typical healthy: 10),Only 6 orders in 90 days (typical healthy: 10),No order for 7 days,Range review on visit: check for competitor SKUs on shelf
,,OUT-10084,Toko Setia Kawan,Minimarket,Jabodetabek,Jakarta Timur,SR-JKT-02,Budi,0.0138,Low,58.3440,0.8054,7,Only 7 orders in 90 days (typical healthy: 10),,,Call this week to confirm next order; check shelf stock
,,OUT-10411,Toko Segar Jaya 3,Warung,Jawa Timur,Sidoarjo,SR-JTM-04,Joko,0.0379,Low,21.1400,0.8014,2,Only 5 SKUs per order (typical healthy: 10),Only 6 orders in 90 days (typical healthy: 10),Jawa Timur: regional churn running high,Range review on visit: check for competitor SKUs on shelf
,,OUT-11489,Warung Makmur Serdang,Warung,Sumatera Utara,Deli Serdang,SR-SMU-03,Wulan,0.0993,Low,8.0640,0.8007,20,Only 4 SKUs per order (typical healthy: 10),Only 4 orders in 90 days (typical healthy: 10),No order for 20 days,Range review on visit: check for competitor SKUs on shelf
,,OUT-11306,Toko Bahagia Makassar 2,Minimarket,Sulawesi Selatan,Makassar,SR-SLS-04,Irma,0.0044,Low,179.6080,0.7983,5,,,,"Account review: large account, no single warning sign"
,,OUT-10458,Toko Mulia,Warung,Jawa Barat,Karawang,SR-JBR-08,Fitri,0.0405,Low,19.6720,0.7966,26,No order for 26 days,Only 5 SKUs per order (typical healthy: 10),Only 7 orders in 90 days (typical healthy: 10),Call this week to confirm next order; check shelf stock
,,OUT-11827,Toko Bintang Timur Solo,Warung,Jawa Tengah,Solo,SR-JTG-05,Budi,0.0319,Low,25.0080,0.7966,5,Only 4 SKUs per order (typical healthy: 10),2 complaint(s) in 90 days,Pays 5 days late on average,Range review on visit: check for competitor SKUs on shelf
,,OUT-10542,Toko Rukun Pekalongan,Warung,Jawa Tengah,Pekalongan,SR-JTG-06,Citra,0.0444,Low,17.8720,0.7935,4,Only 4 SKUs per order (typical healthy: 10),Pays 10 days late on average,Only 7 orders in 90 days (typical healthy: 10),Range review on visit: check for competitor SKUs on shelf
,,OUT-11249,Toko Sinar Abadi Binjai,Warung,Sumatera Utara,Binjai,SR-SMU-05,Agus,0.0366,Low,21.5800,0.7905,40,No order for 40 days,Only 7 SKUs per order (typical healthy: 10),Only 6 orders in 90 days (typical healthy: 10),Call this week to confirm next order; check shelf stock
,,OUT-11354,Grosir Murah Meriah Tasikmalaya 5,Grosir,Jawa Barat,Tasikmalaya,SR-JBR-03,Wulan,0.0013,Low,618.2720,0.7865,2,,,,"Account review: large account, no single warning sign"
,,OUT-11579,Mini Market Bintang Timur Parepare,Minimarket,Sulawesi Selatan,Parepare,SR-SLS-05,Rina,0.0067,Low,117.9520,0.7844,0,,,,"Account review: large account, no single warning sign"
,,OUT-12391,Toko Lancar Semarang,Warung,Jawa Tengah,Semarang,SR-JTG-05,Budi,0.0765,Low,10.2320,0.7823,19,Only 4 SKUs per order (typical healthy: 10),No order for 19 days,Only 6 orders in 90 days (typical healthy: 10),Range review on visit: check for competitor SKUs on shelf
,,OUT-10020,Swalayan Berkah,Supermarket,Jawa Timur,Surabaya,SR-JTM-08,Nanda,0.0004,Low,1864.7080,0.7818,1,,,,"Account review: large account, no single warning sign"
,,OUT-10506,Mini Market Maju Jaya Kediri,Minimarket,Jawa Timur,Kediri,SR-JTM-09,Putri,0.0081,Low,96.8960,0.7807,0,,,,"Account review: large account, no single warning sign"
,,OUT-12281,Toko Indah Cirebon 2,Warung,Jawa Barat,Cirebon,SR-JBR-04,Yoga,0.0448,Low,17.4000,0.7801,32,No order for 32 days,Only 7 SKUs per order (typical healthy: 10),Only 7 orders in 90 days (typical healthy: 10),Call this week to confirm next order; check shelf stock
,,OUT-10741,Toko Cahaya Barat,Warung,Jabodetabek,Jakarta Barat,SR-JKT-02,Budi,0.0382,Low,20.3560,0.7767,6,Only 3 SKUs per order (typical healthy: 10),Only 6 orders in 90 days (typical healthy: 10),1 complaint(s) in 90 days,Range review on visit: check for competitor SKUs on shelf
,,OUT-10296,Warung Murah Meriah Pematangsiantar 1,Warung,Sumatera Utara,Pematangsiantar,SR-SMU-01,Sari,0.2345,Medium,3.3080,0.7758,29,Only 1 orders in 90 days (typical healthy: 10),No order for 29 days,Only 7 SKUs per order (typical healthy: 10),Call this week to confirm next order; check shelf stock
,,OUT-11851,Toko Grosir Lancar Timur,Grosir,Jabodetabek,Jakarta Timur,SR-JKT-16,Rizky,0.0013,Low,594.8920,0.7758,0,,,,"Account review: large account, no single warning sign"
,,OUT-10012,Grosir Anugerah 5,Grosir,Sulawesi Selatan,Makassar,SR-SLS-02,Fitri,0.0014,Low,570.6040,0.7745,0,,,,"Account review: large account, no single warning sign"
,,OUT-10810,Warung Damai Maros,Warung,Sulawesi Selatan,Maros,SR-SLS-04,Irma,0.0537,Low,14.3360,0.7697,11,Only 5 SKUs per order (typical healthy: 10),Only 6 orders in 90 days (typical healthy: 10),No order for 11 days,Range review on visit: check for competitor SKUs on shelf
,,OUT-12072,Toko Bintang Timur Bandung 8,Warung,Jawa Barat,Bandung,SR-JBR-11,Rina,0.0738,Low,10.4120,0.7685,31,No order for 31 days,Only 6 SKUs per order (typical healthy: 10),Only 5 orders in 90 days (typical healthy: 10),Call this week to confirm next order; check shelf stock
,,OUT-10290,Toko Makmur Timur,Warung,Jabodetabek,Jakarta Timur,SR-JKT-09,Indra,0.0380,Low,20.0560,0.7628,26,No order for 26 days,Only 6 SKUs per order (typical healthy: 10),Only 6 orders in 90 days (typical healthy: 10),Call this week to confirm next order; check shelf stock
,,OUT-10371,Mini Market Makmur 6,Minimarket,Jawa Timur,Surabaya,SR-JTM-05,Kartika,0.0135,Low,56.5360,0.7608,1,Only 6 orders in 90 days (typical healthy: 10),Jawa Timur: regional churn running high,,Call this week to confirm next order; check shelf stock
,,OUT-11860,Toko Grosir Mitra Usaha Barat 8,Grosir,Jabodetabek,Jakarta Barat,SR-JKT-01,Andi,0.0014,Low,527.5480,0.7587,4,,,,"Account review: large account, no single warning sign"
,,OUT-11819,Warung Damai Purwokerto,Warung,Jawa Tengah,Purwokerto,SR-JTG-07,Dewi,0.1547,Medium,4.9040,0.7587,44,No order for 44 days,Only 3 orders in 90 days (typical healthy: 10),Pays 23 days late on average,Call this week to confirm next order; check shelf stock
,,OUT-10138,Mini Market Indah,Minimarket,Jawa Tengah,Purwokerto,SR-JTG-05,Budi,0.0077,Low,97.4520,0.7539,4,,,,"Account review: large account, no single warning sign"
,,OUT-11433,Mini Market Bintang Timur Tangerang,Minimarket,Jabodetabek,Tangerang,SR-JKT-04,Dewi,0.0109,Low,68.2600,0.7460,0,Pays 13 days late on average,,,Agree a payment plan with Finance before pushing new stock
,,OUT-11930,Mini Market Barokah 8,Minimarket,Jawa Barat,Karawang,SR-JBR-10,Irma,0.0073,Low,101.2000,0.7433,5,,,,"Account review: large account, no single warning sign"
,,OUT-11919,Toko Grosir Lancar Solo 2,Grosir,Jawa Tengah,Solo,SR-JTG-08,Eko,0.0007,Low,1048.3160,0.7406,2,,,,"Account review: large account, no single warning sign"
,,OUT-11409,Toko Mulia Serdang 1,Warung,Sumatera Utara,Deli Serdang,SR-SMU-05,Agus,0.0268,Low,27.6560,0.7404,10,Only 6 SKUs per order (typical healthy: 10),No order for 10 days,Only 8 orders in 90 days (typical healthy: 10),Range review on visit: check for competitor SKUs on shelf
,,OUT-10815,Warung Sumber Rezeki Bekasi,Warung,Jabodetabek,Bekasi,SR-JKT-01,Andi,0.0611,Low,12.1120,0.7395,12,Only 3 SKUs per order (typical healthy: 10),Only 5 orders in 90 days (typical healthy: 10),No order for 12 days,Range review on visit: check for competitor SKUs on shelf
,,OUT-11620,Toko Karya Mandiri Bogor 6,Minimarket,Jabodetabek,Bogor,SR-JKT-16,Rizky,0.0101,Low,73.0880,0.7395,3,,,,"Account review: large account, no single warning sign"
,,OUT-11216,Warung Bahagia Purwokerto 1,Warung,Jawa Tengah,Purwokerto,SR-JTG-06,Citra,0.0710,Low,10.4160,0.7390,13,Only 4 orders in 90 days (typical healthy: 10),Only 6 SKUs per order (typical healthy: 10),No order for 13 days,Call this week to confirm next order; check shelf stock
,,OUT-10231,Toko Maju Jaya Barat 3,Warung,Jabodetabek,Jakarta Barat,SR-JKT-16,Rizky,0.0356,Low,20.7280,0.7382,7,Only 5 SKUs per order (typical healthy: 10),Only 7 orders in 90 days (typical healthy: 10),2 complaint(s) in 90 days,Range review on visit: check for competitor SKUs on shelf
,,OUT-10555,Toko Bintang Timur Barat,Warung,Jabodetabek,Jakarta Barat,SR-JKT-15,Putri,0.0296,Low,24.9320,0.7380,15,Only 6 SKUs per order (typical healthy: 10),No order for 15 days,Only 8 orders in 90 days (typical healthy: 10),Range review on visit: check for competitor SKUs on shelf
,,OUT-11942,Warung Murah Meriah Karawang,Warung,Jawa Barat,Karawang,SR-JBR-03,Wulan,0.1293,Low,5.7000,0.7371,24,Only 3 orders in 90 days (typical healthy: 10),No order for 24 days,Only 5 SKUs per order (typical healthy: 10),Call this week to confirm next order; check shelf stock
,,OUT-11612,Warung Murah Meriah Malang,Warung,Jawa Timur,Malang,SR-JTM-09,Putri,0.0233,Low,31.6040,0.7365,11,Only 6 SKUs per order (typical healthy: 10),No order for 11 days,Jawa Timur: regional churn running high,Range review on visit: check for competitor SKUs on shelf
,,OUT-12116,Warung Sinar Abadi Makassar,Warung,Sulawesi Selatan,Makassar,SR-SLS-02,Fitri,0.0847,Low,8.6920,0.7364,18,Only 4 orders in 90 days (typical healthy: 10),No order for 18 days,Only 6 SKUs per order (typical healthy: 10),Call this week to confirm next order; check shelf stock
,,OUT-11986,Toko Grosir Subur Makassar,Grosir,Sulawesi Selatan,Makassar,SR-SLS-01,Dimas,0.0010,Low,736.7800,0.7350,0,,,,"Account review: large account, no single warning sign"
,,OUT-10531,Warung Rukun 8,Warung,Jawa Timur,Sidoarjo,SR-JTM-09,Putri,0.0209,Low,35.1360,0.7349,2,Only 5 SKUs per order (typical healthy: 10),No rep visit for 103 days,Jawa Timur: regional churn running high,Range review on visit: check for competitor SKUs on shelf
,,OUT-11516,Warung Anugerah Barat 2,Warung,Jabodetabek,Jakarta Barat,SR-JKT-10,Joko,0.0302,Low,24.3320,0.7343,13,Only 5 SKUs per order (typical healthy: 10),No order for 13 days,Revenue -55% vs prior 90 days,Range review on visit: check for competitor SKUs on shelf
,,OUT-11789,Toko Grosir Pelita Medan,Grosir,Sumatera Utara,Medan,SR-SMU-01,Sari,0.0007,Low,994.3080,0.7328,1,,,,"Account review: large account, no single warning sign"
,,OUT-12323,Toko Sinar Abadi Bandung,Warung,Jawa Barat,Bandung,SR-JBR-08,Fitri,0.0541,Low,13.5200,0.7319,8,Only 4 orders in 90 days (typical healthy: 10),Only 5 SKUs per order (typical healthy: 10),No order for 8 days,Call this week to confirm next order; check shelf stock
,,OUT-12350,Toko Grosir Sumber Rezeki Timur,Grosir,Jabodetabek,Jakarta Timur,SR-JKT-01,Andi,0.0014,Low,525.5280,0.7277,0,,,,"Account review: large account, no single warning sign"
,,OUT-12041,Toko Mekar Sari 7,Warung,Jawa Barat,Cirebon,SR-JBR-08,Fitri,0.0418,Low,17.4040,0.7276,20,Only 4 SKUs per order (typical healthy: 10),No order for 20 days,Only 6 orders in 90 days (typical healthy: 10),Range review on visit: check for competitor SKUs on shelf
,,OUT-10519,Toko Bahagia Barat,Warung,Jabodetabek,Jakarta Barat,SR-JKT-15,Putri,0.0499,Low,14.5400,0.7255,35,No order for 35 days,Only 6 SKUs per order (typical healthy: 10),2 complaint(s) in 90 days,Call this week to confirm next order; check shelf stock
,,OUT-12427,Warung Indah Bekasi,Warung,Jabodetabek,Bekasi,SR-JKT-01,Andi,0.0368,Low,19.6720,0.7246,8,Only 3 SKUs per order (typical healthy: 10),Pays 6 days late on average,No order for 8 days,Range review on visit: check for competitor SKUs on shelf
,,OUT-12335,Mini Market Sumber Rezeki Cimahi,Minimarket,Jawa Barat,Cimahi,SR-JBR-04,Yoga,0.0040,Low,180.6200,0.7234,5,,,,"Account review: large account, no single warning sign"
,,OUT-11688,Toko Damai 5,Warung,Jawa Tengah,Purwokerto,SR-JTG-04,Andi,0.0429,Low,16.8520,0.7228,5,Only 5 SKUs per order (typical healthy: 10),Only 6 orders in 90 days (typical healthy: 10),Pays 10 days late on average,Range review on visit: check for competitor SKUs on shelf
,,OUT-10145,Warung Anugerah Magelang,Warung,Jawa Tengah,Magelang,SR-JTG-07,Dewi,0.0282,Low,25.4280,0.7162,21,No order for 21 days,Only 6 SKUs per order (typical healthy: 10),Only 8 orders in 90 days (typical healthy: 10),Call this week to confirm next order; check shelf stock
,,OUT-11868,Toko Barokah Timur 4,Minimarket,Jabodetabek,Jakarta Timur,SR-JKT-05,Eko,0.0059,Low,120.9760,0.7154,2,,,,"Account review: large account, no single warning sign"
,,OUT-11122,Mini Market Murah Meriah Barat,Minimarket,Jabodetabek,Jakarta Barat,SR-JKT-01,Andi,0.0032,Low,225.5200,0.7150,2,,,,"Account review: large account, no single warning sign"
,,OUT-11799,Toko Murah Meriah Solo,Warung,Jawa Tengah,Solo,SR-JTG-01,Teguh,0.0436,Low,16.3920,0.7145,27,No order for 27 days,Only 5 SKUs per order (typical healthy: 10),Only 7 orders in 90 days (typical healthy: 10),Call this week to confirm next order; check shelf stock
,,OUT-12028,Toko Barokah Cirebon,Warung,Jawa Barat,Cirebon,SR-JBR-06,Bayu,0.0465,Low,15.2520,0.7088,3,Only 5 SKUs per order (typical healthy: 10),Pays 12 days late on average,Only 6 orders in 90 days (typical healthy: 10),Range review on visit: check for competitor SKUs on shelf
,,OUT-10096,Warung Anugerah,Warung,Jawa Timur,Sidoarjo,SR-JTM-01,Gita,0.0349,Low,20.2880,0.7072,1,Only 4 SKUs per order (typical healthy: 10),Only 6 orders in 90 days (typical healthy: 10),Jawa Timur: regional churn running high,Range review on visit: check for competitor SKUs on shelf
,,OUT-11811,Warung Bahagia Bogor,Warung,Jabodetabek,Bogor,SR-JKT-15,Putri,0.0460,Low,15.3560,0.7068,3,Only 4 SKUs per order (typical healthy: 10),Only 7 orders in 90 days (typical healthy: 10),Pays 7 days late on average,Range review on visit: check for competitor SKUs on shelf
,,OUT-11824,Warung Sinar Abadi Solo,Warung,Jawa Tengah,Solo,SR-JTG-04,Andi,0.0411,Low,17.1840,0.7064,27,No order for 27 days,Only 6 SKUs per order (typical healthy: 10),Only 5 orders in 90 days (typical healthy: 10),Call this week to confirm next order; check shelf stock
,,OUT-11280,Warung Berkah Semarang,Warung,Jawa Tengah,Semarang,SR-JTG-06,Citra,0.0436,Low,16.1720,0.7051,17,Only 6 SKUs per order (typical healthy: 10),No order for 17 days,Only 5 orders in 90 days (typical healthy: 10),Range review on visit: check for competitor SKUs on shelf
,,OUT-12032,Mini Market Subur Semarang 5,Minimarket,Jawa Tengah,Semarang,SR-JTG-03,Lestari,0.0057,Low,123.9800,0.7049,7,,,,"Account review: large account, no single warning sign"
,,OUT-11012,Warung Segar Jaya Magelang,Warung,Jawa Tengah,Magelang,SR-JTG-08,Eko,0.0793,Low,8.8680,0.7036,13,Only 3 orders in 90 days (typical healthy: 10),Only 4 SKUs per order (typical healthy: 10),No order for 13 days,Call this week to confirm next order; check shelf stock
,,OUT-10945,Toko Cahaya Tasikmalaya,Warung,Jawa Barat,Tasikmalaya,SR-JBR-03,Wulan,0.2174,Medium,3.2280,0.7019,43,Only 1 orders in 90 days (typical healthy: 10),No order for 43 days,Only 3 SKUs per order (typical healthy: 10),Call this week to confirm next order; check shelf stock
,,OUT-11256,Toko Anugerah 5,Warung,Sumatera Utara,Medan,SR-SMU-06,Bayu,0.0700,Low,10.0200,0.7010,4,Only 3 SKUs per order (typical healthy: 10),Only 5 orders in 90 days (typical healthy: 10),Pays 8 days late on average,Range review on visit: check for competitor SKUs on shelf
,,OUT-10593,Mini Market Mekar Sari Karawang,Minimarket,Jawa Barat,Karawang,SR-JBR-04,Yoga,0.0066,Low,106.5240,0.6985,0,,,,"Account review: large account, no single warning sign"
,,OUT-11580,Swalayan Damai Binjai,Supermarket,Sumatera Utara,Binjai,SR-SMU-01,Sari,0.0002,Low,4284.9360,0.6974,13,,,,"Account review: large account, no single warning sign"
,,OUT-12008,Toko Karya Mandiri Timur,Warung,Jabodetabek,Jakarta Timur,SR-JKT-14,Nanda,0.0656,Low,10.6280,0.6968,27,No order for 27 days,Only 4 orders in 90 days (typical healthy: 10),Only 6 SKUs per order (typical healthy: 10),Call this week to confirm next order; check shelf stock
,,OUT-10598,Toko Barokah Surabaya 7,Warung,Jawa Timur,Surabaya,SR-JTM-05,Kartika,0.0457,Low,15.2040,0.6956,7,Only 4 SKUs per order (typical healthy: 10),Only 6 orders in 90 days (typical healthy: 10),2 complaint(s) in 90 days,Range review on visit: check for competitor SKUs on shelf
,,OUT-10100,UD Mekar Sari 4,Grosir,Sulawesi Selatan,Parepare,SR-SLS-01,Dimas,0.0010,Low,679.2520,0.6908,0,,,,"Account review: large account, no single warning sign"
,,OUT-12425,Toko Sumber Rezeki Pematangsiantar,Minimarket,Sumatera Utara,Pematangsiantar,SR-SMU-06,Bayu,0.0100,Low,68.7560,0.6884,0,Only 7 orders in 90 days (typical healthy: 10),,,Call this week to confirm next order; check shelf stock
,,OUT-11692,Warung Harapan Baru Binjai,Warung,Sumatera Utara,Binjai,SR-SMU-06,Bayu,0.0444,Low,15.5000,0.6881,24,No order for 24 days,Only 6 SKUs per order (typical healthy: 10),Only 6 orders in 90 days (typical healthy: 10),Call this week to confirm next order; check shelf stock
,,OUT-12533,Toko Cahaya Sidoarjo 6,Warung,Jawa Timur,Sidoarjo,SR-JTM-04,Joko,0.0505,Low,13.5920,0.6866,7,Only 7 SKUs per order (typical healthy: 10),Only 6 orders in 90 days (typical healthy: 10),No rep visit for 74 days,Range review on visit: check for competitor SKUs on shelf
,,OUT-11378,Warung Rukun Serdang 5,Warung,Sumatera Utara,Deli Serdang,SR-SMU-01,Sari,0.0979,Low,7.0040,0.6854,11,Only 2 orders in 90 days (typical healthy: 10),Only 6 SKUs per order (typical healthy: 10),No order for 11 days,Call this week to confirm next order; check shelf stock
,,OUT-11980,Warung Pelita Tangerang,Warung,Jabodetabek,Tangerang,SR-JKT-05,Eko,0.0353,Low,19.4200,0.6852,17,No order for 17 days,Only 6 SKUs per order (typical healthy: 10),Only 6 orders in 90 days (typical healthy: 10),Call this week to confirm next order; check shelf stock
,,OUT-11205,Warung Mulia 5,Warung,Jabodetabek,Depok,SR-JKT-12,Lukman,0.0924,Low,7.4160,0.6851,4,Only 3 orders in 90 days (typical healthy: 10),Only 5 SKUs per order (typical healthy: 10),No rep visit on record,Call this week to confirm next order; check shelf stock
,,OUT-12564,Toko Subur Magelang,Warung,Jawa Tengah,Magelang,SR-JTG-07,Dewi,0.0500,Low,13.6840,0.6847,8,Only 4 SKUs per order (typical healthy: 10),Pays 8 days late on average,No order for 8 days,Range review on visit: check for competitor SKUs on shelf
,,OUT-12178,Warung Karya Mandiri Binjai 8,Warung,Sumatera Utara,Binjai,SR-SMU-01,Sari,0.0352,Low,19.4440,0.6844,5,Only 4 SKUs per order (typical healthy: 10),3 complaint(s) in 90 days,Only 7 orders in 90 days (typical healthy: 10),Range review on visit: check for competitor SKUs on shelf
,,OUT-10358,Warung Damai 1,Warung,Jawa Timur,Sidoarjo,SR-JTM-10,Rizky,0.0400,Low,17.0920,0.6838,9,Only 5 orders in 90 days (typical healthy: 10),Only 6 SKUs per order (typical healthy: 10),No rep visit for 133 days,Call this week to confirm next order; check shelf stock
,,OUT-10689,Toko Maju Jaya Surabaya,Warung,Jawa Timur,Surabaya,SR-JTM-07,Maya,0.0291,Low,23.4520,0.6828,4,Only 3 SKUs per order (typical healthy: 10),Only 7 orders in 90 days (typical healthy: 10),Jawa Timur: regional churn running high,Range review on visit: check for competitor SKUs on shelf
,,OUT-12572,Toko Karya Mandiri Purwokerto,Minimarket,Jawa Tengah,Purwokerto,SR-JTG-04,Andi,0.0046,Low,148.5840,0.6795,9,,,,"Account review: large account, no single warning sign"
,,OUT-10907,Toko Anugerah Semarang 5,Minimarket,Jawa Tengah,Semarang,SR-JTG-08,Eko,0.0036,Low,190.7760,0.6794,9,,,,"Account review: large account, no single warning sign"
,,OUT-11010,Toko Berkah Cirebon 7,Warung,Jawa Barat,Cirebon,SR-JBR-07,Dimas,0.0844,Low,8.0480,0.6790,15,Only 3 orders in 90 days (typical healthy: 10),Only 5 SKUs per order (typical healthy: 10),No order for 15 days,Call this week to confirm next order; check shelf stock
,,OUT-12415,Warung Makmur Semarang,Warung,Jawa Tengah,Semarang,SR-JTG-07,Dewi,0.0277,Low,24.4960,0.6788,22,No order for 22 days,Only 6 SKUs per order (typical healthy: 10),Only 8 orders in 90 days (typical healthy: 10),Call this week to confirm next order; check shelf stock
,,OUT-10111,Supermarket Rukun,Supermarket,Jawa Barat,Cirebon,SR-JBR-03,Wulan,0.0004,Low,1635.5520,0.6768,3,,,,"Account review: large account, no single warning sign"
,,OUT-12515,Warung Mitra Usaha Barat 3,Warung,Jabodetabek,Jakarta Barat,SR-JKT-15,Putri,0.0979,Low,6.8640,0.6720,26,No order for 26 days,Only 4 orders in 90 days (typical healthy: 10),Only 5 SKUs per order (typical healthy: 10),Call this week to confirm next order; check shelf stock
,,OUT-11089,Toko Mekar Sari Solo,Minimarket,Jawa Tengah,Solo,SR-JTG-02,Yudi,0.0046,Low,144.6400,0.6686,11,,,,"Account review: large account, no single warning sign"
,,OUT-11981,Mini Market Indah Medan,Minimarket,Sumatera Utara,Medan,SR-SMU-03,Wulan,0.0025,Low,266.2920,0.6655,11,,,,"Account review: large account, no single warning sign"
,,OUT-10136,Mini Market Lancar Bogor 7,Minimarket,Jabodetabek,Bogor,SR-JKT-09,Indra,0.0047,Low,140.4440,0.6652,14,,,,"Account review: large account, no single warning sign"
,,OUT-10291,Warung Karya Mandiri Binjai,Warung,Sumatera Utara,Binjai,SR-SMU-05,Agus,0.0155,Low,42.6240,0.6609,8,Only 6 SKUs per order (typical healthy: 10),No order for 8 days,No rep visit for 52 days,Range review on visit: check for competitor SKUs on shelf
,,OUT-10177,Toko Barokah,Minimarket,Jawa Barat,Karawang,SR-JBR-04,Yoga,0.0035,Low,184.1520,0.6495,4,,,,"Account review: large account, no single warning sign"
,,OUT-11381,Warung Segar Jaya Bandung 8,Warung,Jawa Barat,Bandung,SR-JBR-05,Agus,0.0298,Low,21.7760,0.6478,18,Only 5 SKUs per order (typical healthy: 10),No order for 18 days,Only 7 orders in 90 days (typical healthy: 10),Range review on visit: check for competitor SKUs on shelf
,,OUT-11653,Warung Cahaya 3,Warung,Jabodetabek,Depok,SR-JKT-14,Nanda,0.0498,Low,12.9880,0.6469,4,Only 3 SKUs per order (typical healthy: 10),Only 6 orders in 90 days (typical healthy: 10),Pays 9 days late on average,Range review on visit: check for competitor SKUs on shelf
,,OUT-12359,Warung Mulia Parepare,Warung,Sulawesi Selatan,Parepare,SR-SLS-03,Hadi,0.0302,Low,21.3840,0.6457,16,Only 4 SKUs per order (typical healthy: 10),No order for 16 days,Only 6 orders in 90 days (typical healthy: 10),Range review on visit: check for competitor SKUs on shelf
,,OUT-10931,Toko Mulia 6,Warung,Jawa Barat,Karawang,SR-JBR-09,Hadi,0.0175,Low,36.8080,0.6451,9,Only 6 SKUs per order (typical healthy: 10),No order for 9 days,No rep visit for 71 days,Range review on visit: check for competitor SKUs on shelf
,,OUT-10443,UD Tunas Baru,Grosir,Jawa Timur,Gresik,SR-JTM-06,Lukman,0.0008,Low,849.7760,0.6419,1,,,,"Account review: large account, no single warning sign"
,,OUT-11345,Toko Segar Jaya Maros,Warung,Sulawesi Selatan,Maros,SR-SLS-01,Dimas,0.0208,Low,30.8600,0.6408,12,Only 6 SKUs per order (typical healthy: 10),No order for 12 days,No rep visit for 129 days,Range review on visit: check for competitor SKUs on shelf
,,OUT-12131,Warung Damai 4,Warung,Jabodetabek,Bekasi,SR-JKT-04,Dewi,0.0166,Low,38.6800,0.6406,3,Only 5 SKUs per order (typical healthy: 10),,,Range review on visit: check for competitor SKUs on shelf
,,OUT-11725,Toko Mitra Usaha 4,Warung,Jawa Tengah,Solo,SR-JTG-05,Budi,0.0323,Low,19.7760,0.6390,12,Only 7 SKUs per order (typical healthy: 10),No order for 12 days,Only 8 orders in 90 days (typical healthy: 10),Range review on visit: check for competitor SKUs on shelf
,,OUT-10988,Mini Market Harapan Baru Bogor,Minimarket,Jabodetabek,Bogor,SR-JKT-06,Fajar,0.0068,Low,93.4920,0.6380,2,,,,"Account review: large account, no single warning sign"
,,OUT-11875,Toko Mitra Usaha Pematangsiantar,Minimarket,Sumatera Utara,Pematangsiantar,SR-SMU-02,Taufik,0.0024,Low,267.8640,0.6364,2,,,,"Account review: large account, no single warning sign"
,,OUT-11106,Warung Berkah Kediri,Warung,Jawa Timur,Kediri,SR-JTM-08,Nanda,0.0585,Low,10.8560,0.6349,4,Only 3 orders in 90 days (typical healthy: 10),Only 5 SKUs per order (typical healthy: 10),Jawa Timur: regional churn running high,Call this week to confirm next order; check shelf stock
,,OUT-12102,Toko Makmur Depok,Minimarket,Jabodetabek,Depok,SR-JKT-09,Indra,0.0051,Low,124.6200,0.6334,1,,,,"Account review: large account, no single warning sign"
,,OUT-12055,Toko Harapan Baru Bandung,Warung,Jawa Barat,Bandung,SR-JBR-05,Agus,0.0341,Low,18.4480,0.6297,6,Only 5 SKUs per order (typical healthy: 10),Pays 8 days late on average,Only 8 orders in 90 days (typical healthy: 10),Range review on visit: check for competitor SKUs on shelf
,,OUT-12006,Toko Karya Mandiri Pematangsiantar,Warung,Sumatera Utara,Pematangsiantar,SR-SMU-04,Yoga,0.0336,Low,18.6840,0.6286,18,No order for 18 days,Only 5 orders in 90 days (typical healthy: 10),Only 7 SKUs per order (typical healthy: 10),Call this week to confirm next order; check shelf stock
,,OUT-10883,Grosir Mekar Sari,Grosir,Sulawesi Selatan,Makassar,SR-SLS-03,Hadi,0.0008,Low,823.2040,0.6285,1,,,,"Account review: large account, no single warning sign"
,,OUT-12393,Grosir Mitra Usaha Cirebon,Grosir,Jawa Barat,Cirebon,SR-JBR-11,Rina,0.0010,Low,648.1480,0.6272,0,,,,"Account review: large account, no single warning sign"
,,OUT-10932,Warung Sejahtera Tasikmalaya,Warung,Jawa Barat,Tasikmalaya,SR-JBR-04,Yoga,0.0323,Low,19.4160,0.6264,45,No order for 45 days,Only 5 SKUs per order (typical healthy: 10),Only 9 orders in 90 days (typical healthy: 10),Call this week to confirm next order; check shelf stock
,,OUT-10253,UD Pelita Karawang,Grosir,Jawa Barat,Karawang,SR-JBR-07,Dimas,0.0008,Low,786.1840,0.6258,0,,,,"Account review: large account, no single warning sign"
,,OUT-10786,Mini Market Segar Jaya Cirebon,Minimarket,Jawa Barat,Cirebon,SR-JBR-05,Agus,0.0170,Low,36.7720,0.6255,1,Only 4 orders in 90 days (typical healthy: 10),No rep visit for 187 days,0 rep visits in 60 days,Call this week to confirm next order; check shelf stock
,,OUT-10388,Toko Sumber Rezeki Gowa,Minimarket,Sulawesi Selatan,Gowa,SR-SLS-01,Dimas,0.0030,Low,207.9880,0.6254,3,,,,"Account review: large account, no single warning sign"
,,OUT-12318,Mini Market Mekar Sari 2,Minimarket,Jawa Timur,Malang,SR-JTM-06,Lukman,0.0039,Low,158.6680,0.6243,5,,,,"Account review: large account, no single warning sign"
,,OUT-11270,Toko Berkah Magelang,Minimarket,Jawa Tengah,Magelang,SR-JTG-07,Dewi,0.0073,Low,85.6360,0.6234,1,,,,"Account review: large account, no single warning sign"
,,OUT-10340,Warung Cahaya Gowa,Warung,Sulawesi Selatan,Gowa,SR-SLS-02,Fitri,0.0309,Low,20.1720,0.6225,29,No order for 29 days,Only 6 SKUs per order (typical healthy: 10),Only 7 orders in 90 days (typical healthy: 10),Call this week to confirm next order; check shelf stock
,,OUT-11382,Toko Damai Bogor,Minimarket,Jabodetabek,Bogor,SR-JKT-09,Indra,0.0034,Low,184.8800,0.6213,18,,,,"Account review: large account, no single warning sign"
,,OUT-11731,Toko Barokah Parepare 4,Warung,Sulawesi Selatan,Parepare,SR-SLS-01,Dimas,0.0314,Low,19.7320,0.6205,8,Only 5 SKUs per order (typical healthy: 10),Only 7 orders in 90 days (typical healthy: 10),No order for 8 days,Range review on visit: check for competitor SKUs on shelf
,,OUT-10991,UD Barokah,Grosir,Jawa Tengah,Semarang,SR-JTG-09,Fajar,0.0010,Low,620.0440,0.6188,3,,,,"Account review: large account, no single warning sign"
,,OUT-11969,Toko Bahagia Pekalongan,Minimarket,Jawa Tengah,Pekalongan,SR-JTG-02,Yudi,0.0044,Low,139.9240,0.6185,6,,,,"Account review: large account, no single warning sign"
,,OUT-10164,Toko Damai Timur 2,Warung,Jabodetabek,Jakarta Timur,SR-JKT-09,Indra,0.0284,Low,21.7480,0.6174,13,Only 5 SKUs per order (typical healthy: 10),No order for 13 days,No rep visit for 34 days,Range review on visit: check for competitor SKUs on shelf
,,OUT-10384,Mini Market Mitra Usaha Solo 4,Minimarket,Jawa Tengah,Solo,SR-JTG-04,Andi,0.0095,Low,65.1600,0.6166,0,Only 7 orders in 90 days (typical healthy: 10),,,Call this week to confirm next order; check shelf stock
,,OUT-12203,Warung Mulia Serdang,Warung,Sumatera Utara,Deli Serdang,SR-SMU-06,Bayu,0.0141,Low,43.2840,0.6121,9,Only 5 SKUs per order (typical healthy: 10),No order for 9 days,No rep visit for 67 days,Range review on visit: check for competitor SKUs on shelf
,,OUT-12327,Warung Pelita 1,Warung,Jabodetabek,Bekasi,SR-JKT-14,Nanda,0.0169,Low,35.9520,0.6071,7,Only 6 SKUs per order (typical healthy: 10),Pays 5 days late on average,No order for 7 days,Range review on visit: check for competitor SKUs on shelf
,,OUT-11488,Mini Market Damai Karawang 8,Minimarket,Jawa Barat,Karawang,SR-JBR-07,Dimas,0.0028,Low,218.8160,0.6051,3,,,,"Account review: large account, no single warning sign"
,,OUT-10823,Toko Berkah Cirebon 3,Minimarket,Jawa Barat,Cirebon,SR-JBR-11,Rina,0.0035,Low,173.0320,0.6047,4,,,,"Account review: large account, no single warning sign"
,,OUT-10546,Toko Pelita 5,Minimarket,Jawa Barat,Karawang,SR-JBR-01,Sari,0.0048,Low,126.0200,0.6044,2,,,,"Account review: large account, no single warning sign"
,,OUT-10808,Toko Makmur 6,Warung,Jabodetabek,Bogor,SR-JKT-12,Lukman,0.0377,Low,15.9800,0.6027,11,Only 5 SKUs per order (typical healthy: 10),No order for 11 days,Only 7 orders in 90 days (typical healthy: 10),Range review on visit: check for competitor SKUs on shelf
,,OUT-12011,UD Segar Jaya 7,Grosir,Jabodetabek,Bogor,SR-JKT-08,Hendra,0.0007,Low,829.1000,0.5991,3,,,,"Account review: large account, no single warning sign"
,,OUT-10477,Toko Tunas Baru Bandung,Warung,Jawa Barat,Bandung,SR-JBR-11,Rina,0.0946,Low,6.3200,0.5979,20,Only 2 orders in 90 days (typical healthy: 10),No order for 20 days,Only 6 SKUs per order (typical healthy: 10),Call this week to confirm next order; check shelf stock
,,OUT-11164,Warung Rukun Bogor,Warung,Jabodetabek,Bogor,SR-JKT-13,Maya,0.0500,Low,11.9360,0.5971,4,Only 4 SKUs per order (typical healthy: 10),Only 5 orders in 90 days (typical healthy: 10),No rep visit for 142 days,Range review on visit: check for competitor SKUs on shelf
,,OUT-11102,Warung Berkah 1,Warung,Jawa Barat,Bandung,SR-JBR-08,Fitri,0.0297,Low,20.1200,0.5969,14,Only 6 SKUs per order (typical healthy: 10),No order for 14 days,Only 6 orders in 90 days (typical healthy: 10),Range review on visit: check for competitor SKUs on shelf
,,OUT-10887,Mini Market Bintang Timur Bandung,Minimarket,Jawa Barat,Bandung,SR-JBR-06,Bayu,0.0052,Low,113.5640,0.5953,5,,,,"Account review: large account, no single warning sign"
,,OUT-11454,Mini Market Indah Parepare,Minimarket,Sulawesi Selatan,Parepare,SR-SLS-02,Fitri,0.0046,Low,129.6640,0.5937,8,,,,"Account review: large account, no single warning sign"
,,OUT-11369,Warung Murah Meriah Bekasi,Warung,Jabodetabek,Bekasi,SR-JKT-11,Kartika,0.0419,Low,14.1360,0.5921,9,Only 6 SKUs per order (typical healthy: 10),Only 6 orders in 90 days (typical healthy: 10),No order for 9 days,Range review on visit: check for competitor SKUs on shelf
,,OUT-10826,Mini Market Pelita 6,Minimarket,Jabodetabek,Jakarta Timur,SR-JKT-02,Budi,0.0037,Low,157.9280,0.5868,2,,,,"Account review: large account, no single warning sign"
,,OUT-10884,Mini Market Barokah,Minimarket,Jawa Barat,Tasikmalaya,SR-JBR-03,Wulan,0.0017,Low,351.4160,0.5866,4,,,,"Account review: large account, no single warning sign"
,,OUT-11536,Warung Bintang Timur Solo,Warung,Jawa Tengah,Solo,SR-JTG-06,Citra,0.0180,Low,32.4560,0.5856,20,No order for 20 days,Only 5 SKUs per order (typical healthy: 10),1 complaint(s) in 90 days,Call this week to confirm next order; check shelf stock
,,OUT-10450,Toko Makmur Purwokerto 3,Warung,Jawa Tengah,Purwokerto,SR-JTG-02,Yudi,0.0308,Low,18.8320,0.5793,9,Only 6 SKUs per order (typical healthy: 10),Pays 12 days late on average,Only 6 orders in 90 days (typical healthy: 10),Range review on visit: check for competitor SKUs on shelf
,,OUT-11639,Toko Damai 3,Minimarket,Jabodetabek,Depok,SR-JKT-05,Eko,0.0058,Low,99.8400,0.5792,0,,,,"Account review: large account, no single warning sign"
,,OUT-10680,Toko Subur 5,Warung,Jawa Barat,Bandung,SR-JBR-05,Agus,0.0551,Low,10.4760,0.5772,19,Only 3 orders in 90 days (typical healthy: 10),No order for 19 days,Only 6 SKUs per order (typical healthy: 10),Call this week to confirm next order; check shelf stock
,,OUT-10711,Swalayan Berkah Gowa,Supermarket,Sulawesi Selatan,Gowa,SR-SLS-04,Irma,0.0002,Low,2373.2400,0.5762,4,,,,"Account review: large account, no single warning sign"
,,OUT-11431,Mini Market Bintang Timur 3,Minimarket,Sulawesi Selatan,Maros,SR-SLS-01,Dimas,0.0051,Low,111.8520,0.5739,1,,,,"Account review: large account, no single warning sign"
,,OUT-10114,Warung Lancar Pekalongan,Warung,Jawa Tengah,Pekalongan,SR-JTG-02,Yudi,0.0477,Low,12.0120,0.5729,1,Only 3 SKUs per order (typical healthy: 10),Only 3 orders in 90 days (typical healthy: 10),Pays 16 days late on average,Range review on visit: check for competitor SKUs on shelf
,,OUT-11107,Toko Sejahtera Timur 3,Warung,Jabodetabek,Jakarta Timur,SR-JKT-06,Fajar,0.0219,Low,25.9760,0.5685,16,Only 6 SKUs per order (typical healthy: 10),No order for 16 days,Only 8 orders in 90 days (typical healthy: 10),Range review on visit: check for competitor SKUs on shelf
,,OUT-10317,Warung Mekar Sari,Warung,Jawa Barat,Tasikmalaya,SR-JBR-07,Dimas,0.1620,Medium,3.5080,0.5683,15,Only 2 orders in 90 days (typical healthy: 10),No order for 15 days,5 complaint(s) in 90 days,Call this week to confirm next order; check shelf stock
,,OUT-11625,Warung Anugerah Karawang,Warung,Jawa Barat,Karawang,SR-JBR-10,Irma,0.0224,Low,25.2800,0.5656,12,Only 5 SKUs per order (typical healthy: 10),No order for 12 days,Only 8 orders in 90 days (typical healthy: 10),Range review on visit: check for competitor SKUs on shelf
,,OUT-10525,Warung Indah Barat,Warung,Jabodetabek,Jakarta Barat,SR-JKT-15,Putri,0.0211,Low,26.7480,0.5634,14,Only 6 SKUs per order (typical healthy: 10),No order for 14 days,No rep visit for 31 days,Range review on visit: check for competitor SKUs on shelf
,,OUT-10527,Mini Market Mekar Sari Parepare,Minimarket,Sulawesi Selatan,Parepare,SR-SLS-04,Irma,0.0024,Low,238.8640,0.5631,7,,,,"Account review: large account, no single warning sign"
,,OUT-11582,Toko Bintang Timur Bandung 1,Warung,Jawa Barat,Bandung,SR-JBR-02,Taufik,0.0271,Low,20.7560,0.5622,4,Only 4 SKUs per order (typical healthy: 10),Only 7 orders in 90 days (typical healthy: 10),Pays 8 days late on average,Range review on visit: check for competitor SKUs on shelf
,,OUT-11736,Warung Bintang Timur Sidoarjo,Warung,Jawa Timur,Sidoarjo,SR-JTM-08,Nanda,0.0501,Low,11.2120,0.5621,3,Only 3 SKUs per order (typical healthy: 10),Only 5 orders in 90 days (typical healthy: 10),2 complaint(s) in 90 days,Range review on visit: check for competitor SKUs on shelf
,,OUT-11206,Warung Murah Meriah Depok,Warung,Jabodetabek,Depok,SR-JKT-12,Lukman,0.0315,Low,17.7960,0.5614,10,Only 6 SKUs per order (typical healthy: 10),No order for 10 days,Only 7 orders in 90 days (typical healthy: 10),Range review on visit: check for competitor SKUs on shelf
,,OUT-11556,Warung Berkah Sidoarjo,Warung,Jawa Timur,Sidoarjo,SR-JTM-02,Hendra,0.0805,Low,6.9480,0.5596,7,Only 3 SKUs per order (typical healthy: 10),Only 4 orders in 90 days (typical healthy: 10),Jawa Timur: regional churn running high,Range review on visit: check for competitor SKUs on shelf
,,OUT-10772,Warung Harapan Baru Purwokerto 2,Warung,Jawa Tengah,Purwokerto,SR-JTG-09,Fajar,0.0311,Low,17.9600,0.5590,44,No order for 44 days,Only 6 SKUs per order (typical healthy: 10),Only 6 orders in 90 days (typical healthy: 10),Call this week to confirm next order; check shelf stock
,,OUT-11243,Toko Segar Jaya Cimahi,Minimarket,Jawa Barat,Cimahi,SR-JBR-01,Sari,0.0054,Low,103.3960,0.5571,2,,,,"Account review: large account, no single warning sign"
,,OUT-12488,Warung Tunas Baru Gresik 5,Warung,Jawa Timur,Gresik,SR-JTM-03,Indra,0.0186,Low,29.9440,0.5569,5,Only 4 SKUs per order (typical healthy: 10),Jawa Timur: regional churn running high,,Range review on visit: check for competitor SKUs on shelf
,,OUT-10539,Toko Grosir Mekar Sari,Grosir,Jabodetabek,Depok,SR-JKT-02,Budi,0.0007,Low,748.8120,0.5551,0,,,,"Account review: large account, no single warning sign"
,,OUT-12475,Supermarket Sejahtera Karawang,Supermarket,Jawa Barat,Karawang,SR-JBR-01,Sari,0.0002,Low,2563.6480,0.5544,3,,,,"Account review: large account, no single warning sign"
,,OUT-10001,Toko Berkah,Warung,Jawa Timur,Gresik,SR-JTM-10,Rizky,0.0216,Low,25.5400,0.5519,2,Only 5 SKUs per order (typical healthy: 10),No rep visit for 188 days,Jawa Timur: regional churn running high,Range review on visit: check for competitor SKUs on shelf
,,OUT-10869,Toko Sejahtera Bogor 6,Warung,Jabodetabek,Bogor,SR-JKT-02,Budi,0.1114,Low,4.9400,0.5503,45,No order for 45 days,Only 3 orders in 90 days (typical healthy: 10),Only 4 SKUs per order (typical healthy: 10),Call this week to confirm next order; check shelf stock
,,OUT-12486,Warung Cahaya 2,Warung,Jawa Barat,Karawang,SR-JBR-03,Wulan,0.1154,Low,4.7560,0.5487,13,Only 3 orders in 90 days (typical healthy: 10),Only 4 SKUs per order (typical healthy: 10),No order for 13 days,Call this week to confirm next order; check shelf stock
,,OUT-11144,Mini Market Mekar Sari Serdang,Minimarket,Sumatera Utara,Deli Serdang,SR-SMU-03,Wulan,0.0038,Low,145.8840,0.5483,4,,,,"Account review: large account, no single warning sign"
,,OUT-12445,Warung Cahaya 5,Warung,Jawa Tengah,Pekalongan,SR-JTG-09,Fajar,0.0580,Low,9.4320,0.5474,19,Only 4 SKUs per order (typical healthy: 10),No order for 19 days,Only 5 orders in 90 days (typical healthy: 10),Range review on visit: check for competitor SKUs on shelf
,,OUT-10423,Toko Pelita Barat,Minimarket,Jabodetabek,Jakarta Barat,SR-JKT-06,Fajar,0.0059,Low,92.5920,0.5473,2,,,,"Account review: large account, no single warning sign"
,,OUT-11143,Grosir Maju Jaya 6,Grosir,Sumatera Utara,Medan,SR-SMU-03,Wulan,0.0011,Low,490.7520,0.5469,1,,,,"Account review: large account, no single warning sign"
,,OUT-11340,Warung Murah Meriah 2,Warung,Jawa Barat,Bandung,SR-JBR-05,Agus,0.0315,Low,17.3320,0.5465,6,Only 5 SKUs per order (typical healthy: 10),Only 7 orders in 90 days (typical healthy: 10),1 complaint(s) in 90 days,Range review on visit: check for competitor SKUs on shelf
,,OUT-10789,Toko Barokah Gresik,Warung,Jawa Timur,Gresik,SR-JTM-04,Joko,0.1010,Low,5.4040,0.5459,15,Only 3 orders in 90 days (typical healthy: 10),Only 5 SKUs per order (typical healthy: 10),No order for 15 days,Call this week to confirm next order; check shelf stock
,,OUT-12397,Warung Berkah Barat,Warung,Jabodetabek,Jakarta Barat,SR-JKT-16,Rizky,0.0434,Low,12.5480,0.5444,5,Only 3 SKUs per order (typical healthy: 10),Only 4 orders in 90 days (typical healthy: 10),SKU range -54% vs prior 90 days,Range review on visit: check for competitor SKUs on shelf
,,OUT-12481,Toko Tunas Baru Pekalongan 4,Warung,Jawa Tengah,Pekalongan,SR-JTG-07,Dewi,0.0212,Low,25.5040,0.5401,4,Only 6 SKUs per order (typical healthy: 10),No rep visit for 92 days,2 complaint(s) in 90 days,Range review on visit: check for competitor SKUs on shelf
,,OUT-10243,Toko Barokah Depok,Warung,Jabodetabek,Depok,SR-JKT-04,Dewi,0.0314,Low,17.1880,0.5395,10,Only 7 SKUs per order (typical healthy: 10),Only 6 orders in 90 days (typical healthy: 10),No order for 10 days,Range review on visit: check for competitor SKUs on shelf
,,OUT-10267,Warung Sentosa Cirebon 7,Warung,Jawa Barat,Cirebon,SR-JBR-06,Bayu,0.0647,Low,8.2760,0.5352,10,Only 4 SKUs per order (typical healthy: 10),Only 5 orders in 90 days (typical healthy: 10),No order for 10 days,Range review on visit: check for competitor SKUs on shelf
,,OUT-10171,Warung Rukun,Warung,Jawa Barat,Tasikmalaya,SR-JBR-07,Dimas,0.0336,Low,15.9200,0.5346,8,Only 4 SKUs per order (typical healthy: 10),Only 5 orders in 90 days (typical healthy: 10),No order for 8 days,Range review on visit: check for competitor SKUs on shelf
,,OUT-11657,Toko Harapan Baru Tangerang,Warung,Jabodetabek,Tangerang,SR-JKT-01,Andi,0.0307,Low,17.4120,0.5341,14,Only 5 SKUs per order (typical healthy: 10),Only 5 orders in 90 days (typical healthy: 10),No order for 14 days,Range review on visit: check for competitor SKUs on shelf
,,OUT-11574,Toko Sinar Abadi Medan 4,Warung,Sumatera Utara,Medan,SR-SMU-03,Wulan,0.1128,Low,4.7280,0.5332,15,Only 2 orders in 90 days (typical healthy: 10),No order for 15 days,Only 6 SKUs per order (typical healthy: 10),Call this week to confirm next order; check shelf stock
,,OUT-11193,Toko Subur Pematangsiantar,Warung,Sumatera Utara,Pematangsiantar,SR-SMU-05,Agus,0.0212,Low,25.0880,0.5309,19,No order for 19 days,Only 6 orders in 90 days (typical healthy: 10),Only 7 SKUs per order (typical healthy: 10),Call this week to confirm next order; check shelf stock
,,OUT-10312,Toko Sinar Abadi Karawang,Warung,Jawa Barat,Karawang,SR-JBR-11,Rina,0.0420,Low,12.5520,0.5273,5,Only 4 SKUs per order (typical healthy: 10),Only 5 orders in 90 days (typical healthy: 10),Pays 9 days late on average,Range review on visit: check for competitor SKUs on shelf
,,OUT-12079,Warung Karya Mandiri Cirebon,Warung,Jawa Barat,Cirebon,SR-JBR-01,Sari,0.0621,Low,8.4680,0.5256,19,Only 4 SKUs per order (typical healthy: 10),Only 4 orders in 90 days (typical healthy: 10),No order for 19 days,Range review on visit: check for competitor SKUs on shelf
,,OUT-12468,Warung Pelita Purwokerto,Warung,Jawa Tengah,Purwokerto,SR-JTG-02,Yudi,0.0330,Low,15.9000,0.5242,18,No order for 18 days,Only 6 SKUs per order (typical healthy: 10),Only 6 orders in 90 days (typical healthy: 10),Call this week to confirm next order; check shelf stock
,,OUT-10107,Swalayan Mulia Bandung,Supermarket,Jawa Barat,Bandung,SR-JBR-05,Agus,0.0002,Low,2584.7840,0.5201,1,,,,"Account review: large account, no single warning sign"
,,OUT-11067,Toko Karya Mandiri 7,Warung,Jawa Barat,Tasikmalaya,SR-JBR-05,Agus,0.0121,Low,42.9240,0.5200,20,No order for 20 days,Only 7 SKUs per order (typical healthy: 10),,Call this week to confirm next order; check shelf stock
,,OUT-12171,Mini Market Sentosa Bandung,Minimarket,Jawa Barat,Bandung,SR-JBR-03,Wulan,0.0097,Low,53.6280,0.5194,0,Pays 24 days late on average,Only 7 orders in 90 days (typical healthy: 10),,Agree a payment plan with Finance before pushing new stock
,,OUT-12012,Warung Lancar Tasikmalaya,Warung,Jawa Barat,Tasikmalaya,SR-JBR-10,Irma,0.0211,Low,24.6000,0.5191,20,No order for 20 days,Only 6 SKUs per order (typical healthy: 10),Only 8 orders in 90 days (typical healthy: 10),Call this week to confirm next order; check shelf stock
,,OUT-10845,Grosir Subur,Grosir,Jabodetabek,Tangerang,SR-JKT-09,Indra,0.0012,Low,431.8040,0.5187,0,,,,"Account review: large account, no single warning sign"
,,OUT-11608,Toko Sejahtera Barat 5,Warung,Jabodetabek,Jakarta Barat,SR-JKT-04,Dewi,0.0197,Low,26.3720,0.5183,6,Only 6 SKUs per order (typical healthy: 10),Only 8 orders in 90 days (typical healthy: 10),No rep visit for 47 days,Range review on visit: check for competitor SKUs on shelf
,,OUT-10523,Toko Berkah 3,Warung,Jabodetabek,Tangerang,SR-JKT-14,Nanda,0.0264,Low,19.5760,0.5166,9,Only 5 SKUs per order (typical healthy: 10),Only 7 orders in 90 days (typical healthy: 10),No order for 9 days,Range review on visit: check for competitor SKUs on shelf
,,OUT-10401,Toko Grosir Mitra Usaha Cirebon,Grosir,Jawa Barat,Cirebon,SR-JBR-11,Rina,0.0009,Low,564.6960,0.5165,1,,,,"Account review: large account, no single warning sign"
,,OUT-11301,Toko Karya Mandiri Depok 5,Warung,Jabodetabek,Depok,SR-JKT-03,Citra,0.0366,Low,14.1000,0.5164,8,Only 5 SKUs per order (typical healthy: 10),Only 5 orders in 90 days (typical healthy: 10),No order for 8 days,Range review on visit: check for competitor SKUs on shelf
,,OUT-11994,Warung Maju Jaya Depok,Warung,Jabodetabek,Depok,SR-JKT-08,Hendra,0.0260,Low,19.8600,0.5156,6,Only 4 SKUs per order (typical healthy: 10),Pays 9 days late on average,,Range review on visit: check for competitor SKUs on shelf
,,OUT-10970,Warung Sumber Rezeki Bekasi 1,Warung,Jabodetabek,Bekasi,SR-JKT-11,Kartika,0.0184,Low,27.9080,0.5126,5,Only 5 SKUs per order (typical healthy: 10),Pays 5 days late on average,,Range review on visit: check for competitor SKUs on shelf
,,OUT-12365,Warung Sumber Rezeki Sidoarjo,Warung,Jawa Timur,Sidoarjo,SR-JTM-03,Indra,0.0202,Low,25.2520,0.5108,11,Only 4 SKUs per order (typical healthy: 10),No order for 11 days,Jawa Timur: regional churn running high,Range review on visit: check for competitor SKUs on shelf
,,OUT-11261,Mini Market Barokah Bekasi,Minimarket,Jabodetabek,Bekasi,SR-JKT-03,Citra,0.0035,Low,145.2880,0.5102,1,,,,"Account review: large account, no single warning sign"
,,OUT-11889,Warung Maju Jaya Binjai,Warung,Sumatera Utara,Binjai,SR-SMU-02,Taufik,0.0146,Low,34.7840,0.5077,7,Only 6 SKUs per order (typical healthy: 10),2 complaint(s) in 90 days,,Range review on visit: check for competitor SKUs on shelf
,,OUT-11715,Warung Mulia Tasikmalaya,Warung,Jawa Barat,Tasikmalaya,SR-JBR-08,Fitri,0.0232,Low,21.8240,0.5070,20,No order for 20 days,Only 6 SKUs per order (typical healthy: 10),Only 7 orders in 90 days (typical healthy: 10),Call this week to confirm next order; check shelf stock
,,OUT-10393,Warung Indah 8,Warung,Jawa Tengah,Solo,SR-JTG-09,Fajar,0.0559,Low,9.0640,0.5069,10,Only 5 SKUs per order (typical healthy: 10),Only 4 orders in 90 days (typical healthy: 10),No order for 10 days,Range review on visit: check for competitor SKUs on shelf
,,OUT-11217,Warung Segar Jaya Cimahi,Warung,Jawa Barat,Cimahi,SR-JBR-05,Agus,0.0386,Low,13.0920,0.5059,15,Only 5 SKUs per order (typical healthy: 10),No order for 15 days,Only 6 orders in 90 days (typical healthy: 10),Range review on visit: check for competitor SKUs on shelf
,,OUT-10859,Warung Murah Meriah 3,Warung,Jawa Barat,Tasikmalaya,SR-JBR-05,Agus,0.0193,Low,26.2000,0.5049,14,Only 6 SKUs per order (typical healthy: 10),No order for 14 days,Only 7 orders in 90 days (typical healthy: 10),Range review on visit: check for competitor SKUs on shelf
,,OUT-11841,Warung Indah Timur,Warung,Jabodetabek,Jakarta Timur,SR-JKT-09,Indra,0.0252,Low,19.9760,0.5038,18,No order for 18 days,Only 5 orders in 90 days (typical healthy: 10),Only 7 SKUs per order (typical healthy: 10),Call this week to confirm next order; check shelf stock
,,OUT-12523,Warung Murah Meriah Bandung 7,Warung,Jawa Barat,Bandung,SR-JBR-09,Hadi,0.0250,Low,20.1320,0.5030,8,Only 5 SKUs per order (typical healthy: 10),Only 6 orders in 90 days (typical healthy: 10),No order for 8 days,Range review on visit: check for competitor SKUs on shelf
,,OUT-10359,Toko Lancar Magelang,Warung,Jawa Tengah,Magelang,SR-JTG-08,Eko,0.0116,Low,43.1680,0.5024,6,Only 6 SKUs per order (typical healthy: 10),,,Range review on visit: check for competitor SKUs on shelf
,,OUT-10496,Toko Sumber Rezeki Solo,Warung,Jawa Tengah,Solo,SR-JTG-07,Dewi,0.2591,Medium,1.9360,0.5016,10,Only 1 orders in 90 days (typical healthy: 10),Only 2 SKUs per order (typical healthy: 10),No order for 10 days,Call this week to confirm next order; check shelf stock
,,OUT-10550,Toko Pelita Tasikmalaya,Warung,Jawa Barat,Tasikmalaya,SR-JBR-10,Irma,0.0270,Low,18.5080,0.5005,16,No order for 16 days,Only 6 SKUs per order (typical healthy: 10),Only 6 orders in 90 days (typical healthy: 10),Call this week to confirm next order; check shelf stock
,,OUT-12105,Toko Mulia 3,Warung,Jawa Tengah,Magelang,SR-JTG-06,Citra,0.0485,Low,10.3160,0.4999,16,Only 4 SKUs per order (typical healthy: 10),Only 4 orders in 90 days (typical healthy: 10),No order for 16 days,Range review on visit: check for competitor SKUs on shelf
,,OUT-12245,Toko Barokah Tasikmalaya 5,Warung,Jawa Barat,Tasikmalaya,SR-JBR-02,Taufik,0.0253,Low,19.7200,0.4997,6,Only 4 SKUs per order (typical healthy: 10),Only 5 orders in 90 days (typical healthy: 10),,Range review on visit: check for competitor SKUs on shelf
,,OUT-11527,Mini Market Lancar Bandung 3,Minimarket,Jawa Barat,Bandung,SR-JBR-01,Sari,0.0028,Low,178.0720,0.4960,0,,,,"Account review: large account, no single warning sign"
,,OUT-10183,Mini Market Lancar,Minimarket,Jawa Tengah,Pekalongan,SR-JTG-08,Eko,0.0024,Low,209.6800,0.4938,8,,,,"Account review: large account, no single warning sign"
,,OUT-11004,Warung Damai 3,Warung,Jabodetabek,Jakarta Barat,SR-JKT-13,Maya,0.0271,Low,18.2000,0.4929,3,Only 6 SKUs per order (typical healthy: 10),Only 6 orders in 90 days (typical healthy: 10),2 complaint(s) in 90 days,Range review on visit: check for competitor SKUs on shelf
,,OUT-12600,Toko Pelita 3,Minimarket,Sulawesi Selatan,Maros,SR-SLS-03,Hadi,0.0043,Low,115.7880,0.4924,2,,,,"Account review: large account, no single warning sign"
,,OUT-10456,Toko Bintang Timur Depok,Minimarket,Jabodetabek,Depok,SR-JKT-02,Budi,0.0052,Low,94.4600,0.4917,2,,,,"Account review: large account, no single warning sign"
,,OUT-10439,Warung Tunas Baru Surabaya 5,Warung,Jawa Timur,Surabaya,SR-JTM-10,Rizky,0.0202,Low,24.3400,0.4917,5,Only 6 SKUs per order (typical healthy: 10),2 complaint(s) in 90 days,Jawa Timur: regional churn running high,Range review on visit: check for competitor SKUs on shelf
,,OUT-10387,Warung Rukun Surabaya,Warung,Jawa Timur,Surabaya,SR-JTM-06,Lukman,0.0229,Low,21.4840,0.4916,5,Only 4 SKUs per order (typical healthy: 10),Pays 9 days late on average,Jawa Timur: regional churn running high,Range review on visit: check for competitor SKUs on shelf
,,OUT-12577,Warung Barokah 4,Warung,Jawa Timur,Malang,SR-JTM-07,Maya,0.0997,Low,4.9040,0.4891,23,Only 3 orders in 90 days (typical healthy: 10),No order for 23 days,Only 7 SKUs per order (typical healthy: 10),Call this week to confirm next order; check shelf stock
,,OUT-12162,Mini Market Maju Jaya Depok,Minimarket,Jabodetabek,Depok,SR-JKT-07,Gita,0.0028,Low,174.7120,0.4879,7,,,,"Account review: large account, no single warning sign"
,,OUT-12292,Toko Bintang Timur Kediri 5,Warung,Jawa Timur,Kediri,SR-JTM-03,Indra,0.0242,Low,19.9520,0.4835,2,Only 3 SKUs per order (typical healthy: 10),Pays 6 days late on average,Jawa Timur: regional churn running high,Range review on visit: check for competitor SKUs on shelf
,,OUT-11853,Mini Market Segar Jaya Magelang,Minimarket,Jawa Tengah,Magelang,SR-JTG-07,Dewi,0.0042,Low,114.0000,0.4835,4,,,,"Account review: large account, no single warning sign"
,,OUT-11093,Toko Murah Meriah Bandung,Warung,Jawa Barat,Bandung,SR-JBR-06,Bayu,0.0478,Low,10.1000,0.4824,12,Only 4 SKUs per order (typical healthy: 10),Only 5 orders in 90 days (typical healthy: 10),No order for 12 days,Range review on visit: check for competitor SKUs on shelf
,,OUT-11396,Warung Bahagia Bogor 5,Warung,Jabodetabek,Bogor,SR-JKT-10,Joko,0.0225,Low,21.4400,0.4822,8,Only 4 SKUs per order (typical healthy: 10),No order for 8 days,Only 8 orders in 90 days (typical healthy: 10),Range review on visit: check for competitor SKUs on shelf
,,OUT-10214,Warung Pelita,Warung,Jawa Timur,Gresik,SR-JTM-06,Lukman,0.0201,Low,23.8600,0.4805,8,Only 7 SKUs per order (typical healthy: 10),No order for 8 days,Jawa Timur: regional churn running high,Range review on visit: check for competitor SKUs on shelf
,,OUT-10576,Toko Rukun Semarang 8,Warung,Jawa Tengah,Semarang,SR-JTG-05,Budi,0.0240,Low,19.9360,0.4787,3,Only 5 SKUs per order (typical healthy: 10),Pays 7 days late on average,No rep visit for 78 days,Range review on visit: check for competitor SKUs on shelf
,,OUT-11263,Mini Market Tunas Baru Karawang,Minimarket,Jawa Barat,Karawang,SR-JBR-02,Taufik,0.0048,Low,98.6680,0.4784,1,,,,"Account review: large account, no single warning sign"
,,OUT-11835,Mini Market Sentosa Depok,Minimarket,Jabodetabek,Depok,SR-JKT-12,Lukman,0.0033,Low,144.4720,0.4781,2,,,,"Account review: large account, no single warning sign"
,,OUT-12570,Warung Tunas Baru Parepare,Warung,Sulawesi Selatan,Parepare,SR-SLS-05,Rina,0.0139,Low,34.3840,0.4773,8,Only 5 SKUs per order (typical healthy: 10),No order for 8 days,,Range review on visit: check for competitor SKUs on shelf
,,OUT-11393,Toko Sumber Rezeki Timur,Warung,Jabodetabek,Jakarta Timur,SR-JKT-02,Budi,0.0539,Low,8.8480,0.4766,4,Only 3 orders in 90 days (typical healthy: 10),Only 4 SKUs per order (typical healthy: 10),1 complaint(s) in 90 days,Call this week to confirm next order; check shelf stock
,,OUT-12263,Warung Setia Kawan 1,Warung,Jawa Barat,Bandung,SR-JBR-06,Bayu,0.0139,Low,34.1720,0.4764,12,Only 5 SKUs per order (typical healthy: 10),No order for 12 days,,Range review on visit: check for competitor SKUs on shelf
,,OUT-10973,Toko Harapan Baru Depok,Warung,Jabodetabek,Depok,SR-JKT-15,Putri,0.0188,Low,25.3000,0.4762,11,Only 6 SKUs per order (typical healthy: 10),No order for 11 days,,Range review on visit: check for competitor SKUs on shelf
,,OUT-12401,Warung Setia Kawan Purwokerto 6,Warung,Jawa Tengah,Purwokerto,SR-JTG-08,Eko,0.0247,Low,19.3160,0.4762,17,No order for 17 days,Only 7 SKUs per order (typical healthy: 10),Only 7 orders in 90 days (typical healthy: 10),Call this week to confirm next order; check shelf stock
,,OUT-11097,Toko Sinar Abadi Bekasi,Warung,Jabodetabek,Bekasi,SR-JKT-06,Fajar,0.0123,Low,38.6640,0.4743,16,Only 6 SKUs per order (typical healthy: 10),No order for 16 days,,Range review on visit: check for competitor SKUs on shelf
,,OUT-12179,Warung Lancar Bekasi 4,Warung,Jabodetabek,Bekasi,SR-JKT-15,Putri,0.0600,Low,7.8520,0.4710,23,Only 3 orders in 90 days (typical healthy: 10),No order for 23 days,Only 8 SKUs per order (typical healthy: 10),Call this week to confirm next order; check shelf stock
,,OUT-11803,Warung Indah Depok 2,Warung,Jabodetabek,Depok,SR-JKT-01,Andi,0.0234,Low,19.8560,0.4651,6,Only 5 SKUs per order (typical healthy: 10),Only 7 orders in 90 days (typical healthy: 10),Pays 5 days late on average,Range review on visit: check for competitor SKUs on shelf
,,OUT-11136,Supermarket Mekar Sari Tasikmalaya,Supermarket,Jawa Barat,Tasikmalaya,SR-JBR-04,Yoga,0.0002,Low,2711.4840,0.4640,2,,,,"Account review: large account, no single warning sign"
,,OUT-10685,Toko Sentosa Surabaya,Warung,Jawa Timur,Surabaya,SR-JTM-03,Indra,0.0353,Low,13.1200,0.4636,4,Only 4 SKUs per order (typical healthy: 10),Only 5 orders in 90 days (typical healthy: 10),Pays 12 days late on average,Range review on visit: check for competitor SKUs on shelf
,,OUT-10606,Warung Bahagia 2,Warung,Jawa Timur,Surabaya,SR-JTM-10,Rizky,0.0823,Low,5.6320,0.4634,15,Only 2 orders in 90 days (typical healthy: 10),Only 4 SKUs per order (typical healthy: 10),No order for 15 days,Call this week to confirm next order; check shelf stock
,,OUT-12598,Toko Mulia Cimahi 6,Warung,Jawa Barat,Cimahi,SR-JBR-01,Sari,0.0082,Low,56.3320,0.4628,11,Only 6 SKUs per order (typical healthy: 10),No order for 11 days,,Range review on visit: check for competitor SKUs on shelf
,,OUT-10357,Warung Damai,Warung,Jawa Timur,Surabaya,SR-JTM-07,Maya,0.0276,Low,16.7840,0.4627,10,Only 5 SKUs per order (typical healthy: 10),No order for 10 days,Only 7 orders in 90 days (typical healthy: 10),Range review on visit: check for competitor SKUs on shelf
,,OUT-10298,Warung Makmur Kediri 1,Warung,Jawa Timur,Kediri,SR-JTM-08,Nanda,0.0165,Low,28.0800,0.4623,11,Only 6 SKUs per order (typical healthy: 10),No order for 11 days,Jawa Timur: regional churn running high,Range review on visit: check for competitor SKUs on shelf
,,OUT-11896,Toko Mekar Sari Timur,Warung,Jabodetabek,Jakarta Timur,SR-JKT-09,Indra,0.0149,Low,31.0640,0.4617,23,No order for 23 days,Only 6 SKUs per order (typical healthy: 10),,Call this week to confirm next order; check shelf stock
,,OUT-11362,Warung Subur Cimahi,Warung,Jawa Barat,Cimahi,SR-JBR-11,Rina,0.0368,Low,12.5120,0.4608,12,Only 6 SKUs per order (typical healthy: 10),Only 5 orders in 90 days (typical healthy: 10),No order for 12 days,Range review on visit: check for competitor SKUs on shelf
,,OUT-10223,Warung Murah Meriah Gresik 1,Warung,Jawa Timur,Gresik,SR-JTM-08,Nanda,0.0198,Low,23.2800,0.4603,0,Only 4 SKUs per order (typical healthy: 10),Only 7 orders in 90 days (typical healthy: 10),Jawa Timur: regional churn running high,Range review on visit: check for competitor SKUs on shelf
,,OUT-12528,Warung Cahaya Binjai,Warung,Sumatera Utara,Binjai,SR-SMU-05,Agus,0.0268,Low,17.1080,0.4591,4,Only 6 SKUs per order (typical healthy: 10),Only 7 orders in 90 days (typical healthy: 10),No rep visit for 44 days,Range review on visit: check for competitor SKUs on shelf
,,OUT-10937,Warung Anugerah Gowa,Warung,Sulawesi Selatan,Gowa,SR-SLS-05,Rina,0.0136,Low,33.6440,0.4590,11,Only 6 SKUs per order (typical healthy: 10),No order for 11 days,,Range review on visit: check for competitor SKUs on shelf
,,OUT-12498,Toko Karya Mandiri 5,Minimarket,Jabodetabek,Depok,SR-JKT-06,Fajar,0.0037,Low,122.8880,0.4546,0,,,,"Account review: large account, no single warning sign"
,,OUT-11545,Toko Damai Tasikmalaya 3,Minimarket,Jawa Barat,Tasikmalaya,SR-JBR-02,Taufik,0.0025,Low,182.3560,0.4545,0,,,,"Account review: large account, no single warning sign"
,,OUT-10975,Warung Sentosa Tasikmalaya,Warung,Jawa Barat,Tasikmalaya,SR-JBR-02,Taufik,0.0374,Low,12.1520,0.4541,19,Only 4 orders in 90 days (typical healthy: 10),No order for 19 days,Only 6 SKUs per order (typical healthy: 10),Call this week to confirm next order; check shelf stock
,,OUT-11872,Warung Bintang Timur Cimahi,Warung,Jawa Barat,Cimahi,SR-JBR-10,Irma,0.0187,Low,24.2240,0.4525,11,Only 5 SKUs per order (typical healthy: 10),No order for 11 days,,Range review on visit: check for competitor SKUs on shelf
,,OUT-10976,Toko Sentosa 8,Warung,Jawa Tengah,Semarang,SR-JTG-02,Yudi,0.0280,Low,16.1520,0.4521,7,Only 5 SKUs per order (typical healthy: 10),Only 5 orders in 90 days (typical healthy: 10),No order for 7 days,Range review on visit: check for competitor SKUs on shelf
,,OUT-12585,Warung Cahaya Timur 8,Warung,Jabodetabek,Jakarta Timur,SR-JKT-14,Nanda,0.0281,Low,16.1080,0.4521,12,Only 5 SKUs per order (typical healthy: 10),No order for 12 days,Only 8 orders in 90 days (typical healthy: 10),Range review on visit: check for competitor SKUs on shelf
,,OUT-11866,Toko Indah 3,Warung,Sumatera Utara,Pematangsiantar,SR-SMU-04,Yoga,0.0145,Low,31.0760,0.4516,4,Only 5 SKUs per order (typical healthy: 10),,,Range review on visit: check for competitor SKUs on shelf
,,OUT-11430,Supermarket Pelita 4,Supermarket,Jawa Barat,Cimahi,SR-JBR-02,Taufik,0.0002,Low,1979.5760,0.4512,0,,,,"Account review: large account, no single warning sign"
,,OUT-11244,Mini Market Cahaya Bogor 7,Minimarket,Jabodetabek,Bogor,SR-JKT-15,Putri,0.0024,Low,188.1600,0.4483,11,,,,"Account review: large account, no single warning sign"
,,OUT-12159,Warung Murah Meriah Cirebon,Warung,Jawa Barat,Cirebon,SR-JBR-09,Hadi,0.0201,Low,22.3320,0.4479,21,No order for 21 days,Only 7 SKUs per order (typical healthy: 10),No rep visit for 63 days,Call this week to confirm next order; check shelf stock
,,OUT-12023,Mini Market Pelita Bekasi,Minimarket,Jabodetabek,Bekasi,SR-JKT-09,Indra,0.0042,Low,105.4120,0.4475,1,,,,"Account review: large account, no single warning sign"
,,OUT-10831,Mini Market Bintang Timur Purwokerto 6,Minimarket,Jawa Tengah,Purwokerto,SR-JTG-03,Lestari,0.0076,Low,58.3000,0.4453,0,Only 6 orders in 90 days (typical healthy: 10),,,Call this week to confirm next order; check shelf stock
,,OUT-11863,Warung Tunas Baru Gowa,Warung,Sulawesi Selatan,Gowa,SR-SLS-05,Rina,0.0168,Low,26.3720,0.4434,11,Only 6 SKUs per order (typical healthy: 10),No order for 11 days,Only 8 orders in 90 days (typical healthy: 10),Range review on visit: check for competitor SKUs on shelf
,,OUT-12442,Toko Sinar Abadi 7,Warung,Jabodetabek,Bekasi,SR-JKT-08,Hendra,0.0909,Low,4.8480,0.4407,5,Only 2 orders in 90 days (typical healthy: 10),Only 6 SKUs per order (typical healthy: 10),1 complaint(s) in 90 days,Call this week to confirm next order; check shelf stock
,,OUT-10968,Mini Market Damai Tangerang,Minimarket,Jabodetabek,Tangerang,SR-JKT-04,Dewi,0.0012,Low,380.1200,0.4396,6,,,,"Account review: large account, no single warning sign"
,,OUT-12118,Toko Damai Bekasi 4,Minimarket,Jabodetabek,Bekasi,SR-JKT-15,Putri,0.0043,Low,101.3560,0.4393,0,,,,"Account review: large account, no single warning sign"
,,OUT-10385,Toko Setia Kawan Karawang 8,Warung,Jawa Barat,Karawang,SR-JBR-01,Sari,0.0215,Low,20.4440,0.4391,13,Only 5 SKUs per order (typical healthy: 10),No order for 13 days,Only 8 orders in 90 days (typical healthy: 10),Range review on visit: check for competitor SKUs on shelf
,,OUT-10794,Toko Indah 6,Warung,Jabodetabek,Bogor,SR-JKT-12,Lukman,0.0354,Low,12.2680,0.4349,5,Only 4 SKUs per order (typical healthy: 10),Only 5 orders in 90 days (typical healthy: 10),Pays 7 days late on average,Range review on visit: check for competitor SKUs on shelf
,,OUT-10174,Toko Rukun Parepare,Warung,Sulawesi Selatan,Parepare,SR-SLS-04,Irma,0.0219,Low,19.7040,0.4320,2,Only 3 SKUs per order (typical healthy: 10),No rep visit for 69 days,0 rep visits in 60 days,Range review on visit: check for competitor SKUs on shelf
,,OUT-11350,Warung Rukun Barat 2,Warung,Jabodetabek,Jakarta Barat,SR-JKT-08,Hendra,0.0396,Low,10.8880,0.4309,3,Only 3 SKUs per order (typical healthy: 10),Only 4 orders in 90 days (typical healthy: 10),Pays 12 days late on average,Range review on visit: check for competitor SKUs on shelf
,,OUT-11890,Toko Segar Jaya 1,Minimarket,Jawa Barat,Tasikmalaya,SR-JBR-10,Irma,0.0042,Low,102.6440,0.4307,0,,,,"Account review: large account, no single warning sign"
,,OUT-10813,Toko Indah Makassar,Minimarket,Sulawesi Selatan,Makassar,SR-SLS-05,Rina,0.0046,Low,93.8960,0.4296,3,,,,"Account review: large account, no single warning sign"
,,OUT-11737,Toko Mitra Usaha Medan 8,Warung,Sumatera Utara,Medan,SR-SMU-01,Sari,0.0512,Low,8.3040,0.4253,4,Only 4 SKUs per order (typical healthy: 10),Only 5 orders in 90 days (typical healthy: 10),Pays 10 days late on average,Range review on visit: check for competitor SKUs on shelf
,,OUT-10373,Warung Mitra Usaha Tasikmalaya,Warung,Jawa Barat,Tasikmalaya,SR-JBR-07,Dimas,0.0158,Low,26.9120,0.4250,2,Only 5 SKUs per order (typical healthy: 10),Only 7 orders in 90 days (typical healthy: 10),No rep visit for 88 days,Range review on visit: check for competitor SKUs on shelf
,,OUT-11713,Toko Karya Mandiri Parepare,Warung,Sulawesi Selatan,Parepare,SR-SLS-02,Fitri,0.0176,Low,24.0520,0.4240,7,Only 6 SKUs per order (typical healthy: 10),No order for 7 days,,Range review on visit: check for competitor SKUs on shelf
,,OUT-11365,Toko Berkah 5,Warung,Jawa Barat,Cirebon,SR-JBR-10,Irma,0.1320,Low,3.2040,0.4230,18,Only 2 orders in 90 days (typical healthy: 10),No order for 18 days,Only 6 SKUs per order (typical healthy: 10),Call this week to confirm next order; check shelf stock
,,OUT-11591,Toko Tunas Baru Barat,Warung,Jabodetabek,Jakarta Barat,SR-JKT-09,Indra,0.0120,Low,35.2080,0.4223,20,No order for 20 days,Only 6 SKUs per order (typical healthy: 10),,Call this week to confirm next order; check shelf stock
,,OUT-10703,Warung Indah 7,Warung,Jabodetabek,Bogor,SR-JKT-03,Citra,0.0159,Low,26.5200,0.4221,4,Only 4 SKUs per order (typical healthy: 10),Pays 9 days late on average,2 complaint(s) in 90 days,Range review on visit: check for competitor SKUs on shelf
,,OUT-10468,Toko Cahaya Gowa,Warung,Sulawesi Selatan,Gowa,SR-SLS-01,Dimas,0.0230,Low,18.3600,0.4214,7,Only 5 SKUs per order (typical healthy: 10),Only 7 orders in 90 days (typical healthy: 10),No order for 7 days,Range review on visit: check for competitor SKUs on shelf
,,OUT-11749,Mini Market Mulia Semarang 8,Minimarket,Jawa Tengah,Semarang,SR-JTG-01,Teguh,0.0029,Low,147.1880,0.4209,0,,,,"Account review: large account, no single warning sign"
,,OUT-10129,Warung Sumber Rezeki 7,Warung,Jabodetabek,Bogor,SR-JKT-06,Fajar,0.0271,Low,15.5000,0.4199,3,Only 5 SKUs per order (typical healthy: 10),Only 7 orders in 90 days (typical healthy: 10),No rep visit for 61 days,Range review on visit: check for competitor SKUs on shelf
,,OUT-10739,Toko Berkah Cirebon 2,Warung,Jawa Barat,Cirebon,SR-JBR-10,Irma,0.0369,Low,11.3480,0.4185,12,Only 6 SKUs per order (typical healthy: 10),Only 5 orders in 90 days (typical healthy: 10),No order for 12 days,Range review on visit: check for competitor SKUs on shelf
,,OUT-10420,Toko Sinar Abadi Serdang,Warung,Sumatera Utara,Deli Serdang,SR-SMU-02,Taufik,0.0246,Low,16.9120,0.4164,4,Only 5 SKUs per order (typical healthy: 10),Only 6 orders in 90 days (typical healthy: 10),Pays 6 days late on average,Range review on visit: check for competitor SKUs on shelf
,,OUT-11208,Toko Makmur Magelang,Minimarket,Jawa Tengah,Magelang,SR-JTG-08,Eko,0.0029,Low,144.9800,0.4149,6,,,,"Account review: large account, no single warning sign"
,,OUT-12334,Warung Karya Mandiri Bekasi,Warung,Jabodetabek,Bekasi,SR-JKT-08,Hendra,0.1874,Medium,2.2120,0.4146,72,Only 1 orders in 90 days (typical healthy: 10),No order for 72 days,Only 7 SKUs per order (typical healthy: 10),Call this week to confirm next order; check shelf stock
,,OUT-11031,Toko Maju Jaya Magelang 1,Warung,Jawa Tengah,Magelang,SR-JTG-09,Fajar,0.0202,Low,20.5320,0.4141,4,Only 5 SKUs per order (typical healthy: 10),No rep visit for 177 days,Only 8 orders in 90 days (typical healthy: 10),Range review on visit: check for competitor SKUs on shelf
,,OUT-11344,Toko Harapan Baru 4,Minimarket,Jawa Tengah,Solo,SR-JTG-09,Fajar,0.0028,Low,147.9640,0.4137,0,,,,"Account review: large account, no single warning sign"
,,OUT-11997,Toko Barokah Karawang 4,Warung,Jawa Barat,Karawang,SR-JBR-05,Agus,0.0141,Low,29.2360,0.4136,11,Only 5 SKUs per order (typical healthy: 10),No order for 11 days,Pays 8 days late on average,Range review on visit: check for competitor SKUs on shelf
,,OUT-11862,Toko Murah Meriah Gowa,Warung,Sulawesi Selatan,Gowa,SR-SLS-03,Hadi,0.0204,Low,20.0760,0.4100,1,Only 4 SKUs per order (typical healthy: 10),Pays 10 days late on average,Only 7 orders in 90 days (typical healthy: 10),Range review on visit: check for competitor SKUs on shelf
,,OUT-10232,Toko Tunas Baru Cimahi 2,Minimarket,Jawa Barat,Cimahi,SR-JBR-06,Bayu,0.0024,Low,168.5360,0.4096,4,,,,"Account review: large account, no single warning sign"
,,OUT-11564,Toko Setia Kawan Pematangsiantar 1,Warung,Sumatera Utara,Pematangsiantar,SR-SMU-03,Wulan,0.0340,Low,11.9200,0.4058,9,Only 4 SKUs per order (typical healthy: 10),Only 4 orders in 90 days (typical healthy: 10),No order for 9 days,Range review on visit: check for competitor SKUs on shelf
,,OUT-11865,Toko Segar Jaya Sidoarjo 6,Warung,Jawa Timur,Sidoarjo,SR-JTM-06,Lukman,0.0265,Low,15.2680,0.4052,8,Only 6 SKUs per order (typical healthy: 10),Only 5 orders in 90 days (typical healthy: 10),No order for 8 days,Range review on visit: check for competitor SKUs on shelf
,,OUT-11584,Toko Pelita Depok,Minimarket,Jabodetabek,Depok,SR-JKT-06,Fajar,0.0050,Low,80.4280,0.4005,1,,,,"Account review: large account, no single warning sign"
,,OUT-11019,Warung Harapan Baru Tangerang 3,Warung,Jabodetabek,Tangerang,SR-JKT-13,Maya,0.0707,Low,5.6560,0.4000,2,Only 2 SKUs per order (typical healthy: 10),Only 3 orders in 90 days (typical healthy: 10),Pays 24 days late on average,Range review on visit: check for competitor SKUs on shelf
,,OUT-11679,Warung Karya Mandiri 7,Warung,Sumatera Utara,Deli Serdang,SR-SMU-04,Yoga,0.0144,Low,27.6720,0.3984,3,Only 5 SKUs per order (typical healthy: 10),,,Range review on visit: check for competitor SKUs on shelf
,,OUT-10983,Warung Barokah 3,Warung,Jawa Timur,Surabaya,SR-JTM-01,Gita,0.0702,Low,5.6600,0.3976,3,Only 3 orders in 90 days (typical healthy: 10),Only 5 SKUs per order (typical healthy: 10),Pays 8 days late on average,Call this week to confirm next order; check shelf stock
,,OUT-10921,Mini Market Bahagia Depok,Minimarket,Jabodetabek,Depok,SR-JKT-09,Indra,0.0053,Low,75.0480,0.3973,0,,,,"Account review: large account, no single warning sign"
,,OUT-12456,Warung Sentosa Solo 3,Warung,Jawa Tengah,Solo,SR-JTG-05,Budi,0.0174,Low,22.8000,0.3964,6,Only 4 SKUs per order (typical healthy: 10),Only 6 orders in 90 days (typical healthy: 10),Pays 8 days late on average,Range review on visit: check for competitor SKUs on shelf
,,OUT-11598,Swalayan Setia Kawan Bogor 5,Supermarket,Jabodetabek,Bogor,SR-JKT-12,Lukman,0.0002,Low,2430.3480,0.3958,2,,,,"Account review: large account, no single warning sign"
,,OUT-11517,Toko Pelita Bekasi,Minimarket,Jabodetabek,Bekasi,SR-JKT-01,Andi,0.0025,Low,159.8680,0.3952,0,,,,"Account review: large account, no single warning sign"
,,OUT-11077,Toko Maju Jaya Semarang,Warung,Jawa Tengah,Semarang,SR-JTG-04,Andi,0.0517,Low,7.5920,0.3929,0,Only 3 orders in 90 days (typical healthy: 10),Only 3 SKUs per order (typical healthy: 10),Pays 21 days late on average,Call this week to confirm next order; check shelf stock
,,OUT-11928,Toko Anugerah Malang,Minimarket,Jawa Timur,Malang,SR-JTM-05,Kartika,0.0019,Low,203.3360,0.3928,0,,,,"Account review: large account, no single warning sign"
,,OUT-11588,Warung Maju Jaya Purwokerto,Warung,Jawa Tengah,Purwokerto,SR-JTG-02,Yudi,0.0178,Low,21.9840,0.3903,7,Only 5 SKUs per order (typical healthy: 10),No order for 7 days,No rep visit for 37 days,Range review on visit: check for competitor SKUs on shelf
,,OUT-10060,Warung Tunas Baru Timur,Warung,Jabodetabek,Jakarta Timur,SR-JKT-09,Indra,0.0133,Low,29.3680,0.3899,11,Only 6 SKUs per order (typical healthy: 10),No order for 11 days,,Range review on visit: check for competitor SKUs on shelf
,,OUT-12356,Toko Maju Jaya 8,Warung,Jawa Timur,Gresik,SR-JTM-01,Gita,0.0207,Low,18.8400,0.3898,2,Only 6 SKUs per order (typical healthy: 10),Only 7 orders in 90 days (typical healthy: 10),Jawa Timur: regional churn running high,Range review on visit: check for competitor SKUs on shelf
,,OUT-12034,Toko Anugerah Cirebon,Warung,Jawa Barat,Cirebon,SR-JBR-10,Irma,0.0212,Low,18.3680,0.3888,17,Only 6 SKUs per order (typical healthy: 10),No order for 17 days,Only 5 orders in 90 days (typical healthy: 10),Range review on visit: check for competitor SKUs on shelf
,,OUT-12574,Toko Bahagia Binjai 4,Warung,Sumatera Utara,Binjai,SR-SMU-01,Sari,0.0121,Low,32.1400,0.3875,2,Only 5 SKUs per order (typical healthy: 10),2 complaint(s) in 90 days,,Range review on visit: check for competitor SKUs on shelf
,,OUT-10733,Toko Harapan Baru 1,Warung,Jabodetabek,Tangerang,SR-JKT-02,Budi,0.0090,Low,42.9880,0.3870,5,Only 6 SKUs per order (typical healthy: 10),,,Range review on visit: check for competitor SKUs on shelf
,,OUT-11554,Mini Market Maju Jaya Tasikmalaya,Minimarket,Jawa Barat,Tasikmalaya,SR-JBR-08,Fitri,0.0033,Low,118.7400,0.3864,0,,,,"Account review: large account, no single warning sign"
,,OUT-12201,Toko Sentosa Depok,Warung,Jabodetabek,Depok,SR-JKT-15,Putri,0.0326,Low,11.8560,0.3861,8,Only 4 SKUs per order (typical healthy: 10),Only 5 orders in 90 days (typical healthy: 10),2 complaint(s) in 90 days,Range review on visit: check for competitor SKUs on shelf
,,OUT-10400,Warung Karya Mandiri 4,Warung,Jawa Barat,Bandung,SR-JBR-03,Wulan,0.0258,Low,14.9600,0.3855,23,No order for 23 days,Only 5 SKUs per order (typical healthy: 10),Only 5 orders in 90 days (typical healthy: 10),Call this week to confirm next order; check shelf stock
,,OUT-11347,Toko Mulia Cirebon 7,Warung,Jawa Barat,Cirebon,SR-JBR-07,Dimas,0.0203,Low,18.9680,0.3852,3,Only 5 SKUs per order (typical healthy: 10),Only 5 orders in 90 days (typical healthy: 10),,Range review on visit: check for competitor SKUs on shelf
,,OUT-12439,Swalayan Rukun Tasikmalaya,Supermarket,Jawa Barat,Tasikmalaya,SR-JBR-03,Wulan,0.0002,Low,1774.4760,0.3822,0,,,,"Account review: large account, no single warning sign"
,,OUT-10101,Mini Market Barokah Medan 6,Minimarket,Sumatera Utara,Medan,SR-SMU-03,Wulan,0.0022,Low,175.2440,0.3817,1,,,,"Account review: large account, no single warning sign"
,,OUT-10240,Toko Setia Kawan Timur 5,Warung,Jabodetabek,Jakarta Timur,SR-JKT-05,Eko,0.0159,Low,23.9440,0.3816,3,Only 5 SKUs per order (typical healthy: 10),Only 6 orders in 90 days (typical healthy: 10),,Range review on visit: check for competitor SKUs on shelf
,,OUT-12326,Toko Karya Mandiri Maros 1,Warung,Sulawesi Selatan,Maros,SR-SLS-05,Rina,0.0205,Low,18.5720,0.3813,8,Only 5 SKUs per order (typical healthy: 10),No order for 8 days,Only 8 orders in 90 days (typical healthy: 10),Range review on visit: check for competitor SKUs on shelf
,,OUT-11812,Warung Bintang Timur Karawang,Warung,Jawa Barat,Karawang,SR-JBR-08,Fitri,0.0085,Low,44.7720,0.3798,3,Only 5 SKUs per order (typical healthy: 10),,,Range review on visit: check for competitor SKUs on shelf
,,OUT-10023,Toko Maju Jaya 5,Warung,Sulawesi Selatan,Parepare,SR-SLS-03,Hadi,0.0122,Low,31.0120,0.3783,6,Only 7 SKUs per order (typical healthy: 10),,,Range review on visit: check for competitor SKUs on shelf
,,OUT-11847,Toko Karya Mandiri 4,Warung,Jawa Barat,Bandung,SR-JBR-08,Fitri,0.0118,Low,31.9600,0.3770,3,Only 7 SKUs per order (typical healthy: 10),No rep visit for 77 days,,Range review on visit: check for competitor SKUs on shelf
,,OUT-10753,Warung Sejahtera Barat,Warung,Jabodetabek,Jakarta Barat,SR-JKT-09,Indra,0.0100,Low,37.6400,0.3763,23,No order for 23 days,Only 7 SKUs per order (typical healthy: 10),,Call this week to confirm next order; check shelf stock
,,OUT-10717,UD Maju Jaya Solo 7,Grosir,Jawa Tengah,Solo,SR-JTG-01,Teguh,0.0007,Low,508.2520,0.3751,0,,,,"Account review: large account, no single warning sign"
,,OUT-12150,Warung Murah Meriah Barat,Warung,Jabodetabek,Jakarta Barat,SR-JKT-16,Rizky,0.0151,Low,24.6160,0.3724,3,Only 6 SKUs per order (typical healthy: 10),Only 8 orders in 90 days (typical healthy: 10),,Range review on visit: check for competitor SKUs on shelf
,,OUT-11395,Warung Sinar Abadi Medan,Warung,Sumatera Utara,Medan,SR-SMU-01,Sari,0.2907,Medium,1.2800,0.3721,59,Only 1 orders in 90 days (typical healthy: 10),No order for 59 days,Only 2 SKUs per order (typical healthy: 10),Call this week to confirm next order; check shelf stock
,,OUT-12198,Toko Bintang Timur Solo 1,Minimarket,Jawa Tengah,Solo,SR-JTG-04,Andi,0.0028,Low,133.7040,0.3713,6,,,,"Account review: large account, no single warning sign"
,,OUT-12197,Warung Barokah Depok 3,Warung,Jabodetabek,Depok,SR-JKT-08,Hendra,0.0133,Low,27.8320,0.3700,1,Only 5 SKUs per order (typical healthy: 10),No rep visit for 121 days,,Range review on visit: check for competitor SKUs on shelf
,,OUT-10124,Toko Mitra Usaha 8,Warung,Jawa Barat,Cirebon,SR-JBR-05,Agus,0.0303,Low,12.1040,0.3669,13,Only 5 SKUs per order (typical healthy: 10),No order for 13 days,Only 6 orders in 90 days (typical healthy: 10),Range review on visit: check for competitor SKUs on shelf
,,OUT-12371,Mini Market Sejahtera Bandung,Minimarket,Jawa Barat,Bandung,SR-JBR-07,Dimas,0.0178,Low,20.6640,0.3669,1,Only 4 orders in 90 days (typical healthy: 10),No rep visit for 224 days,Pays 8 days late on average,Call this week to confirm next order; check shelf stock
,,OUT-11613,Mini Market Karya Mandiri Kediri,Minimarket,Jawa Timur,Kediri,SR-JTM-10,Rizky,0.0022,Low,164.9120,0.3663,0,,,,"Account review: large account, no single warning sign"
,,OUT-12122,Toko Karya Mandiri Bogor,Minimarket,Jabodetabek,Bogor,SR-JKT-10,Joko,0.0017,Low,209.2800,0.3638,7,,,,"Account review: large account, no single warning sign"
,,OUT-11251,Toko Barokah Bekasi,Warung,Jabodetabek,Bekasi,SR-JKT-06,Fajar,0.0096,Low,37.8400,0.3635,7,Only 6 SKUs per order (typical healthy: 10),,,Range review on visit: check for competitor SKUs on shelf
,,OUT-10009,Toko Karya Mandiri,Minimarket,Jabodetabek,Bekasi,SR-JKT-06,Fajar,0.0026,Low,140.8200,0.3617,0,,,,"Account review: large account, no single warning sign"
,,OUT-10636,Toko Sumber Rezeki 8,Warung,Jabodetabek,Jakarta Timur,SR-JKT-08,Hendra,0.0131,Low,27.6520,0.3613,18,No order for 18 days,Only 6 SKUs per order (typical healthy: 10),,Call this week to confirm next order; check shelf stock
,,OUT-11071,Warung Mekar Sari Binjai 2,Warung,Sumatera Utara,Binjai,SR-SMU-03,Wulan,0.0175,Low,20.5920,0.3609,7,Only 4 SKUs per order (typical healthy: 10),Only 5 orders in 90 days (typical healthy: 10),No order for 7 days,Range review on visit: check for competitor SKUs on shelf
,,OUT-10617,Toko Mitra Usaha Gresik,Warung,Jawa Timur,Gresik,SR-JTM-07,Maya,0.0128,Low,28.1080,0.3598,4,Only 6 SKUs per order (typical healthy: 10),Jawa Timur: regional churn running high,,Range review on visit: check for competitor SKUs on shelf
,,OUT-11838,Warung Cahaya 8,Warung,Jawa Barat,Karawang,SR-JBR-01,Sari,0.0078,Low,45.8800,0.3590,15,No order for 15 days,Only 6 SKUs per order (typical healthy: 10),,Call this week to confirm next order; check shelf stock
,,OUT-10903,Warung Mitra Usaha Barat,Warung,Jabodetabek,Jakarta Barat,SR-JKT-03,Citra,0.0099,Low,36.0520,0.3582,11,Only 7 SKUs per order (typical healthy: 10),No order for 11 days,,Range review on visit: check for competitor SKUs on shelf
,,OUT-12568,UD Mitra Usaha 3,Grosir,Jabodetabek,Depok,SR-JKT-03,Citra,0.0003,Low,1047.9480,0.3576,0,,,,"Account review: large account, no single warning sign"
,,OUT-10702,Toko Sejahtera Cimahi,Warung,Jawa Barat,Cimahi,SR-JBR-03,Wulan,0.0143,Low,24.9640,0.3574,14,No order for 14 days,Only 8 SKUs per order (typical healthy: 10),No rep visit for 62 days,Call this week to confirm next order; check shelf stock
,,OUT-11764,Swalayan Indah Barat,Supermarket,Jabodetabek,Jakarta Barat,SR-JKT-07,Gita,0.0001,Low,2762.3040,0.3558,0,,,,"Account review: large account, no single warning sign"
,,OUT-12020,Mini Market Bintang Timur Karawang,Minimarket,Jawa Barat,Karawang,SR-JBR-04,Yoga,0.0027,Low,129.3360,0.3543,5,,,,"Account review: large account, no single warning sign"
,,OUT-11558,Warung Mekar Sari Semarang,Warung,Jawa Tengah,Semarang,SR-JTG-04,Andi,0.0708,Low,5.0000,0.3539,22,Only 3 SKUs per order (typical healthy: 10),No order for 22 days,Only 4 orders in 90 days (typical healthy: 10),Range review on visit: check for competitor SKUs on shelf
,,OUT-11154,UD Anugerah Depok 7,Grosir,Jabodetabek,Depok,SR-JKT-01,Andi,0.0004,Low,830.0800,0.3539,1,,,,"Account review: large account, no single warning sign"
,,OUT-10828,Toko Grosir Harapan Baru,Grosir,Jabodetabek,Tangerang,SR-JKT-10,Joko,0.0004,Low,944.8440,0.3527,0,,,,"Account review: large account, no single warning sign"
,,OUT-11028,Mini Market Mitra Usaha Tasikmalaya,Minimarket,Jawa Barat,Tasikmalaya,SR-JBR-03,Wulan,0.0019,Low,181.5120,0.3526,4,,,,"Account review: large account, no single warning sign"
,,OUT-12054,Toko Mulia Binjai 3,Warung,Sumatera Utara,Binjai,SR-SMU-05,Agus,0.0107,Low,32.7680,0.3508,13,Only 6 SKUs per order (typical healthy: 10),No order for 13 days,,Range review on visit: check for competitor SKUs on shelf
,,OUT-12347,Mini Market Karya Mandiri 1,Minimarket,Sumatera Utara,Binjai,SR-SMU-02,Taufik,0.0015,Low,236.2960,0.3504,1,,,,"Account review: large account, no single warning sign"
,,OUT-10769,Warung Subur Depok 2,Warung,Jabodetabek,Depok,SR-JKT-06,Fajar,0.0159,Low,21.9720,0.3502,11,Only 5 SKUs per order (typical healthy: 10),No order for 11 days,,Range review on visit: check for competitor SKUs on shelf
,,OUT-12225,Warung Rukun 6,Warung,Sumatera Utara,Medan,SR-SMU-01,Sari,0.0088,Low,39.8800,0.3500,3,Only 6 SKUs per order (typical healthy: 10),,,Range review on visit: check for competitor SKUs on shelf
,,OUT-11922,Toko Harapan Baru Tasikmalaya,Warung,Jawa Barat,Tasikmalaya,SR-JBR-06,Bayu,0.0148,Low,23.6240,0.3485,6,Only 6 SKUs per order (typical healthy: 10),No rep visit for 88 days,Only 8 orders in 90 days (typical healthy: 10),Range review on visit: check for competitor SKUs on shelf
,,OUT-11444,Supermarket Tunas Baru Barat,Supermarket,Jabodetabek,Jakarta Barat,SR-JKT-01,Andi,0.0002,Low,1633.8440,0.3469,2,,,,"Account review: large account, no single warning sign"
,,OUT-10135,Warung Barokah,Warung,Jawa Tengah,Purwokerto,SR-JTG-08,Eko,0.0136,Low,25.1680,0.3426,9,Only 7 SKUs per order (typical healthy: 10),No order for 9 days,No rep visit for 61 days,Range review on visit: check for competitor SKUs on shelf
,,OUT-10856,UD Pelita 2,Grosir,Jawa Barat,Tasikmalaya,SR-JBR-03,Wulan,0.0005,Low,642.2240,0.3413,2,,,,"Account review: large account, no single warning sign"
,,OUT-10936,Toko Grosir Mitra Usaha,Grosir,Jabodetabek,Bogor,SR-JKT-01,Andi,0.0004,Low,908.3040,0.3412,0,,,,"Account review: large account, no single warning sign"
,,OUT-11843,Toko Grosir Pelita 3,Grosir,Jabodetabek,Tangerang,SR-JKT-03,Citra,0.0004,Low,808.9080,0.3408,0,,,,"Account review: large account, no single warning sign"
,,OUT-10161,Mini Market Sumber Rezeki Depok,Minimarket,Jabodetabek,Depok,SR-JKT-14,Nanda,0.0023,Low,145.8240,0.3402,0,,,,"Account review: large account, no single warning sign"
,,OUT-11094,Mini Market Murah Meriah Timur 1,Minimarket,Jabodetabek,Jakarta Timur,SR-JKT-02,Budi,0.0018,Low,191.0120,0.3400,0,,,,"Account review: large account, no single warning sign"
,,OUT-12274,Toko Maju Jaya Binjai,Minimarket,Sumatera Utara,Binjai,SR-SMU-02,Taufik,0.0023,Low,146.4240,0.3400,0,,,,"Account review: large account, no single warning sign"
,,OUT-10734,Warung Cahaya Tasikmalaya 1,Warung,Jawa Barat,Tasikmalaya,SR-JBR-05,Agus,0.0201,Low,16.9000,0.3396,10,Only 6 SKUs per order (typical healthy: 10),Only 5 orders in 90 days (typical healthy: 10),No order for 10 days,Range review on visit: check for competitor SKUs on shelf
,,OUT-12212,Toko Barokah Bandung,Minimarket,Jawa Barat,Bandung,SR-JBR-06,Bayu,0.0020,Low,169.4840,0.3391,11,,,,"Account review: large account, no single warning sign"
,,OUT-11254,Warung Tunas Baru Pekalongan,Warung,Jawa Tengah,Pekalongan,SR-JTG-04,Andi,0.0133,Low,25.4120,0.3385,4,Only 4 SKUs per order (typical healthy: 10),No rep visit for 62 days,,Range review on visit: check for competitor SKUs on shelf
,,OUT-12330,Toko Tunas Baru Purwokerto,Warung,Jawa Tengah,Purwokerto,SR-JTG-05,Budi,0.0089,Low,37.9800,0.3362,7,Only 5 SKUs per order (typical healthy: 10),,,Range review on visit: check for competitor SKUs on shelf
,,OUT-12351,Warung Sumber Rezeki 2,Warung,Jabodetabek,Tangerang,SR-JKT-08,Hendra,0.0129,Low,25.8920,0.3350,4,Only 6 SKUs per order (typical healthy: 10),No rep visit for 68 days,,Range review on visit: check for competitor SKUs on shelf
,,OUT-10149,Mini Market Harapan Baru 2,Minimarket,Jawa Barat,Cirebon,SR-JBR-10,Irma,0.0015,Low,220.0280,0.3341,2,,,,"Account review: large account, no single warning sign"
,,OUT-11317,Mini Market Tunas Baru Magelang,Minimarket,Jawa Tengah,Magelang,SR-JTG-07,Dewi,0.0017,Low,193.8800,0.3340,8,,,,"Account review: large account, no single warning sign"
,,OUT-11796,Warung Anugerah 3,Warung,Jawa Barat,Cirebon,SR-JBR-03,Wulan,0.0111,Low,30.0000,0.3339,6,Only 4 SKUs per order (typical healthy: 10),,,Range review on visit: check for competitor SKUs on shelf
,,OUT-11907,Toko Damai Karawang,Warung,Jawa Barat,Karawang,SR-JBR-10,Irma,0.0071,Low,46.5400,0.3326,11,Only 7 SKUs per order (typical healthy: 10),,,Range review on visit: check for competitor SKUs on shelf
,,OUT-10509,Warung Mulia Purwokerto 3,Warung,Jawa Tengah,Purwokerto,SR-JTG-08,Eko,0.1818,Medium,1.8280,0.3324,19,Only 1 orders in 90 days (typical healthy: 10),No order for 19 days,Only 6 SKUs per order (typical healthy: 10),Call this week to confirm next order; check shelf stock
,,OUT-10841,Toko Mulia Tangerang 8,Warung,Jabodetabek,Tangerang,SR-JKT-03,Citra,0.0289,Low,11.4800,0.3323,18,No order for 18 days,Only 6 SKUs per order (typical healthy: 10),Only 6 orders in 90 days (typical healthy: 10),Call this week to confirm next order; check shelf stock
,,OUT-11659,Swalayan Maju Jaya 4,Supermarket,Jawa Barat,Cimahi,SR-JBR-01,Sari,0.0002,Low,2116.0520,0.3320,3,,,,"Account review: large account, no single warning sign"
,,OUT-12575,Toko Makmur Semarang,Warung,Jawa Tengah,Semarang,SR-JTG-07,Dewi,0.0122,Low,27.0880,0.3293,20,No order for 20 days,Only 7 SKUs per order (typical healthy: 10),,Call this week to confirm next order; check shelf stock
,,OUT-11361,Warung Mitra Usaha Sidoarjo 3,Warung,Jawa Timur,Sidoarjo,SR-JTM-03,Indra,0.0086,Low,38.0720,0.3287,3,Only 7 SKUs per order (typical healthy: 10),,,Range review on visit: check for competitor SKUs on shelf
,,OUT-11413,Supermarket Segar Jaya Pematangsiantar,Supermarket,Sumatera Utara,Pematangsiantar,SR-SMU-03,Wulan,0.0001,Low,2484.1600,0.3281,1,,,,"Account review: large account, no single warning sign"
,,OUT-10632,Warung Maju Jaya Serdang,Warung,Sumatera Utara,Deli Serdang,SR-SMU-06,Bayu,0.0118,Low,27.6880,0.3262,7,Only 6 SKUs per order (typical healthy: 10),,,Range review on visit: check for competitor SKUs on shelf
,,OUT-12094,Grosir Sejahtera Bogor,Grosir,Jabodetabek,Bogor,SR-JKT-07,Gita,0.0005,Low,709.7680,0.3256,1,,,,"Account review: large account, no single warning sign"
,,OUT-10660,Toko Karya Mandiri Karawang,Warung,Jawa Barat,Karawang,SR-JBR-02,Taufik,0.0129,Low,25.1080,0.3243,3,Only 4 SKUs per order (typical healthy: 10),Pays 9 days late on average,,Range review on visit: check for competitor SKUs on shelf
,,OUT-10524,Mini Market Pelita Semarang 5,Minimarket,Jawa Tengah,Semarang,SR-JTG-05,Budi,0.0016,Low,204.7080,0.3240,1,,,,"Account review: large account, no single warning sign"
,,OUT-10814,Toko Sentosa Semarang,Warung,Jawa Tengah,Semarang,SR-JTG-02,Yudi,0.0129,Low,25.1480,0.3238,7,Only 5 SKUs per order (typical healthy: 10),,,Range review on visit: check for competitor SKUs on shelf
,,OUT-12215,Toko Tunas Baru 7,Warung,Sulawesi Selatan,Gowa,SR-SLS-02,Fitri,0.0799,Low,3.9640,0.3169,25,Only 2 orders in 90 days (typical healthy: 10),No order for 25 days,Only 6 SKUs per order (typical healthy: 10),Call this week to confirm next order; check shelf stock
,,OUT-11652,Warung Harapan Baru 2,Warung,Jabodetabek,Bogor,SR-JKT-05,Eko,0.0115,Low,27.6240,0.3165,4,Only 6 SKUs per order (typical healthy: 10),,,Range review on visit: check for competitor SKUs on shelf
,,OUT-10619,Toko Sentosa 3,Warung,Jabodetabek,Jakarta Barat,SR-JKT-02,Budi,0.0102,Low,31.0960,0.3164,9,Only 6 SKUs per order (typical healthy: 10),No order for 9 days,,Range review on visit: check for competitor SKUs on shelf
,,OUT-11446,Warung Bintang Timur Pekalongan 6,Warung,Jawa Tengah,Pekalongan,SR-JTG-04,Andi,0.0149,Low,21.1560,0.3161,2,Only 5 SKUs per order (typical healthy: 10),Pays 6 days late on average,No rep visit for 51 days,Range review on visit: check for competitor SKUs on shelf
,,OUT-10194,Swalayan Murah Meriah,Supermarket,Sumatera Utara,Deli Serdang,SR-SMU-01,Sari,0.0003,Low,1230.3600,0.3158,1,,,,"Account review: large account, no single warning sign"
,,OUT-11072,Mini Market Lancar Purwokerto,Minimarket,Jawa Tengah,Purwokerto,SR-JTG-04,Andi,0.0030,Low,104.4640,0.3156,3,,,,"Account review: large account, no single warning sign"
,,OUT-11976,Warung Lancar Timur 7,Warung,Jabodetabek,Jakarta Timur,SR-JKT-14,Nanda,0.0117,Low,26.9520,0.3143,26,No order for 26 days,Only 7 SKUs per order (typical healthy: 10),,Call this week to confirm next order; check shelf stock
,,OUT-12040,Warung Anugerah 4,Warung,Jawa Timur,Malang,SR-JTM-06,Lukman,0.0136,Low,22.8360,0.3103,1,Only 4 SKUs per order (typical healthy: 10),Pays 12 days late on average,Only 7 orders in 90 days (typical healthy: 10),Range review on visit: check for competitor SKUs on shelf
,,OUT-12449,Warung Rukun Solo 5,Warung,Jawa Tengah,Solo,SR-JTG-02,Yudi,0.0123,Low,25.2840,0.3102,14,Only 6 SKUs per order (typical healthy: 10),No order for 14 days,Only 7 orders in 90 days (typical healthy: 10),Range review on visit: check for competitor SKUs on shelf
,,OUT-11600,Warung Mekar Sari Depok 8,Warung,Jabodetabek,Depok,SR-JKT-04,Dewi,0.0140,Low,22.1840,0.3097,5,Only 6 SKUs per order (typical healthy: 10),Only 8 orders in 90 days (typical healthy: 10),,Range review on visit: check for competitor SKUs on shelf
,,OUT-11333,Toko Harapan Baru 2,Minimarket,Jawa Tengah,Solo,SR-JTG-09,Fajar,0.0019,Low,161.8240,0.3094,10,,,,"Account review: large account, no single warning sign"
,,OUT-10143,Toko Karya Mandiri Maros,Warung,Sulawesi Selatan,Maros,SR-SLS-05,Rina,0.0501,Low,6.1440,0.3080,9,Only 4 orders in 90 days (typical healthy: 10),Only 6 SKUs per order (typical healthy: 10),Pays 8 days late on average,Call this week to confirm next order; check shelf stock
,,OUT-12216,Toko Bintang Timur Bogor,Warung,Jabodetabek,Bogor,SR-JKT-15,Putri,0.0073,Low,41.9520,0.3060,5,Only 7 SKUs per order (typical healthy: 10),,,Range review on visit: check for competitor SKUs on shelf
,,OUT-12321,Toko Sentosa Tangerang 2,Warung,Jabodetabek,Tangerang,SR-JKT-11,Kartika,0.0168,Low,18.0040,0.3028,16,Only 5 SKUs per order (typical healthy: 10),No order for 16 days,Only 7 orders in 90 days (typical healthy: 10),Range review on visit: check for competitor SKUs on shelf
,,OUT-12342,Toko Setia Kawan Bogor,Warung,Jabodetabek,Bogor,SR-JKT-14,Nanda,0.0166,Low,18.2280,0.3026,1,Only 4 SKUs per order (typical healthy: 10),Only 5 orders in 90 days (typical healthy: 10),No rep visit for 43 days,Range review on visit: check for competitor SKUs on shelf
,,OUT-12452,Toko Makmur Surabaya,Warung,Jawa Timur,Surabaya,SR-JTM-02,Hendra,0.0176,Low,17.1360,0.3015,7,Only 5 SKUs per order (typical healthy: 10),Only 7 orders in 90 days (typical healthy: 10),Jawa Timur: regional churn running high,Range review on visit: check for competitor SKUs on shelf
,,OUT-11311,Mini Market Sejahtera Tasikmalaya 6,Minimarket,Jawa Barat,Tasikmalaya,SR-JBR-10,Irma,0.0034,Low,89.1360,0.3014,0,,,,"Account review: large account, no single warning sign"
,,OUT-10074,Toko Sumber Rezeki,Minimarket,Jabodetabek,Jakarta Timur,SR-JKT-09,Indra,0.0012,Low,255.7120,0.2973,3,,,,"Account review: large account, no single warning sign"
,,OUT-12113,Mini Market Maju Jaya Bogor,Minimarket,Jabodetabek,Bogor,SR-JKT-02,Budi,0.0022,Low,138.0040,0.2972,3,,,,"Account review: large account, no single warning sign"
,,OUT-11078,Toko Sejahtera Purwokerto,Minimarket,Jawa Tengah,Purwokerto,SR-JTG-07,Dewi,0.0018,Low,168.8000,0.2964,2,,,,"Account review: large account, no single warning sign"
,,OUT-11509,Swalayan Sentosa Tangerang,Supermarket,Jabodetabek,Tangerang,SR-JKT-06,Fajar,0.0001,Low,2550.1760,0.2962,0,,,,"Account review: large account, no single warning sign"
,,OUT-11561,Mini Market Sinar Abadi Parepare,Minimarket,Sulawesi Selatan,Parepare,SR-SLS-04,Irma,0.0039,Low,75.8560,0.2961,3,,,,"Account review: large account, no single warning sign"
,,OUT-12444,Warung Karya Mandiri Magelang 1,Warung,Jawa Tengah,Magelang,SR-JTG-08,Eko,0.0070,Low,42.1040,0.2958,11,Only 7 SKUs per order (typical healthy: 10),,,Range review on visit: check for competitor SKUs on shelf
,,OUT-11341,Warung Berkah 3,Warung,Jabodetabek,Tangerang,SR-JKT-01,Andi,0.0123,Low,24.0160,0.2957,8,Only 6 SKUs per order (typical healthy: 10),Only 7 orders in 90 days (typical healthy: 10),No order for 8 days,Range review on visit: check for competitor SKUs on shelf
,,OUT-11730,Supermarket Segar Jaya Cimahi 2,Supermarket,Jawa Barat,Cimahi,SR-JBR-07,Dimas,0.0001,Low,2229.1720,0.2942,1,,,,"Account review: large account, no single warning sign"
,,OUT-12128,Warung Harapan Baru 4,Warung,Jawa Barat,Tasikmalaya,SR-JBR-10,Irma,0.0514,Low,5.7240,0.2942,5,Only 3 orders in 90 days (typical healthy: 10),Only 4 SKUs per order (typical healthy: 10),Pays 7 days late on average,Call this week to confirm next order; check shelf stock
,,OUT-10716,Warung Lancar Timur 3,Warung,Jabodetabek,Jakarta Timur,SR-JKT-07,Gita,0.0101,Low,29.0680,0.2939,5,Only 6 SKUs per order (typical healthy: 10),,,Range review on visit: check for competitor SKUs on shelf
,,OUT-12479,Toko Bintang Timur Cimahi,Warung,Jawa Barat,Cimahi,SR-JBR-05,Agus,0.0252,Low,11.6080,0.2921,19,Only 4 orders in 90 days (typical healthy: 10),No order for 19 days,Only 7 SKUs per order (typical healthy: 10),Call this week to confirm next order; check shelf stock
,,OUT-10978,Toko Bahagia Tasikmalaya,Warung,Jawa Barat,Tasikmalaya,SR-JBR-10,Irma,0.0100,Low,29.2840,0.2919,10,Only 5 SKUs per order (typical healthy: 10),No order for 10 days,,Range review on visit: check for competitor SKUs on shelf
,,OUT-10695,Mini Market Lancar Pematangsiantar 7,Minimarket,Sumatera Utara,Pematangsiantar,SR-SMU-01,Sari,0.0012,Low,249.9280,0.2908,2,,,,"Account review: large account, no single warning sign"
,,OUT-12396,Toko Makmur Makassar,Warung,Sulawesi Selatan,Makassar,SR-SLS-05,Rina,0.0413,Low,7.0000,0.2894,7,Only 3 orders in 90 days (typical healthy: 10),Only 6 SKUs per order (typical healthy: 10),No order for 7 days,Call this week to confirm next order; check shelf stock
,,OUT-11985,Toko Anugerah Purwokerto,Minimarket,Jawa Tengah,Purwokerto,SR-JTG-02,Yudi,0.0015,Low,194.4960,0.2885,3,,,,"Account review: large account, no single warning sign"
,,OUT-10610,Warung Mulia Karawang,Warung,Jawa Barat,Karawang,SR-JBR-10,Irma,0.0145,Low,19.7760,0.2865,6,Only 6 SKUs per order (typical healthy: 10),Only 7 orders in 90 days (typical healthy: 10),No rep visit for 72 days,Range review on visit: check for competitor SKUs on shelf
,,OUT-10538,Warung Mitra Usaha Tangerang 3,Warung,Jabodetabek,Unknown,SR-JKT-09,Indra,0.0062,Low,46.0600,0.2849,7,Only 6 SKUs per order (typical healthy: 10),,,Range review on visit: check for competitor SKUs on shelf
,,OUT-12075,Mini Market Indah Karawang,Minimarket,Jawa Barat,Karawang,SR-JBR-04,Yoga,0.0041,Low,68.1560,0.2813,1,,,,"Account review: large account, no single warning sign"
,,OUT-11944,Toko Anugerah Bekasi 3,Minimarket,Jabodetabek,Bekasi,SR-JKT-05,Eko,0.0016,Low,179.8840,0.2795,0,,,,"Account review: large account, no single warning sign"
,,OUT-12443,Warung Murah Meriah Tangerang 4,Warung,Jabodetabek,Tangerang,SR-JKT-01,Andi,0.0113,Low,24.7080,0.2787,1,Only 4 SKUs per order (typical healthy: 10),Pays 10 days late on average,,Range review on visit: check for competitor SKUs on shelf
,,OUT-11400,Toko Indah Bandung,Warung,Jawa Barat,Bandung,SR-JBR-08,Fitri,0.0505,Low,5.4880,0.2774,5,Only 2 SKUs per order (typical healthy: 10),Only 3 orders in 90 days (typical healthy: 10),Revenue -79% vs prior 90 days,Range review on visit: check for competitor SKUs on shelf
,,OUT-11053,Warung Mitra Usaha Depok,Warung,Jabodetabek,Depok,SR-JKT-07,Gita,0.0465,Low,5.9600,0.2771,1,Only 2 orders in 90 days (typical healthy: 10),Only 6 SKUs per order (typical healthy: 10),Pays 7 days late on average,Call this week to confirm next order; check shelf stock
,,OUT-10877,Grosir Murah Meriah Cirebon 7,Grosir,Jawa Barat,Cirebon,SR-JBR-08,Fitri,0.0004,Low,779.8840,0.2765,0,,,,"Account review: large account, no single warning sign"
,,OUT-12124,Toko Karya Mandiri 2,Minimarket,Jabodetabek,Jakarta Barat,SR-JKT-05,Eko,0.0030,Low,91.3160,0.2756,0,,,,"Account review: large account, no single warning sign"
,,OUT-10347,Warung Sinar Abadi Maros,Warung,Sulawesi Selatan,Maros,SR-SLS-03,Hadi,0.0482,Low,5.6320,0.2717,6,Only 3 orders in 90 days (typical healthy: 10),Only 5 SKUs per order (typical healthy: 10),Pays 7 days late on average,Call this week to confirm next order; check shelf stock
,,OUT-10777,Warung Harapan Baru Magelang,Warung,Jawa Tengah,Magelang,SR-JTG-04,Andi,0.0082,Low,33.1880,0.2713,6,Only 5 SKUs per order (typical healthy: 10),,,Range review on visit: check for competitor SKUs on shelf
,,OUT-11305,Warung Sinar Abadi 4,Warung,Sumatera Utara,Medan,SR-SMU-05,Agus,0.0144,Low,18.8080,0.2712,10,Only 6 SKUs per order (typical healthy: 10),No order for 10 days,Only 7 orders in 90 days (typical healthy: 10),Range review on visit: check for competitor SKUs on shelf
,,OUT-10500,Toko Sumber Rezeki Magelang 1,Warung,Jawa Tengah,Magelang,SR-JTG-02,Yudi,0.0126,Low,21.5520,0.2712,4,Only 5 SKUs per order (typical healthy: 10),,,Range review on visit: check for competitor SKUs on shelf
,,OUT-12104,Warung Lancar Makassar 8,Warung,Sulawesi Selatan,Makassar,SR-SLS-05,Rina,0.0186,Low,14.5320,0.2710,5,Only 5 SKUs per order (typical healthy: 10),Only 7 orders in 90 days (typical healthy: 10),1 complaint(s) in 90 days,Range review on visit: check for competitor SKUs on shelf
,,OUT-12461,Warung Bintang Timur Serdang,Warung,Sumatera Utara,Deli Serdang,SR-SMU-03,Wulan,0.0312,Low,8.6760,0.2705,7,Only 3 SKUs per order (typical healthy: 10),Only 4 orders in 90 days (typical healthy: 10),No order for 7 days,Range review on visit: check for competitor SKUs on shelf
,,OUT-12115,Mini Market Sumber Rezeki Depok 7,Minimarket,Jabodetabek,Depok,SR-JKT-01,Andi,0.0033,Low,80.7600,0.2699,3,,,,"Account review: large account, no single warning sign"
,,OUT-12519,Toko Cahaya Semarang,Warung,Jawa Tengah,Semarang,SR-JTG-05,Budi,0.0092,Low,29.2080,0.2696,10,Only 6 SKUs per order (typical healthy: 10),No order for 10 days,,Range review on visit: check for competitor SKUs on shelf
,,OUT-11630,Warung Rukun Bandung,Warung,Jawa Barat,Bandung,SR-JBR-02,Taufik,0.0074,Low,36.5640,0.2692,4,Only 5 SKUs per order (typical healthy: 10),,,Range review on visit: check for competitor SKUs on shelf
,,OUT-11621,Toko Subur Bekasi,Warung,Jabodetabek,Bekasi,SR-JKT-01,Andi,0.0439,Low,6.1280,0.2691,3,Only 3 orders in 90 days (typical healthy: 10),Only 7 SKUs per order (typical healthy: 10),Pays 9 days late on average,Call this week to confirm next order; check shelf stock
,,OUT-12092,Toko Maju Jaya Medan 3,Warung,Sumatera Utara,Medan,SR-SMU-05,Agus,0.0112,Low,23.8360,0.2666,4,Only 6 SKUs per order (typical healthy: 10),Only 7 orders in 90 days (typical healthy: 10),,Range review on visit: check for competitor SKUs on shelf
,,OUT-11753,Mini Market Damai Pematangsiantar,Minimarket,Sumatera Utara,Pematangsiantar,SR-SMU-04,Yoga,0.0010,Low,278.6800,0.2665,2,,,,"Account review: large account, no single warning sign"
,,OUT-12272,Warung Cahaya 1,Warung,Jawa Tengah,Solo,SR-JTG-05,Budi,0.0102,Low,26.1640,0.2661,2,Only 4 SKUs per order (typical healthy: 10),,,Range review on visit: check for competitor SKUs on shelf
,,OUT-11874,Toko Sejahtera Parepare 8,Warung,Sulawesi Selatan,Parepare,SR-SLS-03,Hadi,0.0126,Low,21.0200,0.2659,4,Only 5 SKUs per order (typical healthy: 10),Only 7 orders in 90 days (typical healthy: 10),,Range review on visit: check for competitor SKUs on shelf
,,OUT-11543,Toko Makmur Cimahi,Warung,Jawa Barat,Cimahi,SR-JBR-02,Taufik,0.0128,Low,20.6040,0.2645,0,Only 3 SKUs per order (typical healthy: 10),Pays 20 days late on average,2 complaint(s) in 90 days,Range review on visit: check for competitor SKUs on shelf
,,OUT-10363,Toko Setia Kawan Depok,Warung,Jabodetabek,Depok,SR-JKT-16,Rizky,0.0120,Low,22.0800,0.2641,20,No order for 20 days,Only 8 SKUs per order (typical healthy: 10),Only 7 orders in 90 days (typical healthy: 10),Call this week to confirm next order; check shelf stock
,,OUT-10190,Toko Sinar Abadi Depok,Warung,Jabodetabek,Depok,SR-JKT-15,Putri,0.0078,Low,33.7120,0.2633,4,Only 6 SKUs per order (typical healthy: 10),,,Range review on visit: check for competitor SKUs on shelf
,,OUT-11355,Toko Mitra Usaha Binjai,Warung,Sumatera Utara,Binjai,SR-SMU-05,Agus,0.0104,Low,25.1240,0.2619,13,No order for 13 days,Only 7 SKUs per order (typical healthy: 10),,Call this week to confirm next order; check shelf stock
,,OUT-10946,Mini Market Makmur Bekasi,Minimarket,Jabodetabek,Bekasi,SR-JKT-02,Budi,0.0014,Low,184.5160,0.2608,2,,,,"Account review: large account, no single warning sign"
,,OUT-12590,Mini Market Maju Jaya Karawang,Minimarket,Jawa Barat,Karawang,SR-JBR-07,Dimas,0.0027,Low,96.8000,0.2594,2,,,,"Account review: large account, no single warning sign"
,,OUT-11155,Toko Sumber Rezeki 2,Minimarket,Jawa Tengah,Pekalongan,SR-JTG-04,Andi,0.0032,Low,81.4520,0.2578,1,,,,"Account review: large account, no single warning sign"
,,OUT-10010,Toko Lancar 2,Warung,Jawa Barat,Bandung,SR-JBR-03,Wulan,0.0048,Low,53.3280,0.2556,6,,,,"Account review: large account, no single warning sign"
,,OUT-11635,Warung Makmur 4,Warung,Sulawesi Selatan,Gowa,SR-SLS-01,Dimas,0.0076,Low,33.5960,0.2545,5,Only 6 SKUs per order (typical healthy: 10),,,Range review on visit: check for competitor SKUs on shelf
,,OUT-11314,Toko Bahagia Tangerang 3,Warung,Jabodetabek,Tangerang,SR-JKT-16,Rizky,0.0053,Low,47.7680,0.2539,9,,,,"Account review: large account, no single warning sign"
,,OUT-10901,Toko Sentosa Karawang,Warung,Jawa Barat,Karawang,SR-JBR-11,Rina,0.0078,Low,32.4640,0.2538,2,Only 4 SKUs per order (typical healthy: 10),,,Range review on visit: check for competitor SKUs on shelf
,,OUT-11945,Toko Mekar Sari Pematangsiantar 3,Warung,Sumatera Utara,Pematangsiantar,SR-SMU-04,Yoga,0.0098,Low,25.8800,0.2535,3,Only 5 SKUs per order (typical healthy: 10),,,Range review on visit: check for competitor SKUs on shelf
,,OUT-11978,Warung Makmur Maros,Warung,Sulawesi Selatan,Maros,SR-SLS-04,Irma,0.0055,Low,45.7400,0.2523,9,Only 6 SKUs per order (typical healthy: 10),,,Range review on visit: check for competitor SKUs on shelf
,,OUT-12457,Toko Mulia Semarang 8,Minimarket,Jawa Tengah,Semarang,SR-JTG-09,Fajar,0.0015,Low,173.9840,0.2523,3,,,,"Account review: large account, no single warning sign"
,,OUT-10568,Warung Sumber Rezeki,Warung,Jabodetabek,Bekasi,SR-JKT-06,Fajar,0.0084,Low,29.7760,0.2510,4,Only 7 SKUs per order (typical healthy: 10),,,Range review on visit: check for competitor SKUs on shelf
,,OUT-11857,Warung Sejahtera Bogor,Warung,Jabodetabek,Bogor,SR-JKT-09,Indra,0.0116,Low,21.4720,0.2498,5,Only 5 SKUs per order (typical healthy: 10),Only 7 orders in 90 days (typical healthy: 10),,Range review on visit: check for competitor SKUs on shelf
,,OUT-11595,Toko Bintang Timur Serdang,Warung,Sumatera Utara,Deli Serdang,SR-SMU-03,Wulan,0.0167,Low,14.9080,0.2487,4,Only 4 SKUs per order (typical healthy: 10),Only 5 orders in 90 days (typical healthy: 10),,Range review on visit: check for competitor SKUs on shelf
,,OUT-11037,Grosir Murah Meriah Bandung,Grosir,Jawa Barat,Bandung,SR-JBR-06,Bayu,0.0004,Low,613.8320,0.2477,0,,,,"Account review: large account, no single warning sign"
,,OUT-12073,Toko Bintang Timur Tangerang,Warung,Jabodetabek,Tangerang,SR-JKT-15,Putri,0.0220,Low,11.2200,0.2465,8,Only 5 orders in 90 days (typical healthy: 10),Only 8 SKUs per order (typical healthy: 10),No order for 8 days,Call this week to confirm next order; check shelf stock
,,OUT-11727,Toko Karya Mandiri Karawang 4,Warung,Jawa Barat,Karawang,SR-JBR-11,Rina,0.0088,Low,27.7600,0.2438,3,Only 4 SKUs per order (typical healthy: 10),,,Range review on visit: check for competitor SKUs on shelf
,,OUT-12237,Warung Mekar Sari Bogor,Warung,Jabodetabek,Bogor,SR-JKT-03,Citra,0.0073,Low,33.2280,0.2432,9,Only 6 SKUs per order (typical healthy: 10),,,Range review on visit: check for competitor SKUs on shelf
,,OUT-12177,Toko Anugerah Cimahi 7,Warung,Jawa Barat,Cimahi,SR-JBR-01,Sari,0.0071,Low,33.5800,0.2390,9,Only 6 SKUs per order (typical healthy: 10),,,Range review on visit: check for competitor SKUs on shelf
,,OUT-10364,Toko Sejahtera Depok,Minimarket,Jabodetabek,Depok,SR-JKT-10,Joko,0.0017,Low,135.9760,0.2376,1,,,,"Account review: large account, no single warning sign"
,,OUT-10730,Warung Sumber Rezeki Purwokerto,Warung,Jawa Tengah,Purwokerto,SR-JTG-05,Budi,0.0083,Low,28.6680,0.2369,7,Only 5 SKUs per order (typical healthy: 10),,,Range review on visit: check for competitor SKUs on shelf
,,OUT-10116,Toko Mulia Binjai,Warung,Sumatera Utara,Binjai,SR-SMU-05,Agus,0.0090,Low,26.2720,0.2368,9,Only 5 SKUs per order (typical healthy: 10),,,Range review on visit: check for competitor SKUs on shelf
,,OUT-12282,Mini Market Bahagia Bogor,Minimarket,Jabodetabek,Bogor,SR-JKT-08,Hendra,0.0017,Low,136.9840,0.2365,0,,,,"Account review: large account, no single warning sign"
,,OUT-12152,Mini Market Mitra Usaha 4,Minimarket,Jabodetabek,Depok,SR-JKT-12,Lukman,0.0008,Low,297.8280,0.2365,2,,,,"Account review: large account, no single warning sign"
,,OUT-12195,Toko Setia Kawan Purwokerto,Warung,Jawa Tengah,Purwokerto,SR-JTG-06,Citra,0.0130,Low,18.0480,0.2355,7,Only 5 SKUs per order (typical healthy: 10),Only 6 orders in 90 days (typical healthy: 10),,Range review on visit: check for competitor SKUs on shelf
,,OUT-12239,Warung Sejahtera 4,Warung,Jawa Barat,Tasikmalaya,SR-JBR-03,Wulan,0.0111,Low,21.1160,0.2354,2,Only 4 SKUs per order (typical healthy: 10),,,Range review on visit: check for competitor SKUs on shelf
,,OUT-10266,Warung Karya Mandiri 6,Warung,Jabodetabek,Jakarta Timur,SR-JKT-02,Budi,0.0047,Low,49.8920,0.2341,4,,,,"Account review: large account, no single warning sign"
,,OUT-10184,Warung Lancar Cirebon,Warung,Jawa Barat,Cirebon,SR-JBR-03,Wulan,0.0132,Low,17.6760,0.2339,5,Only 6 SKUs per order (typical healthy: 10),Only 6 orders in 90 days (typical healthy: 10),,Range review on visit: check for competitor SKUs on shelf
,,OUT-10995,Toko Harapan Baru Maros,Warung,Sulawesi Selatan,Maros,SR-SLS-03,Hadi,0.0129,Low,18.0560,0.2320,0,Only 4 orders in 90 days (typical healthy: 10),Only 5 SKUs per order (typical healthy: 10),No rep visit on record,Call this week to confirm next order; check shelf stock
,,OUT-11353,Supermarket Mulia Cirebon,Supermarket,Jawa Barat,Cirebon,SR-JBR-02,Taufik,0.0002,Low,1124.5000,0.2316,0,,,,"Account review: large account, no single warning sign"
,,OUT-11250,Warung Sentosa Gowa,Warung,Sulawesi Selatan,Gowa,SR-SLS-03,Hadi,0.0189,Low,12.2280,0.2315,5,Only 4 orders in 90 days (typical healthy: 10),Only 5 SKUs per order (typical healthy: 10),Revenue -64% vs prior 90 days,Call this week to confirm next order; check shelf stock
,,OUT-11453,Mini Market Cahaya Pematangsiantar,Minimarket,Sumatera Utara,Pematangsiantar,SR-SMU-05,Agus,0.0033,Low,70.8720,0.2313,0,,,,"Account review: large account, no single warning sign"
,,OUT-11795,Toko Damai Medan,Warung,Sumatera Utara,Medan,SR-SMU-02,Taufik,0.0082,Low,28.1000,0.2307,2,Only 7 SKUs per order (typical healthy: 10),,,Range review on visit: check for competitor SKUs on shelf
,,OUT-10027,Mini Market Sinar Abadi Tasikmalaya,Minimarket,Jawa Barat,Tasikmalaya,SR-JBR-02,Taufik,0.0012,Low,190.0600,0.2286,2,,,,"Account review: large account, no single warning sign"
,,OUT-11676,Toko Karya Mandiri 3,Warung,Sulawesi Selatan,Gowa,SR-SLS-04,Irma,0.0143,Low,15.9160,0.2280,2,Only 4 SKUs per order (typical healthy: 10),Only 7 orders in 90 days (typical healthy: 10),,Range review on visit: check for competitor SKUs on shelf
,,OUT-10092,Toko Damai Kediri,Warung,Jawa Timur,Kediri,SR-JTM-01,Gita,0.0164,Low,13.8760,0.2279,1,Only 4 SKUs per order (typical healthy: 10),Only 4 orders in 90 days (typical healthy: 10),Pays 6 days late on average,Range review on visit: check for competitor SKUs on shelf
,,OUT-12388,Warung Sinar Abadi Barat,Warung,Jabodetabek,Jakarta Barat,SR-JKT-15,Putri,0.0100,Low,22.7760,0.2277,9,Only 4 SKUs per order (typical healthy: 10),No order for 9 days,,Range review on visit: check for competitor SKUs on shelf
,,OUT-12447,Warung Makmur 5,Warung,Jabodetabek,Bekasi,SR-JKT-02,Budi,0.0083,Low,27.3480,0.2275,1,Only 5 SKUs per order (typical healthy: 10),,,Range review on visit: check for competitor SKUs on shelf
,,OUT-10679,Warung Indah Depok 6,Warung,Jabodetabek,Depok,SR-JKT-03,Citra,0.0088,Low,25.7080,0.2265,2,Only 6 SKUs per order (typical healthy: 10),,,Range review on visit: check for competitor SKUs on shelf
,,OUT-10889,Warung Barokah Timur,Warung,Jabodetabek,Jakarta Timur,SR-JKT-04,Dewi,0.0111,Low,20.2920,0.2261,0,Only 5 SKUs per order (typical healthy: 10),No rep visit for 140 days,Only 7 orders in 90 days (typical healthy: 10),Range review on visit: check for competitor SKUs on shelf
,,OUT-10398,Toko Sentosa Tasikmalaya 8,Warung,Jawa Barat,Tasikmalaya,SR-JBR-06,Bayu,0.0144,Low,15.7280,0.2259,12,Only 5 orders in 90 days (typical healthy: 10),Only 7 SKUs per order (typical healthy: 10),No order for 12 days,Call this week to confirm next order; check shelf stock
,,OUT-11007,Toko Harapan Baru Parepare 8,Warung,Sulawesi Selatan,Parepare,SR-SLS-04,Irma,0.0077,Low,29.2120,0.2252,4,Only 4 SKUs per order (typical healthy: 10),,,Range review on visit: check for competitor SKUs on shelf
,,OUT-12337,Toko Barokah Binjai 1,Warung,Sumatera Utara,Binjai,SR-SMU-05,Agus,0.0078,Low,28.0200,0.2182,5,Only 6 SKUs per order (typical healthy: 10),,,Range review on visit: check for competitor SKUs on shelf
,,OUT-11383,Mini Market Indah Purwokerto,Minimarket,Jawa Tengah,Purwokerto,SR-JTG-08,Eko,0.0020,Low,107.1240,0.2181,0,,,,"Account review: large account, no single warning sign"
,,OUT-11197,Mini Market Mulia Tangerang,Minimarket,Jabodetabek,Tangerang,SR-JKT-02,Budi,0.0009,Low,254.4440,0.2177,3,,,,"Account review: large account, no single warning sign"
,,OUT-11434,Toko Anugerah Depok 7,Minimarket,Jabodetabek,Depok,SR-JKT-05,Eko,0.0015,Low,147.3760,0.2154,3,,,,"Account review: large account, no single warning sign"
,,OUT-10132,Warung Bintang Timur,Warung,Sulawesi Selatan,Makassar,SR-SLS-01,Dimas,0.0075,Low,28.6520,0.2150,1,Only 6 SKUs per order (typical healthy: 10),,,Range review on visit: check for competitor SKUs on shelf
,,OUT-12147,Mini Market Subur Depok,Minimarket,Jabodetabek,Depok,SR-JKT-08,Hendra,0.0017,Low,127.5320,0.2146,0,,,,"Account review: large account, no single warning sign"
,,OUT-10579,Warung Damai Pematangsiantar,Warung,Sumatera Utara,Pematangsiantar,SR-SMU-04,Yoga,0.0059,Low,36.0160,0.2141,11,,,,"Account review: large account, no single warning sign"
,,OUT-10596,Toko Harapan Baru Timur,Warung,Jabodetabek,Jakarta Timur,SR-JKT-14,Nanda,0.0070,Low,30.6200,0.2136,9,Only 6 SKUs per order (typical healthy: 10),,,Range review on visit: check for competitor SKUs on shelf
,,OUT-12169,Warung Barokah Karawang 8,Warung,Jawa Barat,Karawang,SR-JBR-01,Sari,0.0146,Low,14.6160,0.2131,1,Only 4 SKUs per order (typical healthy: 10),Only 6 orders in 90 days (typical healthy: 10),,Range review on visit: check for competitor SKUs on shelf
,,OUT-10261,Toko Barokah 7,Warung,Jabodetabek,Tangerang,SR-JKT-16,Rizky,0.0074,Low,28.6520,0.2126,4,Only 7 SKUs per order (typical healthy: 10),,,Range review on visit: check for competitor SKUs on shelf
,,OUT-11567,Toko Lancar Tangerang,Warung,Jabodetabek,Tangerang,SR-JKT-09,Indra,0.0062,Low,34.4640,0.2121,13,Only 6 SKUs per order (typical healthy: 10),,,Range review on visit: check for competitor SKUs on shelf
,,OUT-12314,Swalayan Maju Jaya Timur,Supermarket,Jabodetabek,Jakarta Timur,SR-JKT-10,Joko,0.0001,Low,2196.3760,0.2117,0,,,,"Account review: large account, no single warning sign"
,,OUT-12355,Warung Maju Jaya 6,Warung,Jawa Barat,Tasikmalaya,SR-JBR-03,Wulan,0.0104,Low,20.2640,0.2111,10,Only 8 SKUs per order (typical healthy: 10),No order for 10 days,,Range review on visit: check for competitor SKUs on shelf
,,OUT-12091,Mini Market Damai Cirebon 2,Minimarket,Jawa Barat,Cirebon,SR-JBR-01,Sari,0.0017,Low,126.5600,0.2098,3,,,,"Account review: large account, no single warning sign"
,,OUT-12293,Mini Market Karya Mandiri Purwokerto,Minimarket,Jawa Tengah,Purwokerto,SR-JTG-05,Budi,0.0008,Low,262.9360,0.2093,1,,,,"Account review: large account, no single warning sign"
,,OUT-10005,Toko Lancar,Warung,Jabodetabek,Bogor,SR-JKT-05,Eko,0.0411,Low,5.0760,0.2088,64,No order for 64 days,Only 2 orders in 90 days (typical healthy: 10),Only 8 SKUs per order (typical healthy: 10),Call this week to confirm next order; check shelf stock
,,OUT-11705,Toko Subur Semarang,Warung,Jawa Tengah,Semarang,SR-JTG-01,Teguh,0.0088,Low,23.3000,0.2059,2,Only 4 SKUs per order (typical healthy: 10),,,Range review on visit: check for competitor SKUs on shelf
,,OUT-11343,Warung Bahagia Magelang 5,Warung,Jawa Tengah,Magelang,SR-JTG-02,Yudi,0.0076,Low,27.1240,0.2057,7,,,,"Account review: large account, no single warning sign"
,,OUT-10382,Toko Sumber Rezeki 1,Warung,Sulawesi Selatan,Maros,SR-SLS-05,Rina,0.0084,Low,24.3240,0.2041,3,Only 6 SKUs per order (typical healthy: 10),,,Range review on visit: check for competitor SKUs on shelf
,,OUT-10720,Warung Murah Meriah Makassar 8,Warung,Sulawesi Selatan,Makassar,SR-SLS-03,Hadi,0.0123,Low,16.5400,0.2037,4,Only 6 SKUs per order (typical healthy: 10),Only 6 orders in 90 days (typical healthy: 10),,Range review on visit: check for competitor SKUs on shelf
,,OUT-10729,Toko Subur Karawang,Minimarket,Jawa Barat,Karawang,SR-JBR-01,Sari,0.0012,Low,165.8840,0.2036,4,,,,"Account review: large account, no single warning sign"
,,OUT-12520,Mini Market Makmur Depok,Minimarket,Jabodetabek,Depok,SR-JKT-03,Citra,0.0008,Low,243.8760,0.2033,0,,,,"Account review: large account, no single warning sign"
,,OUT-10611,Toko Mulia Magelang,Warung,Jawa Tengah,Magelang,SR-JTG-05,Budi,0.0039,Low,51.3680,0.2026,8,,,,"Account review: large account, no single warning sign"
,,OUT-11916,Warung Mitra Usaha Barat 4,Warung,Jabodetabek,Jakarta Barat,SR-JKT-05,Eko,0.0065,Low,31.2080,0.2023,20,No order for 20 days,,,Call this week to confirm next order; check shelf stock
,,OUT-11937,Toko Bintang Timur Purwokerto,Minimarket,Jawa Tengah,Purwokerto,SR-JTG-06,Citra,0.0010,Low,202.5480,0.2023,0,,,,"Account review: large account, no single warning sign"
,,OUT-11192,Warung Sentosa 3,Warung,Jawa Barat,Unknown,SR-JBR-06,Bayu,0.0058,Low,34.8080,0.2017,17,No order for 17 days,,,Call this week to confirm next order; check shelf stock
,,OUT-10279,Mini Market Subur,Minimarket,Sumatera Utara,Medan,SR-SMU-04,Yoga,0.0020,Low,98.6520,0.2009,0,,,,"Account review: large account, no single warning sign"
,,OUT-10285,Toko Segar Jaya Pekalongan,Minimarket,Jawa Tengah,Pekalongan,SR-JTG-05,Budi,0.0019,Low,107.6160,0.2007,1,,,,"Account review: large account, no single warning sign"
,,OUT-10119,Toko Sinar Abadi Cirebon,Warung,Jawa Barat,Cirebon,SR-JBR-11,Rina,0.0065,Low,30.6880,0.2004,5,Only 4 SKUs per order (typical healthy: 10),,,Range review on visit: check for competitor SKUs on shelf
,,OUT-12368,Warung Barokah Tasikmalaya,Warung,Jawa Barat,Tasikmalaya,SR-JBR-07,Dimas,0.0095,Low,21.0640,0.1998,1,Only 6 SKUs per order (typical healthy: 10),Only 7 orders in 90 days (typical healthy: 10),,Range review on visit: check for competitor SKUs on shelf
,,OUT-12120,Toko Rukun Timur,Warung,Jabodetabek,Jakarta Timur,SR-JKT-01,Andi,0.0053,Low,37.3920,0.1983,1,,,,"Account review: large account, no single warning sign"
,,OUT-12066,Toko Damai Parepare,Warung,Sulawesi Selatan,Parepare,SR-SLS-03,Hadi,0.0152,Low,12.7520,0.1936,0,Only 4 SKUs per order (typical healthy: 10),Only 5 orders in 90 days (typical healthy: 10),Pays 6 days late on average,Range review on visit: check for competitor SKUs on shelf
,,OUT-12251,Warung Mitra Usaha Solo,Warung,Jawa Tengah,Solo,SR-JTG-06,Citra,0.0068,Low,28.3400,0.1931,13,Only 6 SKUs per order (typical healthy: 10),No order for 13 days,,Range review on visit: check for competitor SKUs on shelf
,,OUT-10428,Toko Grosir Indah Medan,Grosir,Sumatera Utara,Medan,SR-SMU-03,Wulan,0.0002,Low,924.1680,0.1903,1,,,,"Account review: large account, no single warning sign"
,,OUT-12099,Toko Karya Mandiri 8,Minimarket,Jabodetabek,Jakarta Timur,SR-JKT-16,Rizky,0.0009,Low,209.6760,0.1878,0,,,,"Account review: large account, no single warning sign"
,,OUT-10463,Toko Rukun Makassar,Warung,Sulawesi Selatan,Makassar,SR-SLS-04,Irma,0.0082,Low,22.8040,0.1874,0,Only 5 SKUs per order (typical healthy: 10),Pays 12 days late on average,,Range review on visit: check for competitor SKUs on shelf
,,OUT-12277,Warung Sumber Rezeki Magelang,Warung,Jawa Tengah,Magelang,SR-JTG-02,Yudi,0.0745,Low,2.5000,0.1862,9,Only 2 orders in 90 days (typical healthy: 10),Only 4 SKUs per order (typical healthy: 10),No order for 9 days,Call this week to confirm next order; check shelf stock
,,OUT-11476,Toko Barokah Solo,Warung,Jawa Tengah,Solo,SR-JTG-03,Lestari,0.0159,Low,11.6520,0.1848,1,Only 6 SKUs per order (typical healthy: 10),Only 5 orders in 90 days (typical healthy: 10),No rep visit for 125 days,Range review on visit: check for competitor SKUs on shelf
,,OUT-10654,Mini Market Lancar Timur,Minimarket,Jabodetabek,Jakarta Timur,SR-JKT-09,Indra,0.0013,Low,144.5760,0.1843,2,,,,"Account review: large account, no single warning sign"
,,OUT-11412,Toko Karya Mandiri 6,Warung,Sulawesi Selatan,Parepare,SR-SLS-05,Rina,0.0135,Low,13.6160,0.1841,3,Only 5 orders in 90 days (typical healthy: 10),Only 6 SKUs per order (typical healthy: 10),,Call this week to confirm next order; check shelf stock
,,OUT-11449,Toko Cahaya Solo,Warung,Jawa Tengah,Solo,SR-JTG-08,Eko,0.0134,Low,13.6960,0.1835,2,Only 5 SKUs per order (typical healthy: 10),Only 6 orders in 90 days (typical healthy: 10),,Range review on visit: check for competitor SKUs on shelf
,,OUT-10688,Warung Pelita Maros,Warung,Sulawesi Selatan,Maros,SR-SLS-05,Rina,0.0056,Low,32.3840,0.1820,3,,,,"Account review: large account, no single warning sign"
,,OUT-12254,Toko Rukun Purwokerto 5,Warung,Jawa Tengah,Purwokerto,SR-JTG-01,Teguh,0.0164,Low,11.1160,0.1818,11,Only 6 SKUs per order (typical healthy: 10),Only 5 orders in 90 days (typical healthy: 10),No order for 11 days,Range review on visit: check for competitor SKUs on shelf
,,OUT-10520,Warung Anugerah Medan,Warung,Sumatera Utara,Medan,SR-SMU-01,Sari,0.0038,Low,47.3560,0.1801,2,,,,"Account review: large account, no single warning sign"
,,OUT-12065,Mini Market Mulia Karawang,Minimarket,Jawa Barat,Karawang,SR-JBR-06,Bayu,0.0009,Low,206.3800,0.1800,3,,,,"Account review: large account, no single warning sign"
,,OUT-12566,Grosir Pelita 6,Grosir,Jawa Barat,Karawang,SR-JBR-10,Irma,0.0002,Low,1099.6640,0.1794,0,,,,"Account review: large account, no single warning sign"
,,OUT-11742,Toko Berkah Bogor,Warung,Jabodetabek,Bogor,SR-JKT-12,Lukman,0.0205,Low,8.6800,0.1780,3,Only 4 orders in 90 days (typical healthy: 10),Only 6 SKUs per order (typical healthy: 10),Pays 6 days late on average,Call this week to confirm next order; check shelf stock
,,OUT-12009,Warung Segar Jaya Timur,Warung,Jabodetabek,Jakarta Timur,SR-JKT-01,Andi,0.0100,Low,17.8520,0.1779,6,Only 6 SKUs per order (typical healthy: 10),Only 6 orders in 90 days (typical healthy: 10),,Range review on visit: check for competitor SKUs on shelf
,,OUT-11504,Warung Mulia Cirebon,Warung,Jawa Barat,Cirebon,SR-JBR-03,Wulan,0.0100,Low,17.6280,0.1765,4,Only 6 SKUs per order (typical healthy: 10),Only 7 orders in 90 days (typical healthy: 10),,Range review on visit: check for competitor SKUs on shelf
,,OUT-11047,Toko Damai Depok,Warung,Jabodetabek,Depok,SR-JKT-16,Rizky,0.0046,Low,38.1440,0.1757,2,,,,"Account review: large account, no single warning sign"
,,OUT-12557,Warung Segar Jaya Bekasi 4,Warung,Jabodetabek,Bekasi,SR-JKT-03,Citra,0.0160,Low,10.9560,0.1750,0,Only 4 SKUs per order (typical healthy: 10),Only 5 orders in 90 days (typical healthy: 10),Pays 9 days late on average,Range review on visit: check for competitor SKUs on shelf
,,OUT-11018,Toko Maju Jaya Medan 4,Warung,Sumatera Utara,Medan,SR-SMU-05,Agus,0.0081,Low,21.4840,0.1748,5,Only 5 SKUs per order (typical healthy: 10),,,Range review on visit: check for competitor SKUs on shelf
,,OUT-11145,Toko Bahagia Karawang 5,Warung,Jawa Barat,Karawang,SR-JBR-03,Wulan,0.0051,Low,34.3480,0.1746,19,No order for 19 days,,,Call this week to confirm next order; check shelf stock
,,OUT-11788,Warung Murah Meriah Kediri,Warung,Jawa Timur,Kediri,SR-JTM-05,Kartika,0.0074,Low,23.4560,0.1744,5,Only 7 SKUs per order (typical healthy: 10),,,Range review on visit: check for competitor SKUs on shelf
,,OUT-12154,Toko Harapan Baru Sidoarjo 1,Minimarket,Jawa Timur,Sidoarjo,SR-JTM-02,Hendra,0.0008,Low,207.5920,0.1724,0,,,,"Account review: large account, no single warning sign"
,,OUT-10706,Toko Bahagia 2,Warung,Jawa Tengah,Solo,SR-JTG-09,Fajar,0.0072,Low,24.0600,0.1721,4,Only 7 SKUs per order (typical healthy: 10),,,Range review on visit: check for competitor SKUs on shelf
,,OUT-11153,Toko Cahaya Depok,Minimarket,Jabodetabek,Depok,SR-JKT-07,Gita,0.0010,Low,178.1760,0.1697,0,,,,"Account review: large account, no single warning sign"
,,OUT-10104,Grosir Indah Makassar 3,Grosir,Sulawesi Selatan,Makassar,SR-SLS-05,Rina,0.0001,Low,1437.0160,0.1696,0,,,,"Account review: large account, no single warning sign"
,,OUT-12503,Warung Bintang Timur Makassar,Warung,Sulawesi Selatan,Makassar,SR-SLS-05,Rina,0.0067,Low,25.4720,0.1696,13,No order for 13 days,Only 7 SKUs per order (typical healthy: 10),,Call this week to confirm next order; check shelf stock
,,OUT-11501,Toko Sentosa Gresik,Warung,Jawa Timur,Gresik,SR-JTM-06,Lukman,0.0142,Low,11.9080,0.1687,0,Only 4 SKUs per order (typical healthy: 10),Only 5 orders in 90 days (typical healthy: 10),Pays 11 days late on average,Range review on visit: check for competitor SKUs on shelf
,,OUT-11441,Toko Makmur Tangerang,Minimarket,Jabodetabek,Tangerang,SR-JKT-06,Fajar,0.0007,Low,257.7640,0.1683,3,,,,"Account review: large account, no single warning sign"
,,OUT-10404,Grosir Harapan Baru Timur,Grosir,Jabodetabek,Jakarta Timur,SR-JKT-10,Joko,0.0002,Low,1104.6480,0.1665,0,,,,"Account review: large account, no single warning sign"
,,OUT-12550,Warung Rukun 3,Warung,Jawa Barat,Bandung,SR-JBR-01,Sari,0.0100,Low,16.6320,0.1662,3,Only 5 SKUs per order (typical healthy: 10),,,Range review on visit: check for competitor SKUs on shelf
,,OUT-11826,Toko Tunas Baru Timur,Warung,Jabodetabek,Jakarta Timur,SR-JKT-12,Lukman,0.0117,Low,14.1080,0.1657,1,Only 6 SKUs per order (typical healthy: 10),Only 6 orders in 90 days (typical healthy: 10),Pays 7 days late on average,Range review on visit: check for competitor SKUs on shelf
,,OUT-11238,Warung Rukun Cimahi,Warung,Jawa Barat,Cimahi,SR-JBR-09,Hadi,0.0055,Low,29.5360,0.1637,0,,,,"Account review: large account, no single warning sign"
,,OUT-11422,Warung Harapan Baru 5,Warung,Jawa Tengah,Purwokerto,SR-JTG-06,Citra,0.0052,Low,31.5960,0.1634,2,,,,"Account review: large account, no single warning sign"
,,OUT-12123,Toko Karya Mandiri Bekasi,Warung,Jabodetabek,Bekasi,SR-JKT-12,Lukman,0.0067,Low,24.1920,0.1616,2,Only 5 SKUs per order (typical healthy: 10),,,Range review on visit: check for competitor SKUs on shelf
,,OUT-12372,Warung Rukun 5,Warung,Jawa Barat,Karawang,SR-JBR-02,Taufik,0.0036,Low,44.3720,0.1615,2,,,,"Account review: large account, no single warning sign"
,,OUT-11473,Toko Mitra Usaha 7,Warung,Jabodetabek,Jakarta Barat,SR-JKT-08,Hendra,0.0039,Low,41.5280,0.1602,1,,,,"Account review: large account, no single warning sign"
,,OUT-10774,Toko Segar Jaya Pematangsiantar,Warung,Sumatera Utara,Pematangsiantar,SR-SMU-06,Bayu,0.0047,Low,33.7080,0.1600,2,Only 5 SKUs per order (typical healthy: 10),,,Range review on visit: check for competitor SKUs on shelf
,,OUT-10176,Warung Karya Mandiri Tangerang 5,Warung,Jabodetabek,Tangerang,SR-JKT-02,Budi,0.0048,Low,33.1000,0.1599,3,,,,"Account review: large account, no single warning sign"
,,OUT-12126,Warung Mitra Usaha Bandung 1,Warung,Jawa Barat,Bandung,SR-JBR-01,Sari,0.0038,Low,41.4440,0.1595,10,,,,"Account review: large account, no single warning sign"
,,OUT-11861,Toko Maju Jaya Semarang 7,Warung,Jawa Tengah,Semarang,SR-JTG-07,Dewi,0.0060,Low,26.2640,0.1587,5,Only 5 SKUs per order (typical healthy: 10),,,Range review on visit: check for competitor SKUs on shelf
,,OUT-11523,Supermarket Mulia,Supermarket,Sumatera Utara,Medan,SR-SMU-06,Bayu,0.0001,Low,2731.3160,0.1586,0,,,,"Account review: large account, no single warning sign"
,,OUT-11553,Warung Segar Jaya Tasikmalaya 8,Warung,Jawa Barat,Tasikmalaya,SR-JBR-06,Bayu,0.0063,Low,25.1920,0.1581,4,Only 5 SKUs per order (typical healthy: 10),,,Range review on visit: check for competitor SKUs on shelf
,,OUT-11109,Toko Barokah Makassar,Warung,Sulawesi Selatan,Makassar,SR-SLS-03,Hadi,0.0041,Low,38.4280,0.1580,1,,,,"Account review: large account, no single warning sign"
,,OUT-11770,Warung Murah Meriah 1,Warung,Sumatera Utara,Medan,SR-SMU-02,Taufik,0.0035,Low,45.3200,0.1571,4,,,,"Account review: large account, no single warning sign"
,,OUT-10379,Toko Grosir Bintang Timur Cimahi,Grosir,Jawa Barat,Cimahi,SR-JBR-04,Yoga,0.0002,Low,941.5120,0.1550,2,,,,"Account review: large account, no single warning sign"
,,OUT-11207,Toko Damai Pekalongan,Minimarket,Jawa Tengah,Pekalongan,SR-JTG-02,Yudi,0.0008,Low,204.5880,0.1547,0,,,,"Account review: large account, no single warning sign"
,,OUT-12358,Toko Segar Jaya Solo,Warung,Jawa Tengah,Solo,SR-JTG-03,Lestari,0.0025,Low,60.6120,0.1544,7,,,,"Account review: large account, no single warning sign"
,,OUT-10864,Toko Murah Meriah Semarang,Warung,Jawa Tengah,Semarang,SR-JTG-04,Andi,0.0055,Low,27.9840,0.1542,1,,,,"Account review: large account, no single warning sign"
,,OUT-11605,UD Pelita Tangerang 2,Grosir,Jabodetabek,Tangerang,SR-JKT-16,Rizky,0.0002,Low,993.3000,0.1523,1,,,,"Account review: large account, no single warning sign"
,,OUT-11375,Toko Sinar Abadi Gowa,Warung,Sulawesi Selatan,Gowa,SR-SLS-03,Hadi,0.0124,Low,12.3040,0.1523,0,Only 4 SKUs per order (typical healthy: 10),Only 5 orders in 90 days (typical healthy: 10),,Range review on visit: check for competitor SKUs on shelf
,,OUT-11830,Warung Bintang Timur Magelang 3,Warung,Jawa Tengah,Magelang,SR-JTG-04,Andi,0.0066,Low,23.0160,0.1510,9,Only 6 SKUs per order (typical healthy: 10),,,Range review on visit: check for competitor SKUs on shelf
,,OUT-12049,Warung Bahagia Tangerang 2,Warung,Jabodetabek,Tangerang,SR-JKT-16,Rizky,0.0033,Low,45.6880,0.1506,12,,,,"Account review: large account, no single warning sign"
,,OUT-11141,Toko Subur Karawang 1,Warung,Jawa Barat,Karawang,SR-JBR-01,Sari,0.0028,Low,53.5480,0.1483,1,,,,"Account review: large account, no single warning sign"
,,OUT-11774,Warung Bintang Timur Binjai 1,Warung,Sumatera Utara,Binjai,SR-SMU-06,Bayu,0.0070,Low,21.0680,0.1481,3,Only 5 SKUs per order (typical healthy: 10),,,Range review on visit: check for competitor SKUs on shelf
,,OUT-10762,Warung Sinar Abadi Depok,Warung,Jabodetabek,Depok,SR-JKT-12,Lukman,0.0053,Low,27.4200,0.1456,2,Only 5 SKUs per order (typical healthy: 10),,,Range review on visit: check for competitor SKUs on shelf
,,OUT-12303,Warung Berkah Pekalongan,Warung,Jawa Tengah,Pekalongan,SR-JTG-05,Budi,0.0035,Low,41.2160,0.1455,2,,,,"Account review: large account, no single warning sign"
,,OUT-11066,Toko Tunas Baru Maros,Warung,Sulawesi Selatan,Maros,SR-SLS-04,Irma,0.0079,Low,18.4640,0.1454,8,Only 7 SKUs per order (typical healthy: 10),,,Range review on visit: check for competitor SKUs on shelf
,,OUT-10969,UD Sentosa Purwokerto,Grosir,Jawa Tengah,Purwokerto,SR-JTG-05,Budi,0.0002,Low,615.4520,0.1450,0,,,,"Account review: large account, no single warning sign"
,,OUT-12315,Toko Karya Mandiri Cirebon 1,Warung,Jawa Barat,Unknown,SR-JBR-03,Wulan,0.0038,Low,38.4280,0.1447,5,,,,"Account review: large account, no single warning sign"
,,OUT-11457,Warung Anugerah Tangerang,Warung,Jabodetabek,Tangerang,SR-JKT-07,Gita,0.0143,Low,10.0920,0.1446,3,Only 4 orders in 90 days (typical healthy: 10),Only 7 SKUs per order (typical healthy: 10),,Call this week to confirm next order; check shelf stock
,,OUT-10305,Warung Karya Mandiri Pematangsiantar,Warung,Sumatera Utara,Pematangsiantar,SR-SMU-03,Wulan,0.0062,Low,23.4200,0.1440,0,Only 4 SKUs per order (typical healthy: 10),,,Range review on visit: check for competitor SKUs on shelf
,,OUT-11710,Mini Market Rukun Bandung,Minimarket,Jawa Barat,Bandung,SR-JBR-04,Yoga,0.0005,Low,275.0520,0.1440,0,,,,"Account review: large account, no single warning sign"
,,OUT-11415,Mini Market Mulia Barat 4,Minimarket,Jabodetabek,Jakarta Barat,SR-JKT-09,Indra,0.0008,Low,189.5840,0.1437,0,,,,"Account review: large account, no single warning sign"
,,OUT-12543,Toko Bahagia Bandung,Warung,Jawa Barat,Bandung,SR-JBR-03,Wulan,0.0073,Low,19.5760,0.1428,2,Only 5 SKUs per order (typical healthy: 10),,,Range review on visit: check for competitor SKUs on shelf
,,OUT-10247,Toko Mulia 4,Warung,Jawa Tengah,Solo,SR-JTG-06,Citra,0.0371,Low,3.7920,0.1406,2,Only 1 orders in 90 days (typical healthy: 10),Only 7 SKUs per order (typical healthy: 10),No rep visit for 64 days,Call this week to confirm next order; check shelf stock
,,OUT-11300,Toko Barokah Tasikmalaya 4,Warung,Jawa Barat,Tasikmalaya,SR-JBR-06,Bayu,0.0047,Low,29.2400,0.1385,2,,,,"Account review: large account, no single warning sign"
,,OUT-12353,Warung Damai Bekasi 2,Warung,Jabodetabek,Bekasi,SR-JKT-16,Rizky,0.0078,Low,17.7840,0.1379,0,Only 4 SKUs per order (typical healthy: 10),,,Range review on visit: check for competitor SKUs on shelf
,,OUT-11065,Warung Sinar Abadi Bandung,Warung,Jawa Barat,Bandung,SR-JBR-05,Agus,0.0132,Low,10.2840,0.1361,4,Only 4 orders in 90 days (typical healthy: 10),Only 7 SKUs per order (typical healthy: 10),,Call this week to confirm next order; check shelf stock
,,OUT-10657,Toko Harapan Baru Medan,Warung,Sumatera Utara,Medan,SR-SMU-01,Sari,0.0067,Low,20.1880,0.1358,1,Only 6 SKUs per order (typical healthy: 10),,,Range review on visit: check for competitor SKUs on shelf
,,OUT-10113,Toko Murah Meriah Karawang 8,Warung,Jawa Barat,Karawang,SR-JBR-11,Rina,0.0042,Low,31.8000,0.1351,1,,,,"Account review: large account, no single warning sign"
,,OUT-11550,Warung Mulia Bogor,Warung,Jabodetabek,Bogor,SR-JKT-10,Joko,0.0169,Low,7.9560,0.1346,0,Only 4 SKUs per order (typical healthy: 10),Only 4 orders in 90 days (typical healthy: 10),Pays 6 days late on average,Range review on visit: check for competitor SKUs on shelf
,,OUT-11963,Warung Rukun Purwokerto,Warung,Jawa Tengah,Purwokerto,SR-JTG-07,Dewi,0.0063,Low,21.3880,0.1344,1,Only 5 SKUs per order (typical healthy: 10),,,Range review on visit: check for competitor SKUs on shelf
,,OUT-10424,Mini Market Karya Mandiri Depok,Minimarket,Jabodetabek,Depok,SR-JKT-16,Rizky,0.0007,Low,191.8760,0.1340,1,,,,"Account review: large account, no single warning sign"
,,OUT-11636,Toko Berkah Karawang,Warung,Jawa Barat,Karawang,SR-JBR-02,Taufik,0.0080,Low,16.4640,0.1323,0,Only 4 SKUs per order (typical healthy: 10),Only 6 orders in 90 days (typical healthy: 10),,Range review on visit: check for competitor SKUs on shelf
,,OUT-11342,Toko Pelita Kediri,Warung,Jawa Timur,Kediri,SR-JTM-01,Gita,0.0039,Low,33.4880,0.1322,0,,,,"Account review: large account, no single warning sign"
,,OUT-11150,Toko Sentosa Medan,Warung,Sumatera Utara,Medan,SR-SMU-04,Yoga,0.0030,Low,43.1480,0.1311,4,,,,"Account review: large account, no single warning sign"
,,OUT-10847,Toko Makmur Bandung,Minimarket,Jawa Barat,Bandung,SR-JBR-05,Agus,0.0013,Low,103.2000,0.1307,1,,,,"Account review: large account, no single warning sign"
,,OUT-10181,Toko Bahagia Pematangsiantar 6,Warung,Sumatera Utara,Pematangsiantar,SR-SMU-03,Wulan,0.0034,Low,38.3600,0.1287,0,,,,"Account review: large account, no single warning sign"
,,OUT-10109,Warung Damai Bekasi,Warung,Jabodetabek,Bekasi,SR-JKT-06,Fajar,0.0041,Low,31.3840,0.1286,1,,,,"Account review: large account, no single warning sign"
,,OUT-11491,Warung Segar Jaya 3,Warung,Jabodetabek,Bekasi,SR-JKT-08,Hendra,0.0038,Low,33.2640,0.1262,0,,,,"Account review: large account, no single warning sign"
,,OUT-11562,Toko Segar Jaya Magelang,Warung,Jawa Tengah,Magelang,SR-JTG-05,Budi,0.0059,Low,21.1920,0.1260,0,Only 5 SKUs per order (typical healthy: 10),,,Range review on visit: check for competitor SKUs on shelf
,,OUT-12141,Warung Sinar Abadi Serdang 5,Warung,Sumatera Utara,Deli Serdang,SR-SMU-01,Sari,0.0050,Low,25.0400,0.1256,0,Only 5 SKUs per order (typical healthy: 10),,,Range review on visit: check for competitor SKUs on shelf
,,OUT-11188,Toko Anugerah Makassar,Warung,Sulawesi Selatan,Makassar,SR-SLS-01,Dimas,0.0046,Low,26.9560,0.1247,1,,,,"Account review: large account, no single warning sign"
,,OUT-11998,Warung Harapan Baru Cirebon,Warung,Jawa Barat,Cirebon,SR-JBR-11,Rina,0.0053,Low,23.2600,0.1244,6,,,,"Account review: large account, no single warning sign"
,,OUT-11948,Toko Makmur Gowa,Warung,Sulawesi Selatan,Gowa,SR-SLS-04,Irma,0.0025,Low,49.9120,0.1237,4,,,,"Account review: large account, no single warning sign"
,,OUT-12311,Warung Murah Meriah Parepare,Warung,Sulawesi Selatan,Parepare,SR-SLS-03,Hadi,0.0039,Low,31.4920,0.1236,3,,,,"Account review: large account, no single warning sign"
,,OUT-12117,Warung Murah Meriah Bogor,Warung,Jabodetabek,Bogor,SR-JKT-09,Indra,0.0053,Low,23.0600,0.1233,1,,,,"Account review: large account, no single warning sign"
,,OUT-10682,Toko Harapan Baru Bogor,Warung,Jabodetabek,Bogor,SR-JKT-11,Kartika,0.0052,Low,23.5080,0.1228,4,,,,"Account review: large account, no single warning sign"
,,OUT-10098,Toko Barokah Barat,Warung,Jabodetabek,Jakarta Barat,SR-JKT-01,Andi,0.0049,Low,24.8400,0.1227,0,,,,"Account review: large account, no single warning sign"
,,OUT-10557,Warung Setia Kawan Cirebon 1,Warung,Jawa Barat,Cirebon,SR-JBR-08,Fitri,0.0035,Low,34.1000,0.1193,0,,,,"Account review: large account, no single warning sign"
,,OUT-10063,Warung Mitra Usaha,Warung,Jawa Tengah,Semarang,SR-JTG-03,Lestari,0.0074,Low,16.1680,0.1189,3,Only 7 SKUs per order (typical healthy: 10),Only 6 orders in 90 days (typical healthy: 10),,Range review on visit: check for competitor SKUs on shelf
,,OUT-12249,Toko Sumber Rezeki Tasikmalaya,Warung,Jawa Barat,Tasikmalaya,SR-JBR-04,Yoga,0.0045,Low,26.2640,0.1180,0,Only 4 SKUs per order (typical healthy: 10),,,Range review on visit: check for competitor SKUs on shelf
,,OUT-11551,Warung Anugerah Depok 3,Warung,Jabodetabek,Depok,SR-JKT-03,Citra,0.0077,Low,15.3480,0.1176,1,Only 6 SKUs per order (typical healthy: 10),Only 6 orders in 90 days (typical healthy: 10),,Range review on visit: check for competitor SKUs on shelf
,,OUT-10972,Warung Cahaya Barat,Warung,Jabodetabek,Jakarta Barat,SR-JKT-05,Eko,0.0043,Low,26.8360,0.1167,2,,,,"Account review: large account, no single warning sign"
,,OUT-10332,Toko Mitra Usaha Bogor 7,Warung,Jabodetabek,Bogor,SR-JKT-15,Putri,0.0075,Low,15.4560,0.1167,3,Only 6 SKUs per order (typical healthy: 10),,,Range review on visit: check for competitor SKUs on shelf
,,OUT-10390,Toko Segar Jaya Binjai,Minimarket,Sumatera Utara,Binjai,SR-SMU-05,Agus,0.0006,Low,185.8680,0.1165,0,,,,"Account review: large account, no single warning sign"
,,OUT-12583,Warung Mitra Usaha Tangerang 7,Warung,Jabodetabek,Tangerang,SR-JKT-05,Eko,0.0043,Low,26.6160,0.1156,2,,,,"Account review: large account, no single warning sign"
,,OUT-10017,Toko Bahagia,Warung,Jawa Tengah,Semarang,SR-JTG-04,Andi,0.0031,Low,36.0920,0.1124,1,,,,"Account review: large account, no single warning sign"
,,OUT-12554,Warung Sinar Abadi Parepare,Warung,Sulawesi Selatan,Parepare,SR-SLS-04,Irma,0.0040,Low,28.1480,0.1122,1,,,,"Account review: large account, no single warning sign"
,,OUT-10951,Grosir Lancar Pekalongan 5,Grosir,Jawa Tengah,Pekalongan,SR-JTG-02,Yudi,0.0001,Low,856.9720,0.1100,0,,,,"Account review: large account, no single warning sign"
,,OUT-11506,Toko Lancar 8,Warung,Jawa Tengah,Magelang,SR-JTG-04,Andi,0.0030,Low,36.9920,0.1098,3,,,,"Account review: large account, no single warning sign"
,,OUT-11616,Warung Sumber Rezeki Bogor,Warung,Jabodetabek,Unknown,SR-JKT-01,Andi,0.0048,Low,22.6760,0.1080,8,,,,"Account review: large account, no single warning sign"
,,OUT-10560,Warung Makmur Purwokerto,Warung,Jawa Tengah,Purwokerto,SR-JTG-05,Budi,0.0029,Low,37.3320,0.1070,11,,,,"Account review: large account, no single warning sign"
,,OUT-11965,Toko Makmur Sidoarjo 7,Warung,Jawa Timur,Sidoarjo,SR-JTM-02,Hendra,0.0044,Low,23.8800,0.1059,1,,,,"Account review: large account, no single warning sign"
,,OUT-11490,Toko Segar Jaya Semarang,Warung,Jawa Tengah,Semarang,SR-JTG-08,Eko,0.0034,Low,31.2960,0.1053,2,,,,"Account review: large account, no single warning sign"
,,OUT-12217,Toko Sejahtera 8,Warung,Jabodetabek,Jakarta Barat,SR-JKT-06,Fajar,0.0074,Low,14.0600,0.1043,0,Only 6 SKUs per order (typical healthy: 10),Only 5 orders in 90 days (typical healthy: 10),,Range review on visit: check for competitor SKUs on shelf
,,OUT-11165,Toko Rukun 6,Warung,Jabodetabek,Jakarta Timur,SR-JKT-07,Gita,0.0035,Low,29.7320,0.1039,0,,,,"Account review: large account, no single warning sign"
,,OUT-11654,Mini Market Mitra Usaha Barat,Minimarket,Jabodetabek,Jakarta Barat,SR-JKT-07,Gita,0.0005,Low,205.5240,0.1035,0,,,,"Account review: large account, no single warning sign"
,,OUT-11128,Toko Segar Jaya Gresik 6,Warung,Jawa Timur,Gresik,SR-JTM-07,Maya,0.0311,Low,3.3160,0.1032,3,Only 1 orders in 90 days (typical healthy: 10),2 complaint(s) in 90 days,Jawa Timur: regional churn running high,Call this week to confirm next order; check shelf stock
,,OUT-11321,Warung Maju Jaya Magelang 4,Warung,Jawa Tengah,Magelang,SR-JTG-04,Andi,0.0089,Low,11.3560,0.1008,1,Only 4 orders in 90 days (typical healthy: 10),Only 6 SKUs per order (typical healthy: 10),,Call this week to confirm next order; check shelf stock
,,OUT-10464,Swalayan Setia Kawan Cirebon,Supermarket,Jawa Barat,Cirebon,SR-JBR-09,Hadi,0.0000,Low,2143.8800,0.1003,0,,,,"Account review: large account, no single warning sign"
,,OUT-10839,Toko Murah Meriah 3,Warung,Jawa Barat,Karawang,SR-JBR-10,Irma,0.0038,Low,25.6440,0.0968,3,,,,"Account review: large account, no single warning sign"
,,OUT-10974,Mini Market Lancar Medan,Minimarket,Sumatera Utara,Medan,SR-SMU-04,Yoga,0.0005,Low,203.3560,0.0963,0,,,,"Account review: large account, no single warning sign"
,,OUT-10319,Toko Segar Jaya Cimahi 2,Warung,Jawa Barat,Cimahi,SR-JBR-05,Agus,0.0078,Low,12.0640,0.0942,1,Only 6 SKUs per order (typical healthy: 10),Only 6 orders in 90 days (typical healthy: 10),,Range review on visit: check for competitor SKUs on shelf
,,OUT-12417,Mini Market Subur Bekasi,Minimarket,Jabodetabek,Bekasi,SR-JKT-01,Andi,0.0007,Low,134.1280,0.0942,0,,,,"Account review: large account, no single warning sign"
,,OUT-11038,Warung Sumber Rezeki Bandung 6,Warung,Jawa Barat,Bandung,SR-JBR-06,Bayu,0.0033,Low,28.0920,0.0936,0,,,,"Account review: large account, no single warning sign"
,,OUT-11133,Toko Mitra Usaha Bogor,Minimarket,Jabodetabek,Bogor,SR-JKT-13,Maya,0.0003,Low,305.7560,0.0932,0,,,,"Account review: large account, no single warning sign"
,,OUT-10760,Mini Market Karya Mandiri,Minimarket,Jawa Barat,Tasikmalaya,SR-JBR-07,Dimas,0.0004,Low,245.9440,0.0914,1,,,,"Account review: large account, no single warning sign"
,,OUT-10465,Toko Lancar Purwokerto 6,Warung,Jawa Tengah,Purwokerto,SR-JTG-07,Dewi,0.0019,Low,46.9560,0.0914,1,,,,"Account review: large account, no single warning sign"
,,OUT-11338,Toko Barokah 8,Minimarket,Jawa Tengah,Semarang,SR-JTG-02,Yudi,0.0004,Low,225.9440,0.0896,0,,,,"Account review: large account, no single warning sign"
,,OUT-10750,Toko Segar Jaya 5,Warung,Sumatera Utara,Binjai,SR-SMU-03,Wulan,0.0052,Low,17.1840,0.0885,0,Only 5 SKUs per order (typical healthy: 10),,,Range review on visit: check for competitor SKUs on shelf
,,OUT-11482,Warung Mulia Depok,Warung,Jabodetabek,Depok,SR-JKT-10,Joko,0.0026,Low,34.4600,0.0885,7,,,,"Account review: large account, no single warning sign"
,,OUT-10486,Toko Rukun Karawang,Warung,Jawa Barat,Karawang,SR-JBR-03,Wulan,0.0029,Low,29.6400,0.0862,2,,,,"Account review: large account, no single warning sign"
,,OUT-10281,Toko Anugerah,Warung,Jabodetabek,Bogor,SR-JKT-14,Nanda,0.0030,Low,28.9480,0.0860,1,,,,"Account review: large account, no single warning sign"
,,OUT-10670,Toko Sejahtera Karawang 6,Warung,Jawa Barat,Karawang,SR-JBR-05,Agus,0.0030,Low,28.4640,0.0850,0,,,,"Account review: large account, no single warning sign"
,,OUT-11096,Toko Harapan Baru 7,Warung,Jawa Barat,Karawang,SR-JBR-02,Taufik,0.0079,Low,10.6160,0.0839,2,Only 4 orders in 90 days (typical healthy: 10),Only 5 SKUs per order (typical healthy: 10),,Call this week to confirm next order; check shelf stock
,,OUT-12340,Warung Makmur Depok,Warung,Jabodetabek,Depok,SR-JKT-02,Budi,0.0015,Low,56.1160,0.0832,0,,,,"Account review: large account, no single warning sign"
,,OUT-11915,Warung Mekar Sari Tangerang 8,Warung,Jabodetabek,Tangerang,SR-JKT-15,Putri,0.0018,Low,45.8240,0.0832,1,,,,"Account review: large account, no single warning sign"
,,OUT-10517,Warung Mitra Usaha Cirebon,Warung,Jawa Barat,Cirebon,SR-JBR-11,Rina,0.0105,Low,7.9480,0.0831,1,Only 4 orders in 90 days (typical healthy: 10),Only 6 SKUs per order (typical healthy: 10),,Call this week to confirm next order; check shelf stock
,,OUT-11124,Warung Segar Jaya Bogor,Warung,Jabodetabek,Bogor,SR-JKT-12,Lukman,0.0018,Low,45.8080,0.0824,0,,,,"Account review: large account, no single warning sign"
,,OUT-10429,Mini Market Mekar Sari,Minimarket,Jabodetabek,Depok,SR-JKT-08,Hendra,0.0003,Low,252.5320,0.0823,0,,,,"Account review: large account, no single warning sign"
,,OUT-10843,Warung Karya Mandiri Solo,Warung,Jawa Tengah,Solo,SR-JTG-09,Fajar,0.0107,Low,7.6520,0.0822,0,Only 4 SKUs per order (typical healthy: 10),Only 4 orders in 90 days (typical healthy: 10),,Range review on visit: check for competitor SKUs on shelf
,,OUT-10252,Toko Makmur Medan 5,Warung,Sumatera Utara,Medan,SR-SMU-03,Wulan,0.0021,Low,38.9200,0.0814,0,,,,"Account review: large account, no single warning sign"
,,OUT-10210,Toko Rukun Semarang,Warung,Jawa Tengah,Semarang,SR-JTG-04,Andi,0.0028,Low,28.5040,0.0807,5,,,,"Account review: large account, no single warning sign"
,,OUT-11541,Warung Pelita 7,Warung,Sumatera Utara,Binjai,SR-SMU-03,Wulan,0.0034,Low,23.8920,0.0806,0,,,,"Account review: large account, no single warning sign"
,,OUT-12399,Toko Murah Meriah 5,Warung,Jabodetabek,Tangerang,SR-JKT-02,Budi,0.0066,Low,12.1920,0.0804,1,Only 3 SKUs per order (typical healthy: 10),,,Range review on visit: check for competitor SKUs on shelf
,,OUT-10438,Warung Indah,Warung,Jawa Tengah,Semarang,SR-JTG-09,Fajar,0.0036,Low,21.8040,0.0786,0,,,,"Account review: large account, no single warning sign"
,,OUT-11587,Toko Harapan Baru Cirebon,Warung,Jawa Barat,Cirebon,SR-JBR-02,Taufik,0.0116,Low,6.7640,0.0785,2,Only 3 orders in 90 days (typical healthy: 10),Only 7 SKUs per order (typical healthy: 10),Pays 7 days late on average,Call this week to confirm next order; check shelf stock
,,OUT-10647,Toko Mitra Usaha Bekasi,Warung,Jabodetabek,Bekasi,SR-JKT-09,Indra,0.0029,Low,27.0760,0.0783,5,,,,"Account review: large account, no single warning sign"
,,OUT-10980,Warung Indah Bogor,Warung,Jabodetabek,Bogor,SR-JKT-07,Gita,0.0036,Low,21.1440,0.0754,1,,,,"Account review: large account, no single warning sign"
,,OUT-10634,Toko Mitra Usaha Bandung,Warung,Jawa Barat,Bandung,SR-JBR-03,Wulan,0.0031,Low,24.0560,0.0735,5,,,,"Account review: large account, no single warning sign"
,,OUT-12507,Warung Bahagia Gowa,Warung,Sulawesi Selatan,Gowa,SR-SLS-01,Dimas,0.0022,Low,33.0320,0.0733,2,,,,"Account review: large account, no single warning sign"
,,OUT-12025,Toko Anugerah Cimahi,Warung,Jawa Barat,Cimahi,SR-JBR-11,Rina,0.0047,Low,15.6560,0.0732,3,,,,"Account review: large account, no single warning sign"
,,OUT-12070,Toko Sentosa Solo,Warung,Jawa Tengah,Solo,SR-JTG-05,Budi,0.0065,Low,11.2840,0.0730,1,Only 3 SKUs per order (typical healthy: 10),,,Range review on visit: check for competitor SKUs on shelf
,,OUT-11385,Toko Subur Gowa,Warung,Sulawesi Selatan,Gowa,SR-SLS-01,Dimas,0.0015,Low,48.3360,0.0728,1,,,,"Account review: large account, no single warning sign"
,,OUT-10822,Toko Indah Semarang,Warung,Jawa Tengah,Semarang,SR-JTG-06,Citra,0.0029,Low,25.0280,0.0720,2,,,,"Account review: large account, no single warning sign"
,,OUT-10471,Warung Mitra Usaha Cimahi,Warung,Jawa Barat,Cimahi,SR-JBR-05,Agus,0.0036,Low,20.2360,0.0719,2,,,,"Account review: large account, no single warning sign"
,,OUT-12559,Mini Market Lancar Cirebon 7,Minimarket,Jawa Barat,Cirebon,SR-JBR-11,Rina,0.0003,Low,283.6760,0.0718,1,,,,"Account review: large account, no single warning sign"
,,OUT-11320,Warung Bahagia 7,Warung,Sumatera Utara,Binjai,SR-SMU-03,Wulan,0.0070,Low,9.9920,0.0701,0,Only 4 SKUs per order (typical healthy: 10),Only 4 orders in 90 days (typical healthy: 10),,Range review on visit: check for competitor SKUs on shelf
,,OUT-10522,Toko Indah Tasikmalaya 2,Warung,Jawa Barat,Tasikmalaya,SR-JBR-04,Yoga,0.0015,Low,46.8920,0.0688,2,,,,"Account review: large account, no single warning sign"
,,OUT-11520,Mini Market Mulia Timur,Minimarket,Jabodetabek,Jakarta Timur,SR-JKT-01,Andi,0.0004,Low,166.7000,0.0671,0,,,,"Account review: large account, no single warning sign"
,,OUT-11589,Warung Tunas Baru Karawang,Warung,Jawa Barat,Karawang,SR-JBR-10,Irma,0.0029,Low,23.2680,0.0669,2,,,,"Account review: large account, no single warning sign"
,,OUT-11448,Toko Makmur Solo,Warung,Jawa Tengah,Solo,SR-JTG-06,Citra,0.0011,Low,58.9000,0.0666,3,,,,"Account review: large account, no single warning sign"
,,OUT-10448,Mini Market Bahagia 5,Minimarket,Jawa Tengah,Semarang,SR-JTG-02,Yudi,0.0003,Low,221.7720,0.0663,0,,,,"Account review: large account, no single warning sign"
,,OUT-10322,Warung Subur Pekalongan,Warung,Jawa Tengah,Pekalongan,SR-JTG-09,Fajar,0.0025,Low,26.5080,0.0655,2,,,,"Account review: large account, no single warning sign"
,,OUT-10507,Toko Lancar 3,Warung,Jawa Barat,Karawang,SR-JBR-06,Bayu,0.0019,Low,33.8920,0.0635,2,,,,"Account review: large account, no single warning sign"
,,OUT-12130,Toko Makmur Bekasi,Warung,Jabodetabek,Bekasi,SR-JKT-08,Hendra,0.0016,Low,38.5320,0.0616,1,,,,"Account review: large account, no single warning sign"
,,OUT-10337,Warung Sentosa Barat,Warung,Jabodetabek,Unknown,SR-JKT-09,Indra,0.0022,Low,28.1560,0.0612,0,,,,"Account review: large account, no single warning sign"
,,OUT-11218,Warung Anugerah 1,Warung,Jawa Tengah,Semarang,SR-JTG-05,Budi,0.0019,Low,32.6680,0.0605,1,,,,"Account review: large account, no single warning sign"
,,OUT-11467,Warung Murah Meriah Cirebon 8,Warung,Jawa Barat,Cirebon,SR-JBR-06,Bayu,0.0041,Low,14.7960,0.0604,1,,,,"Account review: large account, no single warning sign"
,,OUT-10615,Toko Mekar Sari Cirebon,Warung,Jawa Barat,Cirebon,SR-JBR-08,Fitri,0.0019,Low,32.2360,0.0601,4,,,,"Account review: large account, no single warning sign"
,,OUT-10040,Warung Berkah,Warung,Jawa Timur,Surabaya,SR-JTM-10,Rizky,0.0018,Low,32.8080,0.0599,0,,,,"Account review: large account, no single warning sign"
,,OUT-11632,Warung Pelita Medan 3,Warung,Sumatera Utara,Unknown,SR-SMU-04,Yoga,0.0027,Low,21.7040,0.0594,1,,,,"Account review: large account, no single warning sign"
,,OUT-10964,Warung Sentosa Bekasi 7,Warung,Jabodetabek,Bekasi,SR-JKT-05,Eko,0.0012,Low,51.5280,0.0593,1,,,,"Account review: large account, no single warning sign"
,,OUT-12287,Warung Rukun Binjai,Warung,Sumatera Utara,Binjai,SR-SMU-02,Taufik,0.0046,Low,12.7440,0.0588,0,,,,"Account review: large account, no single warning sign"
,,OUT-10103,Warung Subur Tangerang,Warung,Jabodetabek,Tangerang,SR-JKT-01,Andi,0.0042,Low,13.9120,0.0583,0,,,,"Account review: large account, no single warning sign"
,,OUT-11778,Warung Karya Mandiri Cimahi,Warung,Jawa Barat,Cimahi,SR-JBR-01,Sari,0.0057,Low,10.2520,0.0582,1,Only 5 SKUs per order (typical healthy: 10),Only 5 orders in 90 days (typical healthy: 10),,Range review on visit: check for competitor SKUs on shelf
,,OUT-11099,Warung Mekar Sari Medan,Warung,Sumatera Utara,Medan,SR-SMU-02,Taufik,0.0048,Low,12.1120,0.0577,0,,,,"Account review: large account, no single warning sign"
,,OUT-12373,Toko Makmur Cirebon,Warung,Jawa Barat,Cirebon,SR-JBR-06,Bayu,0.0007,Low,77.2160,0.0577,4,,,,"Account review: large account, no single warning sign"
,,OUT-12097,Warung Subur Bekasi,Warung,Jabodetabek,Bekasi,SR-JKT-04,Dewi,0.0017,Low,31.3560,0.0545,0,,,,"Account review: large account, no single warning sign"
,,OUT-10553,Toko Lancar Bogor 3,Warung,Jabodetabek,Bogor,SR-JKT-14,Nanda,0.0054,Low,9.4240,0.0508,1,Only 4 orders in 90 days (typical healthy: 10),,,Call this week to confirm next order; check shelf stock
,,OUT-12048,Toko Anugerah Semarang 8,Warung,Jawa Tengah,Semarang,SR-JTG-07,Dewi,0.0008,Low,58.2120,0.0484,0,,,,"Account review: large account, no single warning sign"
,,OUT-11787,Warung Indah Bandung,Warung,Jawa Barat,Bandung,SR-JBR-01,Sari,0.0013,Low,36.6440,0.0483,2,,,,"Account review: large account, no single warning sign"
,,OUT-11829,Toko Sinar Abadi Maros 8,Warung,Sulawesi Selatan,Maros,SR-SLS-02,Fitri,0.0018,Low,25.9920,0.0471,0,,,,"Account review: large account, no single warning sign"
,,OUT-12434,Mini Market Berkah Cirebon 5,Minimarket,Jawa Barat,Cirebon,SR-JBR-05,Agus,0.0002,Low,239.4160,0.0457,0,,,,"Account review: large account, no single warning sign"
,,OUT-10036,Toko Sejahtera Barat,Warung,Jabodetabek,Jakarta Barat,SR-JKT-16,Rizky,0.0009,Low,51.0040,0.0454,1,,,,"Account review: large account, no single warning sign"
,,OUT-11660,Warung Setia Kawan Timur,Warung,Jabodetabek,Jakarta Timur,SR-JKT-09,Indra,0.0021,Low,21.4560,0.0449,1,,,,"Account review: large account, no single warning sign"
,,OUT-10515,Toko Bintang Timur Bandung,Minimarket,Jawa Barat,Bandung,SR-JBR-04,Yoga,0.0003,Low,149.1120,0.0443,0,,,,"Account review: large account, no single warning sign"
,,OUT-10953,Warung Anugerah Tangerang 3,Warung,Jabodetabek,Tangerang,SR-JKT-11,Kartika,0.0010,Low,41.5520,0.0431,0,,,,"Account review: large account, no single warning sign"
,,OUT-10582,Warung Mulia Solo 2,Warung,Jawa Tengah,Solo,SR-JTG-03,Lestari,0.0013,Low,32.7680,0.0413,0,,,,"Account review: large account, no single warning sign"
,,OUT-10608,Warung Bintang Timur 7,Warung,Jabodetabek,Tangerang,SR-JKT-11,Kartika,0.0011,Low,37.5120,0.0412,0,,,,"Account review: large account, no single warning sign"
,,OUT-10248,Warung Indah 5,Warung,Jawa Barat,Bandung,SR-JBR-02,Taufik,0.0011,Low,37.0960,0.0393,1,,,,"Account review: large account, no single warning sign"
,,OUT-12390,Warung Mekar Sari 4,Warung,Jabodetabek,Tangerang,SR-JKT-15,Putri,0.0295,Low,1.1680,0.0345,10,Only 1 orders in 90 days (typical healthy: 10),Only 7 SKUs per order (typical healthy: 10),No order for 10 days,Call this week to confirm next order; check shelf stock
,,OUT-10876,Warung Mekar Sari Pematangsiantar,Warung,Sumatera Utara,Pematangsiantar,SR-SMU-03,Wulan,0.0007,Low,50.8880,0.0337,1,,,,"Account review: large account, no single warning sign"
,,OUT-11233,Warung Maju Jaya Timur,Warung,Jabodetabek,Jakarta Timur,SR-JKT-04,Dewi,0.0006,Low,52.1960,0.0336,1,,,,"Account review: large account, no single warning sign"
,,OUT-12238,Toko Lancar Cirebon 6,Warung,Jawa Barat,Cirebon,SR-JBR-04,Yoga,0.0015,Low,22.6720,0.0333,0,,,,"Account review: large account, no single warning sign"
,,OUT-11546,Warung Pelita Cirebon 4,Warung,Jawa Barat,Cirebon,SR-JBR-08,Fitri,0.0012,Low,23.4320,0.0285,0,,,,"Account review: large account, no single warning sign"
,,OUT-12246,Warung Damai Bogor,Warung,Jabodetabek,Bogor,SR-JKT-11,Kartika,0.0023,Low,12.0080,0.0281,4,,,,"Account review: large account, no single warning sign"
,,OUT-10732,Toko Maju Jaya Timur,Warung,Jabodetabek,Jakarta Timur,SR-JKT-10,Joko,0.0008,Low,34.4600,0.0276,0,,,,"Account review: large account, no single warning sign"
,,OUT-12552,Warung Bahagia Semarang 3,Warung,Jawa Tengah,Semarang,SR-JTG-01,Teguh,0.0006,Low,46.8960,0.0263,0,,,,"Account review: large account, no single warning sign"
,,OUT-12242,Warung Anugerah Timur,Warung,Jabodetabek,Jakarta Timur,SR-JKT-12,Lukman,0.0005,Low,57.3280,0.0262,0,,,,"Account review: large account, no single warning sign"
,,OUT-11906,Toko Lancar Cimahi,Warung,Jawa Barat,Unknown,SR-JBR-10,Irma,0.0005,Low,33.5080,0.0181,0,,,,"Account review: large account, no single warning sign"
,,OUT-11069,Toko Bintang Timur 2,Warung,Jabodetabek,Depok,SR-JKT-01,Andi,0.0007,Low,20.0280,0.0149,0,,,,"Account review: large account, no single warning sign"
,,OUT-10533,Warung Makmur Bandung,Warung,Jawa Barat,Bandung,SR-JBR-02,Taufik,0.0002,Low,63.2640,0.0128,0,,,,"Account review: large account, no single warning sign"
,,OUT-10927,Toko Murah Meriah Barat,Warung,Jabodetabek,Jakarta Barat,SR-JKT-07,Gita,0.0008,Low,13.8200,0.0114,1,,,,"Account review: large account, no single warning sign"
